review_volume,precision_among_reviewed,fraud_dollars_captured,fraud_loss_remaining,fp_intervention_cost,review_cost,total_system_cost,review_effectiveness,policy_label,base_policy,info_set,deployable,is_oracle_reference,condition,e_true,e_hat,r_true,r_hat,abstention_rate,overlap_with_d1_oracle,spearman_vs_oracle_benefit,capacity_utilization,seed,capacity
2000,0.5115,90728.78,560995.49,42531.54,50000.0,653527.03,0.8,B_topk_probability,B_topk_probability,probability_only,True,False,ORACLE,0.8,0.8,25.0,25.0,,0.233806,1.0,1.0,1042,2000
2000,0.3005,181679.49,470044.78,60546.85,50000.0,580591.63,0.8,C_oracle,C_expected_exposure,probability_plus_true_exposure,False,True,ORACLE,0.8,0.8,25.0,25.0,,0.72043,0.370762,1.0,1042,2000
2000,0.3005,181679.49,470044.78,60546.85,50000.0,580591.63,0.8,C_est,C_expected_exposure,probability_plus_estimated_exposure,True,False,ORACLE,0.8,0.8,25.0,25.0,,0.72043,0.370762,1.0,1042,2000
2000,0.338,175351.75,476372.52,49754.84,50000.0,576127.37,0.8,D1_oracle,D1_cost_aware_topk,full_true_decision_economics,False,True,ORACLE,0.8,0.8,25.0,25.0,,1.0,1.0,1.0,1042,2000
1553,0.349,156523.27,495201.0,38606.08,38825.0,572632.07,0.8,D2_oracle,D2_cost_aware_abstention,full_true_decision_economics_plus_abstention,False,True,ORACLE,0.8,0.8,25.0,25.0,0.98447,0.7765,1.0,0.7765,1042,2000
2000,0.338,175351.75,476372.52,49754.84,50000.0,576127.37,0.8,D1_est,D1_cost_aware_topk,full_estimated_decision_economics,True,False,ORACLE,0.8,0.8,25.0,25.0,,1.0,1.0,1.0,1042,2000
1553,0.349,156523.27,495201.0,38606.08,38825.0,572632.07,0.8,D2_est,D2_cost_aware_abstention,full_estimated_decision_economics_plus_abstention,True,False,ORACLE,0.8,0.8,25.0,25.0,0.98447,0.7765,1.0,0.7765,1042,2000
2000,0.5115,90728.78,560995.49,42531.54,50000.0,653527.03,0.8,B_topk_probability,B_topk_probability,probability_only,True,False,VALUE_NOISE_LOW,0.8,0.8,25.0,25.0,,0.233806,1.0,1.0,1042,2000
2000,0.3005,181679.49,470044.78,60546.85,50000.0,580591.63,0.8,C_oracle,C_expected_exposure,probability_plus_true_exposure,False,True,VALUE_NOISE_LOW,0.8,0.8,25.0,25.0,,0.72043,0.370762,1.0,1042,2000
2000,0.296,179220.14,472504.13,61158.57,50000.0,583662.71,0.8,C_est,C_expected_exposure,probability_plus_estimated_exposure,True,False,VALUE_NOISE_LOW,0.8,0.8,25.0,25.0,,0.670844,0.368559,1.0,1042,2000
2000,0.338,175351.75,476372.52,49754.84,50000.0,576127.37,0.8,D1_oracle,D1_cost_aware_topk,full_true_decision_economics,False,True,VALUE_NOISE_LOW,0.8,0.8,25.0,25.0,,1.0,1.0,1.0,1042,2000
1553,0.349,156523.27,495201.0,38606.08,38825.0,572632.07,0.8,D2_oracle,D2_cost_aware_abstention,full_true_decision_economics_plus_abstention,False,True,VALUE_NOISE_LOW,0.8,0.8,25.0,25.0,0.98447,0.7765,1.0,0.7765,1042,2000
2000,0.334,175627.02,476097.25,50177.9,50000.0,576275.15,0.8,D1_est,D1_cost_aware_topk,full_estimated_decision_economics,True,False,VALUE_NOISE_LOW,0.8,0.8,25.0,25.0,,0.812415,0.998371,1.0,1042,2000
1571,0.3456,158356.58,493367.69,39519.15,39275.0,572161.84,0.8,D2_est,D2_cost_aware_abstention,full_estimated_decision_economics_plus_abstention,True,False,VALUE_NOISE_LOW,0.8,0.8,25.0,25.0,0.98429,0.741102,0.998371,0.7855,1042,2000
2000,0.5115,90728.78,560995.49,42531.54,50000.0,653527.03,0.8,B_topk_probability,B_topk_probability,probability_only,True,False,VALUE_NOISE_HIGH,0.8,0.8,25.0,25.0,,0.233806,1.0,1.0,1042,2000
2000,0.3005,181679.49,470044.78,60546.85,50000.0,580591.63,0.8,C_oracle,C_expected_exposure,probability_plus_true_exposure,False,True,VALUE_NOISE_HIGH,0.8,0.8,25.0,25.0,,0.72043,0.370762,1.0,1042,2000
2000,0.2855,166249.19,485475.08,61587.87,50000.0,597062.95,0.8,C_est,C_expected_exposure,probability_plus_estimated_exposure,True,False,VALUE_NOISE_HIGH,0.8,0.8,25.0,25.0,,0.541426,0.359504,1.0,1042,2000
2000,0.338,175351.75,476372.52,49754.84,50000.0,576127.37,0.8,D1_oracle,D1_cost_aware_topk,full_true_decision_economics,False,True,VALUE_NOISE_HIGH,0.8,0.8,25.0,25.0,,1.0,1.0,1.0,1042,2000
1553,0.349,156523.27,495201.0,38606.08,38825.0,572632.07,0.8,D2_oracle,D2_cost_aware_abstention,full_true_decision_economics_plus_abstention,False,True,VALUE_NOISE_HIGH,0.8,0.8,25.0,25.0,0.98447,0.7765,1.0,0.7765,1042,2000
2000,0.318,165167.02,486557.25,51735.69,50000.0,588292.94,0.8,D1_est,D1_cost_aware_topk,full_estimated_decision_economics,True,False,VALUE_NOISE_HIGH,0.8,0.8,25.0,25.0,,0.610306,0.991329,1.0,1042,2000
1600,0.3256,150603.7,501120.57,41052.98,40000.0,582173.55,0.8,D2_est,D2_cost_aware_abstention,full_estimated_decision_economics_plus_abstention,True,False,VALUE_NOISE_HIGH,0.8,0.8,25.0,25.0,0.984,0.588703,0.991329,0.8,1042,2000
2000,0.5115,90728.78,560995.49,42531.54,50000.0,653527.03,0.8,B_topk_probability,B_topk_probability,probability_only,True,False,FP_COST_NOISE_LOW,0.8,0.8,25.0,25.0,,0.233806,1.0,1.0,1042,2000
2000,0.3005,181679.49,470044.78,60546.85,50000.0,580591.63,0.8,C_oracle,C_expected_exposure,probability_plus_true_exposure,False,True,FP_COST_NOISE_LOW,0.8,0.8,25.0,25.0,,0.72043,0.370762,1.0,1042,2000
2000,0.3005,181679.49,470044.78,60546.85,50000.0,580591.63,0.8,C_est,C_expected_exposure,probability_plus_estimated_exposure,True,False,FP_COST_NOISE_LOW,0.8,0.8,25.0,25.0,,0.72043,0.370762,1.0,1042,2000
2000,0.338,175351.75,476372.52,49754.84,50000.0,576127.37,0.8,D1_oracle,D1_cost_aware_topk,full_true_decision_economics,False,True,FP_COST_NOISE_LOW,0.8,0.8,25.0,25.0,,1.0,1.0,1.0,1042,2000
1553,0.349,156523.27,495201.0,38606.08,38825.0,572632.07,0.8,D2_oracle,D2_cost_aware_abstention,full_true_decision_economics_plus_abstention,False,True,FP_COST_NOISE_LOW,0.8,0.8,25.0,25.0,0.98447,0.7765,1.0,0.7765,1042,2000
2000,0.34,176585.56,475138.72,49689.05,50000.0,574827.77,0.8,D1_est,D1_cost_aware_topk,full_estimated_decision_economics,True,False,FP_COST_NOISE_LOW,0.8,0.8,25.0,25.0,,0.880583,0.912704,1.0,1042,2000
1587,0.3453,155914.99,495809.29,39628.72,39675.0,575113.01,0.8,D2_est,D2_cost_aware_abstention,full_estimated_decision_economics_plus_abstention,True,False,FP_COST_NOISE_LOW,0.8,0.8,25.0,25.0,0.98413,0.78369,0.912704,0.7935,1042,2000
2000,0.5115,90728.78,560995.49,42531.54,50000.0,653527.03,0.8,B_topk_probability,B_topk_probability,probability_only,True,False,FP_COST_NOISE_HIGH,0.8,0.8,25.0,25.0,,0.233806,1.0,1.0,1042,2000
2000,0.3005,181679.49,470044.78,60546.85,50000.0,580591.63,0.8,C_oracle,C_expected_exposure,probability_plus_true_exposure,False,True,FP_COST_NOISE_HIGH,0.8,0.8,25.0,25.0,,0.72043,0.370762,1.0,1042,2000
2000,0.3005,181679.49,470044.78,60546.85,50000.0,580591.63,0.8,C_est,C_expected_exposure,probability_plus_estimated_exposure,True,False,FP_COST_NOISE_HIGH,0.8,0.8,25.0,25.0,,0.72043,0.370762,1.0,1042,2000
2000,0.338,175351.75,476372.52,49754.84,50000.0,576127.37,0.8,D1_oracle,D1_cost_aware_topk,full_true_decision_economics,False,True,FP_COST_NOISE_HIGH,0.8,0.8,25.0,25.0,,1.0,1.0,1.0,1042,2000
1553,0.349,156523.27,495201.0,38606.08,38825.0,572632.07,0.8,D2_oracle,D2_cost_aware_abstention,full_true_decision_economics_plus_abstention,False,True,FP_COST_NOISE_HIGH,0.8,0.8,25.0,25.0,0.98447,0.7765,1.0,0.7765,1042,2000
2000,0.3305,173106.42,478617.85,51004.99,50000.0,579622.84,0.8,D1_est,D1_cost_aware_topk,full_estimated_decision_economics,True,False,FP_COST_NOISE_HIGH,0.8,0.8,25.0,25.0,,0.768347,0.697616,1.0,1042,2000
1700,0.3412,162339.9,489384.37,42903.7,42500.0,574788.07,0.8,D2_est,D2_cost_aware_abstention,full_estimated_decision_economics_plus_abstention,True,False,FP_COST_NOISE_HIGH,0.8,0.8,25.0,25.0,0.983,0.761066,0.697616,0.85,1042,2000
2000,0.5115,90728.78,560995.49,42531.54,50000.0,653527.03,0.8,B_topk_probability,B_topk_probability,probability_only,True,False,REVIEW_EFFECTIVENESS_OPTIMISM,0.8,1.0,25.0,25.0,,0.233806,1.0,1.0,1042,2000
2000,0.3005,181679.49,470044.78,60546.85,50000.0,580591.63,0.8,C_oracle,C_expected_exposure,probability_plus_true_exposure,False,True,REVIEW_EFFECTIVENESS_OPTIMISM,0.8,1.0,25.0,25.0,,0.72043,0.370762,1.0,1042,2000
2000,0.3005,181679.49,470044.78,60546.85,50000.0,580591.63,0.8,C_est,C_expected_exposure,probability_plus_estimated_exposure,True,False,REVIEW_EFFECTIVENESS_OPTIMISM,0.8,1.0,25.0,25.0,,0.72043,0.370762,1.0,1042,2000
2000,0.338,175351.75,476372.52,49754.84,50000.0,576127.37,0.8,D1_oracle,D1_cost_aware_topk,full_true_decision_economics,False,True,REVIEW_EFFECTIVENESS_OPTIMISM,0.8,1.0,25.0,25.0,,1.0,1.0,1.0,1042,2000
1553,0.349,156523.27,495201.0,38606.08,38825.0,572632.07,0.8,D2_oracle,D2_cost_aware_abstention,full_true_decision_economics_plus_abstention,False,True,REVIEW_EFFECTIVENESS_OPTIMISM,0.8,1.0,25.0,25.0,0.98447,0.7765,1.0,0.7765,1042,2000
2000,0.3325,177771.28,473953.0,51133.12,50000.0,575086.11,0.8,D1_est,D1_cost_aware_topk,full_estimated_decision_economics,True,False,REVIEW_EFFECTIVENESS_OPTIMISM,0.8,1.0,25.0,25.0,,0.946472,0.998304,1.0,1042,2000
2000,0.3325,177771.28,473953.0,51133.12,50000.0,575086.11,0.8,D2_est,D2_cost_aware_abstention,full_estimated_decision_economics_plus_abstention,True,False,REVIEW_EFFECTIVENESS_OPTIMISM,0.8,1.0,25.0,25.0,0.97882,0.946472,0.998304,1.0,1042,2000
2000,0.5115,90728.78,560995.49,42531.54,50000.0,653527.03,0.8,B_topk_probability,B_topk_probability,probability_only,True,False,REVIEW_EFFECTIVENESS_PESSIMISM,0.8,0.6,25.0,25.0,,0.233806,1.0,1.0,1042,2000
2000,0.3005,181679.49,470044.78,60546.85,50000.0,580591.63,0.8,C_oracle,C_expected_exposure,probability_plus_true_exposure,False,True,REVIEW_EFFECTIVENESS_PESSIMISM,0.8,0.6,25.0,25.0,,0.72043,0.370762,1.0,1042,2000
2000,0.3005,181679.49,470044.78,60546.85,50000.0,580591.63,0.8,C_est,C_expected_exposure,probability_plus_estimated_exposure,True,False,REVIEW_EFFECTIVENESS_PESSIMISM,0.8,0.6,25.0,25.0,,0.72043,0.370762,1.0,1042,2000
2000,0.338,175351.75,476372.52,49754.84,50000.0,576127.37,0.8,D1_oracle,D1_cost_aware_topk,full_true_decision_economics,False,True,REVIEW_EFFECTIVENESS_PESSIMISM,0.8,0.6,25.0,25.0,,1.0,1.0,1.0,1042,2000
1553,0.349,156523.27,495201.0,38606.08,38825.0,572632.07,0.8,D2_oracle,D2_cost_aware_abstention,full_true_decision_economics_plus_abstention,False,True,REVIEW_EFFECTIVENESS_PESSIMISM,0.8,0.6,25.0,25.0,0.98447,0.7765,1.0,0.7765,1042,2000
2000,0.349,173133.55,478590.72,47056.75,50000.0,575647.47,0.8,D1_est,D1_cost_aware_topk,full_estimated_decision_economics,True,False,REVIEW_EFFECTIVENESS_PESSIMISM,0.8,0.6,25.0,25.0,,0.91022,0.997701,1.0,1042,2000
1010,0.3762,126664.41,525059.86,24367.53,25250.0,574677.39,0.8,D2_est,D2_cost_aware_abstention,full_estimated_decision_economics_plus_abstention,True,False,REVIEW_EFFECTIVENESS_PESSIMISM,0.8,0.6,25.0,25.0,0.9899,0.505,0.997701,0.505,1042,2000
2000,0.5115,90728.78,560995.49,42531.54,50000.0,653527.03,0.8,B_topk_probability,B_topk_probability,probability_only,True,False,JOINT_MODERATE_MISSPECIFICATION,0.8,0.9,25.0,25.0,,0.233806,1.0,1.0,1042,2000
2000,0.3005,181679.49,470044.78,60546.85,50000.0,580591.63,0.8,C_oracle,C_expected_exposure,probability_plus_true_exposure,False,True,JOINT_MODERATE_MISSPECIFICATION,0.8,0.9,25.0,25.0,,0.72043,0.370762,1.0,1042,2000
2000,0.2935,175647.71,476076.56,61289.56,50000.0,587366.12,0.8,C_est,C_expected_exposure,probability_plus_estimated_exposure,True,False,JOINT_MODERATE_MISSPECIFICATION,0.8,0.9,25.0,25.0,,0.622718,0.366153,1.0,1042,2000
2000,0.338,175351.75,476372.52,49754.84,50000.0,576127.37,0.8,D1_oracle,D1_cost_aware_topk,full_true_decision_economics,False,True,JOINT_MODERATE_MISSPECIFICATION,0.8,0.9,25.0,25.0,,1.0,1.0,1.0,1042,2000
1553,0.349,156523.27,495201.0,38606.08,38825.0,572632.07,0.8,D2_oracle,D2_cost_aware_abstention,full_true_decision_economics_plus_abstention,False,True,JOINT_MODERATE_MISSPECIFICATION,0.8,0.9,25.0,25.0,0.98447,0.7765,1.0,0.7765,1042,2000
2000,0.3195,171505.14,480219.13,52322.82,50000.0,582541.95,0.8,D1_est,D1_cost_aware_topk,full_estimated_decision_economics,True,False,JOINT_MODERATE_MISSPECIFICATION,0.8,0.9,25.0,25.0,,0.696353,0.8349,1.0,1042,2000
1889,0.3266,168780.3,482943.97,49183.33,47225.0,579352.3,0.8,D2_est,D2_cost_aware_abstention,full_estimated_decision_economics_plus_abstention,True,False,JOINT_MODERATE_MISSPECIFICATION,0.8,0.9,25.0,25.0,0.98111,0.694553,0.8349,0.9445,1042,2000
2000,0.5195,99700.9,567812.09,41772.15,50000.0,659584.24,0.8,B_topk_probability,B_topk_probability,probability_only,True,False,ORACLE,0.8,0.8,25.0,25.0,,0.241465,1.0,1.0,1059,2000
2000,0.3145,194121.84,473391.15,59447.26,50000.0,582838.42,0.8,C_oracle,C_expected_exposure,probability_plus_true_exposure,False,True,ORACLE,0.8,0.8,25.0,25.0,,0.724881,0.368253,1.0,1059,2000
2000,0.3145,194121.84,473391.15,59447.26,50000.0,582838.42,0.8,C_est,C_expected_exposure,probability_plus_estimated_exposure,True,False,ORACLE,0.8,0.8,25.0,25.0,,0.724881,0.368253,1.0,1059,2000
2000,0.349,190011.16,477501.83,48768.02,50000.0,576269.85,0.8,D1_oracle,D1_cost_aware_topk,full_true_decision_economics,False,True,ORACLE,0.8,0.8,25.0,25.0,,1.0,1.0,1.0,1059,2000
1508,0.3627,169180.61,498332.39,36635.07,37700.0,572667.46,0.8,D2_oracle,D2_cost_aware_abstention,full_true_decision_economics_plus_abstention,False,True,ORACLE,0.8,0.8,25.0,25.0,0.98492,0.754,1.0,0.754,1059,2000
2000,0.349,190011.16,477501.83,48768.02,50000.0,576269.85,0.8,D1_est,D1_cost_aware_topk,full_estimated_decision_economics,True,False,ORACLE,0.8,0.8,25.0,25.0,,1.0,1.0,1.0,1059,2000
1508,0.3627,169180.61,498332.39,36635.07,37700.0,572667.46,0.8,D2_est,D2_cost_aware_abstention,full_estimated_decision_economics_plus_abstention,True,False,ORACLE,0.8,0.8,25.0,25.0,0.98492,0.754,1.0,0.754,1059,2000
2000,0.5195,99700.9,567812.09,41772.15,50000.0,659584.24,0.8,B_topk_probability,B_topk_probability,probability_only,True,False,VALUE_NOISE_LOW,0.8,0.8,25.0,25.0,,0.241465,1.0,1.0,1059,2000
2000,0.3145,194121.84,473391.15,59447.26,50000.0,582838.42,0.8,C_oracle,C_expected_exposure,probability_plus_true_exposure,False,True,VALUE_NOISE_LOW,0.8,0.8,25.0,25.0,,0.724881,0.368253,1.0,1059,2000
2000,0.302,189039.2,478473.8,60638.3,50000.0,589112.1,0.8,C_est,C_expected_exposure,probability_plus_estimated_exposure,True,False,VALUE_NOISE_LOW,0.8,0.8,25.0,25.0,,0.67364,0.366126,1.0,1059,2000
2000,0.349,190011.16,477501.83,48768.02,50000.0,576269.85,0.8,D1_oracle,D1_cost_aware_topk,full_true_decision_economics,False,True,VALUE_NOISE_LOW,0.8,0.8,25.0,25.0,,1.0,1.0,1.0,1059,2000
1508,0.3627,169180.61,498332.39,36635.07,37700.0,572667.46,0.8,D2_oracle,D2_cost_aware_abstention,full_true_decision_economics_plus_abstention,False,True,VALUE_NOISE_LOW,0.8,0.8,25.0,25.0,0.98492,0.754,1.0,0.754,1059,2000
2000,0.3435,188518.19,478994.81,49603.78,50000.0,578598.58,0.8,D1_est,D1_cost_aware_topk,full_estimated_decision_economics,True,False,VALUE_NOISE_LOW,0.8,0.8,25.0,25.0,,0.805054,0.998193,1.0,1059,2000
1516,0.3476,163823.23,503689.76,37944.41,37900.0,579534.17,0.8,D2_est,D2_cost_aware_abstention,full_estimated_decision_economics_plus_abstention,True,False,VALUE_NOISE_LOW,0.8,0.8,25.0,25.0,0.98484,0.720999,0.998193,0.758,1059,2000
2000,0.5195,99700.9,567812.09,41772.15,50000.0,659584.24,0.8,B_topk_probability,B_topk_probability,probability_only,True,False,VALUE_NOISE_HIGH,0.8,0.8,25.0,25.0,,0.241465,1.0,1.0,1059,2000
2000,0.3145,194121.84,473391.15,59447.26,50000.0,582838.42,0.8,C_oracle,C_expected_exposure,probability_plus_true_exposure,False,True,VALUE_NOISE_HIGH,0.8,0.8,25.0,25.0,,0.724881,0.368253,1.0,1059,2000
2000,0.299,184311.34,483201.66,60577.75,50000.0,593779.41,0.8,C_est,C_expected_exposure,probability_plus_estimated_exposure,True,False,VALUE_NOISE_HIGH,0.8,0.8,25.0,25.0,,0.538462,0.357349,1.0,1059,2000
2000,0.349,190011.16,477501.83,48768.02,50000.0,576269.85,0.8,D1_oracle,D1_cost_aware_topk,full_true_decision_economics,False,True,VALUE_NOISE_HIGH,0.8,0.8,25.0,25.0,,1.0,1.0,1.0,1059,2000
1508,0.3627,169180.61,498332.39,36635.07,37700.0,572667.46,0.8,D2_oracle,D2_cost_aware_abstention,full_true_decision_economics_plus_abstention,False,True,VALUE_NOISE_HIGH,0.8,0.8,25.0,25.0,0.98492,0.754,1.0,0.754,1059,2000
2000,0.3255,178785.19,488727.8,50783.87,50000.0,589511.67,0.8,D1_est,D1_cost_aware_topk,full_estimated_decision_economics,True,False,VALUE_NOISE_HIGH,0.8,0.8,25.0,25.0,,0.605136,0.990474,1.0,1059,2000
1571,0.3386,160286.88,507226.11,39799.53,39275.0,586300.64,0.8,D2_est,D2_cost_aware_abstention,full_estimated_decision_economics_plus_abstention,True,False,VALUE_NOISE_HIGH,0.8,0.8,25.0,25.0,0.98429,0.578691,0.990474,0.7855,1059,2000
2000,0.5195,99700.9,567812.09,41772.15,50000.0,659584.24,0.8,B_topk_probability,B_topk_probability,probability_only,True,False,FP_COST_NOISE_LOW,0.8,0.8,25.0,25.0,,0.241465,1.0,1.0,1059,2000
2000,0.3145,194121.84,473391.15,59447.26,50000.0,582838.42,0.8,C_oracle,C_expected_exposure,probability_plus_true_exposure,False,True,FP_COST_NOISE_LOW,0.8,0.8,25.0,25.0,,0.724881,0.368253,1.0,1059,2000
2000,0.3145,194121.84,473391.15,59447.26,50000.0,582838.42,0.8,C_est,C_expected_exposure,probability_plus_estimated_exposure,True,False,FP_COST_NOISE_LOW,0.8,0.8,25.0,25.0,,0.724881,0.368253,1.0,1059,2000
2000,0.349,190011.16,477501.83,48768.02,50000.0,576269.85,0.8,D1_oracle,D1_cost_aware_topk,full_true_decision_economics,False,True,FP_COST_NOISE_LOW,0.8,0.8,25.0,25.0,,1.0,1.0,1.0,1059,2000
1508,0.3627,169180.61,498332.39,36635.07,37700.0,572667.46,0.8,D2_oracle,D2_cost_aware_abstention,full_true_decision_economics_plus_abstention,False,True,FP_COST_NOISE_LOW,0.8,0.8,25.0,25.0,0.98492,0.754,1.0,0.754,1059,2000
2000,0.345,186542.18,480970.82,49516.65,50000.0,580487.46,0.8,D1_est,D1_cost_aware_topk,full_estimated_decision_economics,True,False,FP_COST_NOISE_LOW,0.8,0.8,25.0,25.0,,0.873536,0.911563,1.0,1059,2000
1542,0.3567,167149.49,500363.5,37861.91,38550.0,576775.41,0.8,D2_est,D2_cost_aware_abstention,full_estimated_decision_economics_plus_abstention,True,False,FP_COST_NOISE_LOW,0.8,0.8,25.0,25.0,0.98458,0.762189,0.911563,0.771,1059,2000
2000,0.5195,99700.9,567812.09,41772.15,50000.0,659584.24,0.8,B_topk_probability,B_topk_probability,probability_only,True,False,FP_COST_NOISE_HIGH,0.8,0.8,25.0,25.0,,0.241465,1.0,1.0,1059,2000
2000,0.3145,194121.84,473391.15,59447.26,50000.0,582838.42,0.8,C_oracle,C_expected_exposure,probability_plus_true_exposure,False,True,FP_COST_NOISE_HIGH,0.8,0.8,25.0,25.0,,0.724881,0.368253,1.0,1059,2000
2000,0.3145,194121.84,473391.15,59447.26,50000.0,582838.42,0.8,C_est,C_expected_exposure,probability_plus_estimated_exposure,True,False,FP_COST_NOISE_HIGH,0.8,0.8,25.0,25.0,,0.724881,0.368253,1.0,1059,2000
2000,0.349,190011.16,477501.83,48768.02,50000.0,576269.85,0.8,D1_oracle,D1_cost_aware_topk,full_true_decision_economics,False,True,FP_COST_NOISE_HIGH,0.8,0.8,25.0,25.0,,1.0,1.0,1.0,1059,2000
1508,0.3627,169180.61,498332.39,36635.07,37700.0,572667.46,0.8,D2_oracle,D2_cost_aware_abstention,full_true_decision_economics_plus_abstention,False,True,FP_COST_NOISE_HIGH,0.8,0.8,25.0,25.0,0.98492,0.754,1.0,0.754,1059,2000
2000,0.335,183662.03,483850.96,50813.99,50000.0,584664.95,0.8,D1_est,D1_cost_aware_topk,full_estimated_decision_economics,True,False,FP_COST_NOISE_HIGH,0.8,0.8,25.0,25.0,,0.760563,0.695355,1.0,1059,2000
1677,0.3447,169976.49,497536.5,42596.81,41925.0,582058.32,0.8,D2_est,D2_cost_aware_abstention,full_estimated_decision_economics_plus_abstention,True,False,FP_COST_NOISE_HIGH,0.8,0.8,25.0,25.0,0.98323,0.750119,0.695355,0.8385,1059,2000
2000,0.5195,99700.9,567812.09,41772.15,50000.0,659584.24,0.8,B_topk_probability,B_topk_probability,probability_only,True,False,REVIEW_EFFECTIVENESS_OPTIMISM,0.8,1.0,25.0,25.0,,0.241465,1.0,1.0,1059,2000
2000,0.3145,194121.84,473391.15,59447.26,50000.0,582838.42,0.8,C_oracle,C_expected_exposure,probability_plus_true_exposure,False,True,REVIEW_EFFECTIVENESS_OPTIMISM,0.8,1.0,25.0,25.0,,0.724881,0.368253,1.0,1059,2000
2000,0.3145,194121.84,473391.15,59447.26,50000.0,582838.42,0.8,C_est,C_expected_exposure,probability_plus_estimated_exposure,True,False,REVIEW_EFFECTIVENESS_OPTIMISM,0.8,1.0,25.0,25.0,,0.724881,0.368253,1.0,1059,2000
2000,0.349,190011.16,477501.83,48768.02,50000.0,576269.85,0.8,D1_oracle,D1_cost_aware_topk,full_true_decision_economics,False,True,REVIEW_EFFECTIVENESS_OPTIMISM,0.8,1.0,25.0,25.0,,1.0,1.0,1.0,1059,2000
1508,0.3627,169180.61,498332.39,36635.07,37700.0,572667.46,0.8,D2_oracle,D2_cost_aware_abstention,full_true_decision_economics_plus_abstention,False,True,REVIEW_EFFECTIVENESS_OPTIMISM,0.8,1.0,25.0,25.0,0.98492,0.754,1.0,0.754,1059,2000
2000,0.3395,190156.55,477356.44,50922.13,50000.0,578278.57,0.8,D1_est,D1_cost_aware_topk,full_estimated_decision_economics,True,False,REVIEW_EFFECTIVENESS_OPTIMISM,0.8,1.0,25.0,25.0,,0.939864,0.99822,1.0,1059,2000
2000,0.3395,190156.55,477356.44,50922.13,50000.0,578278.57,0.8,D2_est,D2_cost_aware_abstention,full_estimated_decision_economics_plus_abstention,True,False,REVIEW_EFFECTIVENESS_OPTIMISM,0.8,1.0,25.0,25.0,0.97923,0.939864,0.99822,1.0,1059,2000
2000,0.5195,99700.9,567812.09,41772.15,50000.0,659584.24,0.8,B_topk_probability,B_topk_probability,probability_only,True,False,REVIEW_EFFECTIVENESS_PESSIMISM,0.8,0.6,25.0,25.0,,0.241465,1.0,1.0,1059,2000
2000,0.3145,194121.84,473391.15,59447.26,50000.0,582838.42,0.8,C_oracle,C_expected_exposure,probability_plus_true_exposure,False,True,REVIEW_EFFECTIVENESS_PESSIMISM,0.8,0.6,25.0,25.0,,0.724881,0.368253,1.0,1059,2000
2000,0.3145,194121.84,473391.15,59447.26,50000.0,582838.42,0.8,C_est,C_expected_exposure,probability_plus_estimated_exposure,True,False,REVIEW_EFFECTIVENESS_PESSIMISM,0.8,0.6,25.0,25.0,,0.724881,0.368253,1.0,1059,2000
2000,0.349,190011.16,477501.83,48768.02,50000.0,576269.85,0.8,D1_oracle,D1_cost_aware_topk,full_true_decision_economics,False,True,REVIEW_EFFECTIVENESS_PESSIMISM,0.8,0.6,25.0,25.0,,1.0,1.0,1.0,1059,2000
1508,0.3627,169180.61,498332.39,36635.07,37700.0,572667.46,0.8,D2_oracle,D2_cost_aware_abstention,full_true_decision_economics_plus_abstention,False,True,REVIEW_EFFECTIVENESS_PESSIMISM,0.8,0.6,25.0,25.0,0.98492,0.754,1.0,0.754,1059,2000
2000,0.3635,189320.99,478192.01,45845.71,50000.0,574037.71,0.8,D1_est,D1_cost_aware_topk,full_estimated_decision_economics,True,False,REVIEW_EFFECTIVENESS_PESSIMISM,0.8,0.6,25.0,25.0,,0.912046,0.997574,1.0,1059,2000
1012,0.3834,135025.03,532487.96,23482.39,25300.0,581270.35,0.8,D2_est,D2_cost_aware_abstention,full_estimated_decision_economics_plus_abstention,True,False,REVIEW_EFFECTIVENESS_PESSIMISM,0.8,0.6,25.0,25.0,0.98988,0.506,0.997574,0.506,1059,2000
2000,0.5195,99700.9,567812.09,41772.15,50000.0,659584.24,0.8,B_topk_probability,B_topk_probability,probability_only,True,False,JOINT_MODERATE_MISSPECIFICATION,0.8,0.9,25.0,25.0,,0.241465,1.0,1.0,1059,2000
2000,0.3145,194121.84,473391.15,59447.26,50000.0,582838.42,0.8,C_oracle,C_expected_exposure,probability_plus_true_exposure,False,True,JOINT_MODERATE_MISSPECIFICATION,0.8,0.9,25.0,25.0,,0.724881,0.368253,1.0,1059,2000
2000,0.307,191018.78,476494.21,60233.01,50000.0,586727.23,0.8,C_est,C_expected_exposure,probability_plus_estimated_exposure,True,False,JOINT_MODERATE_MISSPECIFICATION,0.8,0.9,25.0,25.0,,0.629328,0.363795,1.0,1059,2000
2000,0.349,190011.16,477501.83,48768.02,50000.0,576269.85,0.8,D1_oracle,D1_cost_aware_topk,full_true_decision_economics,False,True,JOINT_MODERATE_MISSPECIFICATION,0.8,0.9,25.0,25.0,,1.0,1.0,1.0,1059,2000
1508,0.3627,169180.61,498332.39,36635.07,37700.0,572667.46,0.8,D2_oracle,D2_cost_aware_abstention,full_true_decision_economics_plus_abstention,False,True,JOINT_MODERATE_MISSPECIFICATION,0.8,0.9,25.0,25.0,0.98492,0.754,1.0,0.754,1059,2000
2000,0.328,185235.07,482277.92,51935.75,50000.0,584213.67,0.8,D1_est,D1_cost_aware_topk,full_estimated_decision_economics,True,False,JOINT_MODERATE_MISSPECIFICATION,0.8,0.9,25.0,25.0,,0.688476,0.83311,1.0,1059,2000
1865,0.3314,179451.53,488061.47,48494.36,46625.0,583180.83,0.8,D2_est,D2_cost_aware_abstention,full_estimated_decision_economics_plus_abstention,True,False,JOINT_MODERATE_MISSPECIFICATION,0.8,0.9,25.0,25.0,0.98135,0.684096,0.83311,0.9325,1059,2000
2000,0.484,89631.49,566527.59,45749.82,50000.0,662277.41,0.8,B_topk_probability,B_topk_probability,probability_only,True,False,ORACLE,0.8,0.8,25.0,25.0,,0.246883,1.0,1.0,1076,2000
2000,0.305,187766.93,468392.15,60933.61,50000.0,579325.76,0.8,C_oracle,C_expected_exposure,probability_plus_true_exposure,False,True,ORACLE,0.8,0.8,25.0,25.0,,0.736865,0.367622,1.0,1076,2000
2000,0.305,187766.93,468392.15,60933.61,50000.0,579325.76,0.8,C_est,C_expected_exposure,probability_plus_estimated_exposure,True,False,ORACLE,0.8,0.8,25.0,25.0,,0.736865,0.367622,1.0,1076,2000
2000,0.339,180643.51,475515.57,50760.95,50000.0,576276.52,0.8,D1_oracle,D1_cost_aware_topk,full_true_decision_economics,False,True,ORACLE,0.8,0.8,25.0,25.0,,1.0,1.0,1.0,1076,2000
1536,0.3516,158470.07,497689.01,38762.93,38400.0,574851.94,0.8,D2_oracle,D2_cost_aware_abstention,full_true_decision_economics_plus_abstention,False,True,ORACLE,0.8,0.8,25.0,25.0,0.98464,0.768,1.0,0.768,1076,2000
2000,0.339,180643.51,475515.57,50760.95,50000.0,576276.52,0.8,D1_est,D1_cost_aware_topk,full_estimated_decision_economics,True,False,ORACLE,0.8,0.8,25.0,25.0,,1.0,1.0,1.0,1076,2000
1536,0.3516,158470.07,497689.01,38762.93,38400.0,574851.94,0.8,D2_est,D2_cost_aware_abstention,full_estimated_decision_economics_plus_abstention,True,False,ORACLE,0.8,0.8,25.0,25.0,0.98464,0.768,1.0,0.768,1076,2000
2000,0.484,89631.49,566527.59,45749.82,50000.0,662277.41,0.8,B_topk_probability,B_topk_probability,probability_only,True,False,VALUE_NOISE_LOW,0.8,0.8,25.0,25.0,,0.246883,1.0,1.0,1076,2000
2000,0.305,187766.93,468392.15,60933.61,50000.0,579325.76,0.8,C_oracle,C_expected_exposure,probability_plus_true_exposure,False,True,VALUE_NOISE_LOW,0.8,0.8,25.0,25.0,,0.736865,0.367622,1.0,1076,2000
2000,0.298,182757.62,473401.46,61645.42,50000.0,585046.88,0.8,C_est,C_expected_exposure,probability_plus_estimated_exposure,True,False,VALUE_NOISE_LOW,0.8,0.8,25.0,25.0,,0.668057,0.365974,1.0,1076,2000
2000,0.339,180643.51,475515.57,50760.95,50000.0,576276.52,0.8,D1_oracle,D1_cost_aware_topk,full_true_decision_economics,False,True,VALUE_NOISE_LOW,0.8,0.8,25.0,25.0,,1.0,1.0,1.0,1076,2000
1536,0.3516,158470.07,497689.01,38762.93,38400.0,574851.94,0.8,D2_oracle,D2_cost_aware_abstention,full_true_decision_economics_plus_abstention,False,True,VALUE_NOISE_LOW,0.8,0.8,25.0,25.0,0.98464,0.768,1.0,0.768,1076,2000
2000,0.3345,177882.59,478276.49,50764.08,50000.0,579040.56,0.8,D1_est,D1_cost_aware_topk,full_estimated_decision_economics,True,False,VALUE_NOISE_LOW,0.8,0.8,25.0,25.0,,0.802614,0.998277,1.0,1076,2000
1555,0.3479,157163.97,498995.11,39377.97,38875.0,577248.07,0.8,D2_est,D2_cost_aware_abstention,full_estimated_decision_economics_plus_abstention,True,False,VALUE_NOISE_LOW,0.8,0.8,25.0,25.0,0.98445,0.724054,0.998277,0.7775,1076,2000
2000,0.484,89631.49,566527.59,45749.82,50000.0,662277.41,0.8,B_topk_probability,B_topk_probability,probability_only,True,False,VALUE_NOISE_HIGH,0.8,0.8,25.0,25.0,,0.246883,1.0,1.0,1076,2000
2000,0.305,187766.93,468392.15,60933.61,50000.0,579325.76,0.8,C_oracle,C_expected_exposure,probability_plus_true_exposure,False,True,VALUE_NOISE_HIGH,0.8,0.8,25.0,25.0,,0.736865,0.367622,1.0,1076,2000
2000,0.295,169787.88,486371.2,61242.86,50000.0,597614.06,0.8,C_est,C_expected_exposure,probability_plus_estimated_exposure,True,False,VALUE_NOISE_HIGH,0.8,0.8,25.0,25.0,,0.53198,0.357839,1.0,1076,2000
2000,0.339,180643.51,475515.57,50760.95,50000.0,576276.52,0.8,D1_oracle,D1_cost_aware_topk,full_true_decision_economics,False,True,VALUE_NOISE_HIGH,0.8,0.8,25.0,25.0,,1.0,1.0,1.0,1076,2000
1536,0.3516,158470.07,497689.01,38762.93,38400.0,574851.94,0.8,D2_oracle,D2_cost_aware_abstention,full_true_decision_economics_plus_abstention,False,True,VALUE_NOISE_HIGH,0.8,0.8,25.0,25.0,0.98464,0.768,1.0,0.768,1076,2000
2000,0.321,167121.21,489037.87,51870.84,50000.0,590908.7,0.8,D1_est,D1_cost_aware_topk,full_estimated_decision_economics,True,False,VALUE_NOISE_HIGH,0.8,0.8,25.0,25.0,,0.592991,0.990936,1.0,1076,2000
1576,0.3331,147189.66,508969.42,40863.51,39400.0,589232.93,0.8,D2_est,D2_cost_aware_abstention,full_estimated_decision_economics_plus_abstention,True,False,VALUE_NOISE_HIGH,0.8,0.8,25.0,25.0,0.98424,0.567046,0.990936,0.788,1076,2000
2000,0.484,89631.49,566527.59,45749.82,50000.0,662277.41,0.8,B_topk_probability,B_topk_probability,probability_only,True,False,FP_COST_NOISE_LOW,0.8,0.8,25.0,25.0,,0.246883,1.0,1.0,1076,2000
2000,0.305,187766.93,468392.15,60933.61,50000.0,579325.76,0.8,C_oracle,C_expected_exposure,probability_plus_true_exposure,False,True,FP_COST_NOISE_LOW,0.8,0.8,25.0,25.0,,0.736865,0.367622,1.0,1076,2000
2000,0.305,187766.93,468392.15,60933.61,50000.0,579325.76,0.8,C_est,C_expected_exposure,probability_plus_estimated_exposure,True,False,FP_COST_NOISE_LOW,0.8,0.8,25.0,25.0,,0.736865,0.367622,1.0,1076,2000
2000,0.339,180643.51,475515.57,50760.95,50000.0,576276.52,0.8,D1_oracle,D1_cost_aware_topk,full_true_decision_economics,False,True,FP_COST_NOISE_LOW,0.8,0.8,25.0,25.0,,1.0,1.0,1.0,1076,2000
1536,0.3516,158470.07,497689.01,38762.93,38400.0,574851.94,0.8,D2_oracle,D2_cost_aware_abstention,full_true_decision_economics_plus_abstention,False,True,FP_COST_NOISE_LOW,0.8,0.8,25.0,25.0,0.98464,0.768,1.0,0.768,1076,2000
2000,0.334,179213.98,476945.09,51226.74,50000.0,578171.83,0.8,D1_est,D1_cost_aware_topk,full_estimated_decision_economics,True,False,FP_COST_NOISE_LOW,0.8,0.8,25.0,25.0,,0.892148,0.910756,1.0,1076,2000
1597,0.3456,162664.14,493494.94,41105.42,39925.0,574525.37,0.8,D2_est,D2_cost_aware_abstention,full_estimated_decision_economics_plus_abstention,True,False,FP_COST_NOISE_LOW,0.8,0.8,25.0,25.0,0.98403,0.792227,0.910756,0.7985,1076,2000
2000,0.484,89631.49,566527.59,45749.82,50000.0,662277.41,0.8,B_topk_probability,B_topk_probability,probability_only,True,False,FP_COST_NOISE_HIGH,0.8,0.8,25.0,25.0,,0.246883,1.0,1.0,1076,2000
2000,0.305,187766.93,468392.15,60933.61,50000.0,579325.76,0.8,C_oracle,C_expected_exposure,probability_plus_true_exposure,False,True,FP_COST_NOISE_HIGH,0.8,0.8,25.0,25.0,,0.736865,0.367622,1.0,1076,2000
2000,0.305,187766.93,468392.15,60933.61,50000.0,579325.76,0.8,C_est,C_expected_exposure,probability_plus_estimated_exposure,True,False,FP_COST_NOISE_HIGH,0.8,0.8,25.0,25.0,,0.736865,0.367622,1.0,1076,2000
2000,0.339,180643.51,475515.57,50760.95,50000.0,576276.52,0.8,D1_oracle,D1_cost_aware_topk,full_true_decision_economics,False,True,FP_COST_NOISE_HIGH,0.8,0.8,25.0,25.0,,1.0,1.0,1.0,1076,2000
1536,0.3516,158470.07,497689.01,38762.93,38400.0,574851.94,0.8,D2_oracle,D2_cost_aware_abstention,full_true_decision_economics_plus_abstention,False,True,FP_COST_NOISE_HIGH,0.8,0.8,25.0,25.0,0.98464,0.768,1.0,0.768,1076,2000
2000,0.3225,177188.35,478970.72,52583.23,50000.0,581553.96,0.8,D1_est,D1_cost_aware_topk,full_estimated_decision_economics,True,False,FP_COST_NOISE_HIGH,0.8,0.8,25.0,25.0,,0.782531,0.693247,1.0,1076,2000
1714,0.3396,168129.2,488029.88,44443.02,42850.0,575322.9,0.8,D2_est,D2_cost_aware_abstention,full_estimated_decision_economics_plus_abstention,True,False,FP_COST_NOISE_HIGH,0.8,0.8,25.0,25.0,0.98286,0.769414,0.693247,0.857,1076,2000
2000,0.484,89631.49,566527.59,45749.82,50000.0,662277.41,0.8,B_topk_probability,B_topk_probability,probability_only,True,False,REVIEW_EFFECTIVENESS_OPTIMISM,0.8,1.0,25.0,25.0,,0.246883,1.0,1.0,1076,2000
2000,0.305,187766.93,468392.15,60933.61,50000.0,579325.76,0.8,C_oracle,C_expected_exposure,probability_plus_true_exposure,False,True,REVIEW_EFFECTIVENESS_OPTIMISM,0.8,1.0,25.0,25.0,,0.736865,0.367622,1.0,1076,2000
2000,0.305,187766.93,468392.15,60933.61,50000.0,579325.76,0.8,C_est,C_expected_exposure,probability_plus_estimated_exposure,True,False,REVIEW_EFFECTIVENESS_OPTIMISM,0.8,1.0,25.0,25.0,,0.736865,0.367622,1.0,1076,2000
2000,0.339,180643.51,475515.57,50760.95,50000.0,576276.52,0.8,D1_oracle,D1_cost_aware_topk,full_true_decision_economics,False,True,REVIEW_EFFECTIVENESS_OPTIMISM,0.8,1.0,25.0,25.0,,1.0,1.0,1.0,1076,2000
1536,0.3516,158470.07,497689.01,38762.93,38400.0,574851.94,0.8,D2_oracle,D2_cost_aware_abstention,full_true_decision_economics_plus_abstention,False,True,REVIEW_EFFECTIVENESS_OPTIMISM,0.8,1.0,25.0,25.0,0.98464,0.768,1.0,0.768,1076,2000
2000,0.3315,181479.57,474679.5,52477.44,50000.0,577156.95,0.8,D1_est,D1_cost_aware_topk,full_estimated_decision_economics,True,False,REVIEW_EFFECTIVENESS_OPTIMISM,0.8,1.0,25.0,25.0,,0.948368,0.998283,1.0,1076,2000
2000,0.3315,181479.57,474679.5,52477.44,50000.0,577156.95,0.8,D2_est,D2_cost_aware_abstention,full_estimated_decision_economics_plus_abstention,True,False,REVIEW_EFFECTIVENESS_OPTIMISM,0.8,1.0,25.0,25.0,0.97905,0.948368,0.998283,1.0,1076,2000
2000,0.484,89631.49,566527.59,45749.82,50000.0,662277.41,0.8,B_topk_probability,B_topk_probability,probability_only,True,False,REVIEW_EFFECTIVENESS_PESSIMISM,0.8,0.6,25.0,25.0,,0.246883,1.0,1.0,1076,2000
2000,0.305,187766.93,468392.15,60933.61,50000.0,579325.76,0.8,C_oracle,C_expected_exposure,probability_plus_true_exposure,False,True,REVIEW_EFFECTIVENESS_PESSIMISM,0.8,0.6,25.0,25.0,,0.736865,0.367622,1.0,1076,2000
2000,0.305,187766.93,468392.15,60933.61,50000.0,579325.76,0.8,C_est,C_expected_exposure,probability_plus_estimated_exposure,True,False,REVIEW_EFFECTIVENESS_PESSIMISM,0.8,0.6,25.0,25.0,,0.736865,0.367622,1.0,1076,2000
2000,0.339,180643.51,475515.57,50760.95,50000.0,576276.52,0.8,D1_oracle,D1_cost_aware_topk,full_true_decision_economics,False,True,REVIEW_EFFECTIVENESS_PESSIMISM,0.8,0.6,25.0,25.0,,1.0,1.0,1.0,1076,2000
1536,0.3516,158470.07,497689.01,38762.93,38400.0,574851.94,0.8,D2_oracle,D2_cost_aware_abstention,full_true_decision_economics_plus_abstention,False,True,REVIEW_EFFECTIVENESS_PESSIMISM,0.8,0.6,25.0,25.0,0.98464,0.768,1.0,0.768,1076,2000
2000,0.3465,178514.44,477644.63,47913.04,50000.0,575557.68,0.8,D1_est,D1_cost_aware_topk,full_estimated_decision_economics,True,False,REVIEW_EFFECTIVENESS_PESSIMISM,0.8,0.6,25.0,25.0,,0.91022,0.997653,1.0,1076,2000
1035,0.3691,130819.5,525339.58,25088.26,25875.0,576302.84,0.8,D2_est,D2_cost_aware_abstention,full_estimated_decision_economics_plus_abstention,True,False,REVIEW_EFFECTIVENESS_PESSIMISM,0.8,0.6,25.0,25.0,0.98965,0.5175,0.997653,0.5175,1076,2000
2000,0.484,89631.49,566527.59,45749.82,50000.0,662277.41,0.8,B_topk_probability,B_topk_probability,probability_only,True,False,JOINT_MODERATE_MISSPECIFICATION,0.8,0.9,25.0,25.0,,0.246883,1.0,1.0,1076,2000
2000,0.305,187766.93,468392.15,60933.61,50000.0,579325.76,0.8,C_oracle,C_expected_exposure,probability_plus_true_exposure,False,True,JOINT_MODERATE_MISSPECIFICATION,0.8,0.9,25.0,25.0,,0.736865,0.367622,1.0,1076,2000
2000,0.3025,178048.65,478110.42,60771.31,50000.0,588881.73,0.8,C_est,C_expected_exposure,probability_plus_estimated_exposure,True,False,JOINT_MODERATE_MISSPECIFICATION,0.8,0.9,25.0,25.0,,0.624036,0.363879,1.0,1076,2000
2000,0.339,180643.51,475515.57,50760.95,50000.0,576276.52,0.8,D1_oracle,D1_cost_aware_topk,full_true_decision_economics,False,True,JOINT_MODERATE_MISSPECIFICATION,0.8,0.9,25.0,25.0,,1.0,1.0,1.0,1076,2000
1536,0.3516,158470.07,497689.01,38762.93,38400.0,574851.94,0.8,D2_oracle,D2_cost_aware_abstention,full_true_decision_economics_plus_abstention,False,True,JOINT_MODERATE_MISSPECIFICATION,0.8,0.9,25.0,25.0,0.98464,0.768,1.0,0.768,1076,2000
2000,0.3305,177942.91,478216.17,52126.53,50000.0,580342.7,0.8,D1_est,D1_cost_aware_topk,full_estimated_decision_economics,True,False,JOINT_MODERATE_MISSPECIFICATION,0.8,0.9,25.0,25.0,,0.689903,0.832517,1.0,1076,2000
1870,0.3364,171523.41,484635.67,48459.94,46750.0,579845.6,0.8,D2_est,D2_cost_aware_abstention,full_estimated_decision_economics_plus_abstention,True,False,JOINT_MODERATE_MISSPECIFICATION,0.8,0.9,25.0,25.0,0.9813,0.690695,0.832517,0.935,1076,2000
2000,0.5065,103641.52,572281.31,42911.86,50000.0,665193.17,0.8,B_topk_probability,B_topk_probability,probability_only,True,False,ORACLE,0.8,0.8,25.0,25.0,,0.251956,1.0,1.0,1093,2000
2000,0.306,185768.3,490154.53,60246.96,50000.0,600401.5,0.8,C_oracle,C_expected_exposure,probability_plus_true_exposure,False,True,ORACLE,0.8,0.8,25.0,25.0,,0.716002,0.369484,1.0,1093,2000
2000,0.306,185768.3,490154.53,60246.96,50000.0,600401.5,0.8,C_est,C_expected_exposure,probability_plus_estimated_exposure,True,False,ORACLE,0.8,0.8,25.0,25.0,,0.716002,0.369484,1.0,1093,2000
2000,0.3405,181812.0,494110.83,49011.08,50000.0,593121.91,0.8,D1_oracle,D1_cost_aware_topk,full_true_decision_economics,False,True,ORACLE,0.8,0.8,25.0,25.0,,1.0,1.0,1.0,1093,2000
1548,0.3469,159426.53,516496.31,38325.08,38700.0,593521.39,0.8,D2_oracle,D2_cost_aware_abstention,full_true_decision_economics_plus_abstention,False,True,ORACLE,0.8,0.8,25.0,25.0,0.98452,0.774,1.0,0.774,1093,2000
2000,0.3405,181812.0,494110.83,49011.08,50000.0,593121.91,0.8,D1_est,D1_cost_aware_topk,full_estimated_decision_economics,True,False,ORACLE,0.8,0.8,25.0,25.0,,1.0,1.0,1.0,1093,2000
1548,0.3469,159426.53,516496.31,38325.08,38700.0,593521.39,0.8,D2_est,D2_cost_aware_abstention,full_estimated_decision_economics_plus_abstention,True,False,ORACLE,0.8,0.8,25.0,25.0,0.98452,0.774,1.0,0.774,1093,2000
2000,0.5065,103641.52,572281.31,42911.86,50000.0,665193.17,0.8,B_topk_probability,B_topk_probability,probability_only,True,False,VALUE_NOISE_LOW,0.8,0.8,25.0,25.0,,0.251956,1.0,1.0,1093,2000
2000,0.306,185768.3,490154.53,60246.96,50000.0,600401.5,0.8,C_oracle,C_expected_exposure,probability_plus_true_exposure,False,True,VALUE_NOISE_LOW,0.8,0.8,25.0,25.0,,0.716002,0.369484,1.0,1093,2000
2000,0.3055,184576.8,491346.03,60213.35,50000.0,601559.38,0.8,C_est,C_expected_exposure,probability_plus_estimated_exposure,True,False,VALUE_NOISE_LOW,0.8,0.8,25.0,25.0,,0.666667,0.367464,1.0,1093,2000
2000,0.3405,181812.0,494110.83,49011.08,50000.0,593121.91,0.8,D1_oracle,D1_cost_aware_topk,full_true_decision_economics,False,True,VALUE_NOISE_LOW,0.8,0.8,25.0,25.0,,1.0,1.0,1.0,1093,2000
1548,0.3469,159426.53,516496.31,38325.08,38700.0,593521.39,0.8,D2_oracle,D2_cost_aware_abstention,full_true_decision_economics_plus_abstention,False,True,VALUE_NOISE_LOW,0.8,0.8,25.0,25.0,0.98452,0.774,1.0,0.774,1093,2000
2000,0.329,178689.59,497233.24,49894.57,50000.0,597127.81,0.8,D1_est,D1_cost_aware_topk,full_estimated_decision_economics,True,False,VALUE_NOISE_LOW,0.8,0.8,25.0,25.0,,0.821494,0.998135,1.0,1093,2000
1553,0.3503,160128.54,515794.3,38072.8,38825.0,592692.1,0.8,D2_est,D2_cost_aware_abstention,full_estimated_decision_economics_plus_abstention,True,False,VALUE_NOISE_LOW,0.8,0.8,25.0,25.0,0.98447,0.741667,0.998135,0.7765,1093,2000
2000,0.5065,103641.52,572281.31,42911.86,50000.0,665193.17,0.8,B_topk_probability,B_topk_probability,probability_only,True,False,VALUE_NOISE_HIGH,0.8,0.8,25.0,25.0,,0.251956,1.0,1.0,1093,2000
2000,0.306,185768.3,490154.53,60246.96,50000.0,600401.5,0.8,C_oracle,C_expected_exposure,probability_plus_true_exposure,False,True,VALUE_NOISE_HIGH,0.8,0.8,25.0,25.0,,0.716002,0.369484,1.0,1093,2000
2000,0.289,174830.45,501092.38,62031.1,50000.0,613123.48,0.8,C_est,C_expected_exposure,probability_plus_estimated_exposure,True,False,VALUE_NOISE_HIGH,0.8,0.8,25.0,25.0,,0.52381,0.358877,1.0,1093,2000
2000,0.3405,181812.0,494110.83,49011.08,50000.0,593121.91,0.8,D1_oracle,D1_cost_aware_topk,full_true_decision_economics,False,True,VALUE_NOISE_HIGH,0.8,0.8,25.0,25.0,,1.0,1.0,1.0,1093,2000
1548,0.3469,159426.53,516496.31,38325.08,38700.0,593521.39,0.8,D2_oracle,D2_cost_aware_abstention,full_true_decision_economics_plus_abstention,False,True,VALUE_NOISE_HIGH,0.8,0.8,25.0,25.0,0.98452,0.774,1.0,0.774,1093,2000
2000,0.3255,172635.29,503287.55,50770.55,50000.0,604058.09,0.8,D1_est,D1_cost_aware_topk,full_estimated_decision_economics,True,False,VALUE_NOISE_HIGH,0.8,0.8,25.0,25.0,,0.611604,0.99048,1.0,1093,2000
1587,0.3359,154784.46,521138.37,40217.5,39675.0,601030.87,0.8,D2_est,D2_cost_aware_abstention,full_estimated_decision_economics_plus_abstention,True,False,VALUE_NOISE_HIGH,0.8,0.8,25.0,25.0,0.98413,0.588574,0.99048,0.7935,1093,2000
2000,0.5065,103641.52,572281.31,42911.86,50000.0,665193.17,0.8,B_topk_probability,B_topk_probability,probability_only,True,False,FP_COST_NOISE_LOW,0.8,0.8,25.0,25.0,,0.251956,1.0,1.0,1093,2000
2000,0.306,185768.3,490154.53,60246.96,50000.0,600401.5,0.8,C_oracle,C_expected_exposure,probability_plus_true_exposure,False,True,FP_COST_NOISE_LOW,0.8,0.8,25.0,25.0,,0.716002,0.369484,1.0,1093,2000
2000,0.306,185768.3,490154.53,60246.96,50000.0,600401.5,0.8,C_est,C_expected_exposure,probability_plus_estimated_exposure,True,False,FP_COST_NOISE_LOW,0.8,0.8,25.0,25.0,,0.716002,0.369484,1.0,1093,2000
2000,0.3405,181812.0,494110.83,49011.08,50000.0,593121.91,0.8,D1_oracle,D1_cost_aware_topk,full_true_decision_economics,False,True,FP_COST_NOISE_LOW,0.8,0.8,25.0,25.0,,1.0,1.0,1.0,1093,2000
1548,0.3469,159426.53,516496.31,38325.08,38700.0,593521.39,0.8,D2_oracle,D2_cost_aware_abstention,full_true_decision_economics_plus_abstention,False,True,FP_COST_NOISE_LOW,0.8,0.8,25.0,25.0,0.98452,0.774,1.0,0.774,1093,2000
2000,0.3385,181309.6,494613.23,49795.37,50000.0,594408.61,0.8,D1_est,D1_cost_aware_topk,full_estimated_decision_economics,True,False,FP_COST_NOISE_LOW,0.8,0.8,25.0,25.0,,0.878816,0.910805,1.0,1093,2000
1544,0.3497,160788.3,515134.54,37925.75,38600.0,591660.29,0.8,D2_est,D2_cost_aware_abstention,full_estimated_decision_economics_plus_abstention,True,False,FP_COST_NOISE_LOW,0.8,0.8,25.0,25.0,0.98456,0.762307,0.910805,0.772,1093,2000
2000,0.5065,103641.52,572281.31,42911.86,50000.0,665193.17,0.8,B_topk_probability,B_topk_probability,probability_only,True,False,FP_COST_NOISE_HIGH,0.8,0.8,25.0,25.0,,0.251956,1.0,1.0,1093,2000
2000,0.306,185768.3,490154.53,60246.96,50000.0,600401.5,0.8,C_oracle,C_expected_exposure,probability_plus_true_exposure,False,True,FP_COST_NOISE_HIGH,0.8,0.8,25.0,25.0,,0.716002,0.369484,1.0,1093,2000
2000,0.306,185768.3,490154.53,60246.96,50000.0,600401.5,0.8,C_est,C_expected_exposure,probability_plus_estimated_exposure,True,False,FP_COST_NOISE_HIGH,0.8,0.8,25.0,25.0,,0.716002,0.369484,1.0,1093,2000
2000,0.3405,181812.0,494110.83,49011.08,50000.0,593121.91,0.8,D1_oracle,D1_cost_aware_topk,full_true_decision_economics,False,True,FP_COST_NOISE_HIGH,0.8,0.8,25.0,25.0,,1.0,1.0,1.0,1093,2000
1548,0.3469,159426.53,516496.31,38325.08,38700.0,593521.39,0.8,D2_oracle,D2_cost_aware_abstention,full_true_decision_economics_plus_abstention,False,True,FP_COST_NOISE_HIGH,0.8,0.8,25.0,25.0,0.98452,0.774,1.0,0.774,1093,2000
2000,0.335,179090.05,496832.78,51237.56,50000.0,598070.35,0.8,D1_est,D1_cost_aware_topk,full_estimated_decision_economics,True,False,FP_COST_NOISE_HIGH,0.8,0.8,25.0,25.0,,0.761339,0.694385,1.0,1093,2000
1699,0.3443,167797.14,508125.69,42858.45,42475.0,593459.14,0.8,D2_est,D2_cost_aware_abstention,full_estimated_decision_economics_plus_abstention,True,False,FP_COST_NOISE_HIGH,0.8,0.8,25.0,25.0,0.98301,0.744811,0.694385,0.8495,1093,2000
2000,0.5065,103641.52,572281.31,42911.86,50000.0,665193.17,0.8,B_topk_probability,B_topk_probability,probability_only,True,False,REVIEW_EFFECTIVENESS_OPTIMISM,0.8,1.0,25.0,25.0,,0.251956,1.0,1.0,1093,2000
2000,0.306,185768.3,490154.53,60246.96,50000.0,600401.5,0.8,C_oracle,C_expected_exposure,probability_plus_true_exposure,False,True,REVIEW_EFFECTIVENESS_OPTIMISM,0.8,1.0,25.0,25.0,,0.716002,0.369484,1.0,1093,2000
2000,0.306,185768.3,490154.53,60246.96,50000.0,600401.5,0.8,C_est,C_expected_exposure,probability_plus_estimated_exposure,True,False,REVIEW_EFFECTIVENESS_OPTIMISM,0.8,1.0,25.0,25.0,,0.716002,0.369484,1.0,1093,2000
2000,0.3405,181812.0,494110.83,49011.08,50000.0,593121.91,0.8,D1_oracle,D1_cost_aware_topk,full_true_decision_economics,False,True,REVIEW_EFFECTIVENESS_OPTIMISM,0.8,1.0,25.0,25.0,,1.0,1.0,1.0,1093,2000
1548,0.3469,159426.53,516496.31,38325.08,38700.0,593521.39,0.8,D2_oracle,D2_cost_aware_abstention,full_true_decision_economics_plus_abstention,False,True,REVIEW_EFFECTIVENESS_OPTIMISM,0.8,1.0,25.0,25.0,0.98452,0.774,1.0,0.774,1093,2000
2000,0.332,182685.65,493237.18,51093.26,50000.0,594330.45,0.8,D1_est,D1_cost_aware_topk,full_estimated_decision_economics,True,False,REVIEW_EFFECTIVENESS_OPTIMISM,0.8,1.0,25.0,25.0,,0.937984,0.998236,1.0,1093,2000
2000,0.332,182685.65,493237.18,51093.26,50000.0,594330.45,0.8,D2_est,D2_cost_aware_abstention,full_estimated_decision_economics_plus_abstention,True,False,REVIEW_EFFECTIVENESS_OPTIMISM,0.8,1.0,25.0,25.0,0.97918,0.937984,0.998236,1.0,1093,2000
2000,0.5065,103641.52,572281.31,42911.86,50000.0,665193.17,0.8,B_topk_probability,B_topk_probability,probability_only,True,False,REVIEW_EFFECTIVENESS_PESSIMISM,0.8,0.6,25.0,25.0,,0.251956,1.0,1.0,1093,2000
2000,0.306,185768.3,490154.53,60246.96,50000.0,600401.5,0.8,C_oracle,C_expected_exposure,probability_plus_true_exposure,False,True,REVIEW_EFFECTIVENESS_PESSIMISM,0.8,0.6,25.0,25.0,,0.716002,0.369484,1.0,1093,2000
2000,0.306,185768.3,490154.53,60246.96,50000.0,600401.5,0.8,C_est,C_expected_exposure,probability_plus_estimated_exposure,True,False,REVIEW_EFFECTIVENESS_PESSIMISM,0.8,0.6,25.0,25.0,,0.716002,0.369484,1.0,1093,2000
2000,0.3405,181812.0,494110.83,49011.08,50000.0,593121.91,0.8,D1_oracle,D1_cost_aware_topk,full_true_decision_economics,False,True,REVIEW_EFFECTIVENESS_PESSIMISM,0.8,0.6,25.0,25.0,,1.0,1.0,1.0,1093,2000
1548,0.3469,159426.53,516496.31,38325.08,38700.0,593521.39,0.8,D2_oracle,D2_cost_aware_abstention,full_true_decision_economics_plus_abstention,False,True,REVIEW_EFFECTIVENESS_PESSIMISM,0.8,0.6,25.0,25.0,0.98452,0.774,1.0,0.774,1093,2000
2000,0.344,177232.77,498690.06,47255.47,50000.0,595945.53,0.8,D1_est,D1_cost_aware_topk,full_estimated_decision_economics,True,False,REVIEW_EFFECTIVENESS_PESSIMISM,0.8,0.6,25.0,25.0,,0.920307,0.997572,1.0,1093,2000
1032,0.3857,130409.46,545513.38,23618.56,25800.0,594931.93,0.8,D2_est,D2_cost_aware_abstention,full_estimated_decision_economics_plus_abstention,True,False,REVIEW_EFFECTIVENESS_PESSIMISM,0.8,0.6,25.0,25.0,0.98968,0.516,0.997572,0.516,1093,2000
2000,0.5065,103641.52,572281.31,42911.86,50000.0,665193.17,0.8,B_topk_probability,B_topk_probability,probability_only,True,False,JOINT_MODERATE_MISSPECIFICATION,0.8,0.9,25.0,25.0,,0.251956,1.0,1.0,1093,2000
2000,0.306,185768.3,490154.53,60246.96,50000.0,600401.5,0.8,C_oracle,C_expected_exposure,probability_plus_true_exposure,False,True,JOINT_MODERATE_MISSPECIFICATION,0.8,0.9,25.0,25.0,,0.716002,0.369484,1.0,1093,2000
2000,0.2985,180695.45,495227.38,61151.18,50000.0,606378.56,0.8,C_est,C_expected_exposure,probability_plus_estimated_exposure,True,False,JOINT_MODERATE_MISSPECIFICATION,0.8,0.9,25.0,25.0,,0.620746,0.365198,1.0,1093,2000
2000,0.3405,181812.0,494110.83,49011.08,50000.0,593121.91,0.8,D1_oracle,D1_cost_aware_topk,full_true_decision_economics,False,True,JOINT_MODERATE_MISSPECIFICATION,0.8,0.9,25.0,25.0,,1.0,1.0,1.0,1093,2000
1548,0.3469,159426.53,516496.31,38325.08,38700.0,593521.39,0.8,D2_oracle,D2_cost_aware_abstention,full_true_decision_economics_plus_abstention,False,True,JOINT_MODERATE_MISSPECIFICATION,0.8,0.9,25.0,25.0,0.98452,0.774,1.0,0.774,1093,2000
2000,0.326,180174.34,495748.49,51490.31,50000.0,597238.8,0.8,D1_est,D1_cost_aware_topk,full_estimated_decision_economics,True,False,JOINT_MODERATE_MISSPECIFICATION,0.8,0.9,25.0,25.0,,0.707942,0.831772,1.0,1093,2000
1890,0.328,174560.17,501362.67,48624.88,47250.0,597237.55,0.8,D2_est,D2_cost_aware_abstention,full_estimated_decision_economics_plus_abstention,True,False,JOINT_MODERATE_MISSPECIFICATION,0.8,0.9,25.0,25.0,0.9811,0.699432,0.831772,0.945,1093,2000
2000,0.518,99085.33,534334.19,41320.2,50000.0,625654.39,0.8,B_topk_probability,B_topk_probability,probability_only,True,False,ORACLE,0.8,0.8,25.0,25.0,,0.240695,1.0,1.0,1110,2000
2000,0.3015,170042.63,463376.9,60219.98,50000.0,573596.87,0.8,C_oracle,C_expected_exposure,probability_plus_true_exposure,False,True,ORACLE,0.8,0.8,25.0,25.0,,0.722653,0.3628,1.0,1110,2000
2000,0.3015,170042.63,463376.9,60219.98,50000.0,573596.87,0.8,C_est,C_expected_exposure,probability_plus_estimated_exposure,True,False,ORACLE,0.8,0.8,25.0,25.0,,0.722653,0.3628,1.0,1110,2000
2000,0.342,169445.98,463973.55,48357.75,50000.0,562331.3,0.8,D1_oracle,D1_cost_aware_topk,full_true_decision_economics,False,True,ORACLE,0.8,0.8,25.0,25.0,,1.0,1.0,1.0,1110,2000
1456,0.3599,146801.47,486618.06,34894.96,36400.0,557913.02,0.8,D2_oracle,D2_cost_aware_abstention,full_true_decision_economics_plus_abstention,False,True,ORACLE,0.8,0.8,25.0,25.0,0.98544,0.728,1.0,0.728,1110,2000
2000,0.342,169445.98,463973.55,48357.75,50000.0,562331.3,0.8,D1_est,D1_cost_aware_topk,full_estimated_decision_economics,True,False,ORACLE,0.8,0.8,25.0,25.0,,1.0,1.0,1.0,1110,2000
1456,0.3599,146801.47,486618.06,34894.96,36400.0,557913.02,0.8,D2_est,D2_cost_aware_abstention,full_estimated_decision_economics_plus_abstention,True,False,ORACLE,0.8,0.8,25.0,25.0,0.98544,0.728,1.0,0.728,1110,2000
2000,0.518,99085.33,534334.19,41320.2,50000.0,625654.39,0.8,B_topk_probability,B_topk_probability,probability_only,True,False,VALUE_NOISE_LOW,0.8,0.8,25.0,25.0,,0.240695,1.0,1.0,1110,2000
2000,0.3015,170042.63,463376.9,60219.98,50000.0,573596.87,0.8,C_oracle,C_expected_exposure,probability_plus_true_exposure,False,True,VALUE_NOISE_LOW,0.8,0.8,25.0,25.0,,0.722653,0.3628,1.0,1110,2000
2000,0.3075,169747.61,463671.92,59884.14,50000.0,573556.06,0.8,C_est,C_expected_exposure,probability_plus_estimated_exposure,True,False,VALUE_NOISE_LOW,0.8,0.8,25.0,25.0,,0.668753,0.360143,1.0,1110,2000
2000,0.342,169445.98,463973.55,48357.75,50000.0,562331.3,0.8,D1_oracle,D1_cost_aware_topk,full_true_decision_economics,False,True,VALUE_NOISE_LOW,0.8,0.8,25.0,25.0,,1.0,1.0,1.0,1110,2000
1456,0.3599,146801.47,486618.06,34894.96,36400.0,557913.02,0.8,D2_oracle,D2_cost_aware_abstention,full_true_decision_economics_plus_abstention,False,True,VALUE_NOISE_LOW,0.8,0.8,25.0,25.0,0.98544,0.728,1.0,0.728,1110,2000
2000,0.3375,168070.07,465349.46,48787.93,50000.0,564137.39,0.8,D1_est,D1_cost_aware_topk,full_estimated_decision_economics,True,False,VALUE_NOISE_LOW,0.8,0.8,25.0,25.0,,0.80424,0.99825,1.0,1110,2000
1474,0.3636,146058.32,487361.2,35253.42,36850.0,559464.62,0.8,D2_est,D2_cost_aware_abstention,full_estimated_decision_economics_plus_abstention,True,False,VALUE_NOISE_LOW,0.8,0.8,25.0,25.0,0.98526,0.708805,0.99825,0.737,1110,2000
2000,0.518,99085.33,534334.19,41320.2,50000.0,625654.39,0.8,B_topk_probability,B_topk_probability,probability_only,True,False,VALUE_NOISE_HIGH,0.8,0.8,25.0,25.0,,0.240695,1.0,1.0,1110,2000
2000,0.3015,170042.63,463376.9,60219.98,50000.0,573596.87,0.8,C_oracle,C_expected_exposure,probability_plus_true_exposure,False,True,VALUE_NOISE_HIGH,0.8,0.8,25.0,25.0,,0.722653,0.3628,1.0,1110,2000
2000,0.2975,162288.69,471130.83,60424.44,50000.0,581555.27,0.8,C_est,C_expected_exposure,probability_plus_estimated_exposure,True,False,VALUE_NOISE_HIGH,0.8,0.8,25.0,25.0,,0.529637,0.350808,1.0,1110,2000
2000,0.342,169445.98,463973.55,48357.75,50000.0,562331.3,0.8,D1_oracle,D1_cost_aware_topk,full_true_decision_economics,False,True,VALUE_NOISE_HIGH,0.8,0.8,25.0,25.0,,1.0,1.0,1.0,1110,2000
1456,0.3599,146801.47,486618.06,34894.96,36400.0,557913.02,0.8,D2_oracle,D2_cost_aware_abstention,full_true_decision_economics_plus_abstention,False,True,VALUE_NOISE_HIGH,0.8,0.8,25.0,25.0,0.98544,0.728,1.0,0.728,1110,2000
2000,0.3265,160894.48,472525.05,49677.85,50000.0,572202.9,0.8,D1_est,D1_cost_aware_topk,full_estimated_decision_economics,True,False,VALUE_NOISE_HIGH,0.8,0.8,25.0,25.0,,0.605136,0.990846,1.0,1110,2000
1517,0.354,142694.33,490725.19,36861.88,37925.0,565512.07,0.8,D2_est,D2_cost_aware_abstention,full_estimated_decision_economics_plus_abstention,True,False,VALUE_NOISE_HIGH,0.8,0.8,25.0,25.0,0.98483,0.572195,0.990846,0.7585,1110,2000
2000,0.518,99085.33,534334.19,41320.2,50000.0,625654.39,0.8,B_topk_probability,B_topk_probability,probability_only,True,False,FP_COST_NOISE_LOW,0.8,0.8,25.0,25.0,,0.240695,1.0,1.0,1110,2000
2000,0.3015,170042.63,463376.9,60219.98,50000.0,573596.87,0.8,C_oracle,C_expected_exposure,probability_plus_true_exposure,False,True,FP_COST_NOISE_LOW,0.8,0.8,25.0,25.0,,0.722653,0.3628,1.0,1110,2000
2000,0.3015,170042.63,463376.9,60219.98,50000.0,573596.87,0.8,C_est,C_expected_exposure,probability_plus_estimated_exposure,True,False,FP_COST_NOISE_LOW,0.8,0.8,25.0,25.0,,0.722653,0.3628,1.0,1110,2000
2000,0.342,169445.98,463973.55,48357.75,50000.0,562331.3,0.8,D1_oracle,D1_cost_aware_topk,full_true_decision_economics,False,True,FP_COST_NOISE_LOW,0.8,0.8,25.0,25.0,,1.0,1.0,1.0,1110,2000
1456,0.3599,146801.47,486618.06,34894.96,36400.0,557913.02,0.8,D2_oracle,D2_cost_aware_abstention,full_true_decision_economics_plus_abstention,False,True,FP_COST_NOISE_LOW,0.8,0.8,25.0,25.0,0.98544,0.728,1.0,0.728,1110,2000
2000,0.337,169282.82,464136.7,49165.38,50000.0,563302.08,0.8,D1_est,D1_cost_aware_topk,full_estimated_decision_economics,True,False,FP_COST_NOISE_LOW,0.8,0.8,25.0,25.0,,0.880583,0.911207,1.0,1110,2000
1481,0.3538,145458.27,487961.26,36097.12,37025.0,561083.38,0.8,D2_est,D2_cost_aware_abstention,full_estimated_decision_economics_plus_abstention,True,False,FP_COST_NOISE_LOW,0.8,0.8,25.0,25.0,0.98519,0.737893,0.911207,0.7405,1110,2000
2000,0.518,99085.33,534334.19,41320.2,50000.0,625654.39,0.8,B_topk_probability,B_topk_probability,probability_only,True,False,FP_COST_NOISE_HIGH,0.8,0.8,25.0,25.0,,0.240695,1.0,1.0,1110,2000
2000,0.3015,170042.63,463376.9,60219.98,50000.0,573596.87,0.8,C_oracle,C_expected_exposure,probability_plus_true_exposure,False,True,FP_COST_NOISE_HIGH,0.8,0.8,25.0,25.0,,0.722653,0.3628,1.0,1110,2000
2000,0.3015,170042.63,463376.9,60219.98,50000.0,573596.87,0.8,C_est,C_expected_exposure,probability_plus_estimated_exposure,True,False,FP_COST_NOISE_HIGH,0.8,0.8,25.0,25.0,,0.722653,0.3628,1.0,1110,2000
2000,0.342,169445.98,463973.55,48357.75,50000.0,562331.3,0.8,D1_oracle,D1_cost_aware_topk,full_true_decision_economics,False,True,FP_COST_NOISE_HIGH,0.8,0.8,25.0,25.0,,1.0,1.0,1.0,1110,2000
1456,0.3599,146801.47,486618.06,34894.96,36400.0,557913.02,0.8,D2_oracle,D2_cost_aware_abstention,full_true_decision_economics_plus_abstention,False,True,FP_COST_NOISE_HIGH,0.8,0.8,25.0,25.0,0.98544,0.728,1.0,0.728,1110,2000
2000,0.327,163678.25,469741.27,51302.56,50000.0,571043.83,0.8,D1_est,D1_cost_aware_topk,full_estimated_decision_economics,True,False,FP_COST_NOISE_HIGH,0.8,0.8,25.0,25.0,,0.762115,0.695647,1.0,1110,2000
1594,0.34,149245.84,484173.68,40752.54,39850.0,564776.23,0.8,D2_est,D2_cost_aware_abstention,full_estimated_decision_economics_plus_abstention,True,False,FP_COST_NOISE_HIGH,0.8,0.8,25.0,25.0,0.98406,0.731214,0.695647,0.797,1110,2000
2000,0.518,99085.33,534334.19,41320.2,50000.0,625654.39,0.8,B_topk_probability,B_topk_probability,probability_only,True,False,REVIEW_EFFECTIVENESS_OPTIMISM,0.8,1.0,25.0,25.0,,0.240695,1.0,1.0,1110,2000
2000,0.3015,170042.63,463376.9,60219.98,50000.0,573596.87,0.8,C_oracle,C_expected_exposure,probability_plus_true_exposure,False,True,REVIEW_EFFECTIVENESS_OPTIMISM,0.8,1.0,25.0,25.0,,0.722653,0.3628,1.0,1110,2000
2000,0.3015,170042.63,463376.9,60219.98,50000.0,573596.87,0.8,C_est,C_expected_exposure,probability_plus_estimated_exposure,True,False,REVIEW_EFFECTIVENESS_OPTIMISM,0.8,1.0,25.0,25.0,,0.722653,0.3628,1.0,1110,2000
2000,0.342,169445.98,463973.55,48357.75,50000.0,562331.3,0.8,D1_oracle,D1_cost_aware_topk,full_true_decision_economics,False,True,REVIEW_EFFECTIVENESS_OPTIMISM,0.8,1.0,25.0,25.0,,1.0,1.0,1.0,1110,2000
1456,0.3599,146801.47,486618.06,34894.96,36400.0,557913.02,0.8,D2_oracle,D2_cost_aware_abstention,full_true_decision_economics_plus_abstention,False,True,REVIEW_EFFECTIVENESS_OPTIMISM,0.8,1.0,25.0,25.0,0.98544,0.728,1.0,0.728,1110,2000
2000,0.3335,169609.85,463809.68,50092.5,50000.0,563902.18,0.8,D1_est,D1_cost_aware_topk,full_estimated_decision_economics,True,False,REVIEW_EFFECTIVENESS_OPTIMISM,0.8,1.0,25.0,25.0,,0.948368,0.998297,1.0,1110,2000
1979,0.3355,169415.68,464003.85,49507.04,49475.0,562985.88,0.8,D2_est,D2_cost_aware_abstention,full_estimated_decision_economics_plus_abstention,True,False,REVIEW_EFFECTIVENESS_OPTIMISM,0.8,1.0,25.0,25.0,0.98021,0.94858,0.998297,0.9895,1110,2000
2000,0.518,99085.33,534334.19,41320.2,50000.0,625654.39,0.8,B_topk_probability,B_topk_probability,probability_only,True,False,REVIEW_EFFECTIVENESS_PESSIMISM,0.8,0.6,25.0,25.0,,0.240695,1.0,1.0,1110,2000
2000,0.3015,170042.63,463376.9,60219.98,50000.0,573596.87,0.8,C_oracle,C_expected_exposure,probability_plus_true_exposure,False,True,REVIEW_EFFECTIVENESS_PESSIMISM,0.8,0.6,25.0,25.0,,0.722653,0.3628,1.0,1110,2000
2000,0.3015,170042.63,463376.9,60219.98,50000.0,573596.87,0.8,C_est,C_expected_exposure,probability_plus_estimated_exposure,True,False,REVIEW_EFFECTIVENESS_PESSIMISM,0.8,0.6,25.0,25.0,,0.722653,0.3628,1.0,1110,2000
2000,0.342,169445.98,463973.55,48357.75,50000.0,562331.3,0.8,D1_oracle,D1_cost_aware_topk,full_true_decision_economics,False,True,REVIEW_EFFECTIVENESS_PESSIMISM,0.8,0.6,25.0,25.0,,1.0,1.0,1.0,1110,2000
1456,0.3599,146801.47,486618.06,34894.96,36400.0,557913.02,0.8,D2_oracle,D2_cost_aware_abstention,full_true_decision_economics_plus_abstention,False,True,REVIEW_EFFECTIVENESS_PESSIMISM,0.8,0.6,25.0,25.0,0.98544,0.728,1.0,0.728,1110,2000
2000,0.3535,167414.26,466005.26,45757.41,50000.0,561762.68,0.8,D1_est,D1_cost_aware_topk,full_estimated_decision_economics,True,False,REVIEW_EFFECTIVENESS_PESSIMISM,0.8,0.6,25.0,25.0,,0.908397,0.99765,1.0,1110,2000
986,0.3986,119417.68,514001.84,22197.89,24650.0,560849.73,0.8,D2_est,D2_cost_aware_abstention,full_estimated_decision_economics_plus_abstention,True,False,REVIEW_EFFECTIVENESS_PESSIMISM,0.8,0.6,25.0,25.0,0.99014,0.493,0.99765,0.493,1110,2000
2000,0.518,99085.33,534334.19,41320.2,50000.0,625654.39,0.8,B_topk_probability,B_topk_probability,probability_only,True,False,JOINT_MODERATE_MISSPECIFICATION,0.8,0.9,25.0,25.0,,0.240695,1.0,1.0,1110,2000
2000,0.3015,170042.63,463376.9,60219.98,50000.0,573596.87,0.8,C_oracle,C_expected_exposure,probability_plus_true_exposure,False,True,JOINT_MODERATE_MISSPECIFICATION,0.8,0.9,25.0,25.0,,0.722653,0.3628,1.0,1110,2000
2000,0.306,167076.25,466343.27,59790.19,50000.0,576133.46,0.8,C_est,C_expected_exposure,probability_plus_estimated_exposure,True,False,JOINT_MODERATE_MISSPECIFICATION,0.8,0.9,25.0,25.0,,0.618778,0.357595,1.0,1110,2000
2000,0.342,169445.98,463973.55,48357.75,50000.0,562331.3,0.8,D1_oracle,D1_cost_aware_topk,full_true_decision_economics,False,True,JOINT_MODERATE_MISSPECIFICATION,0.8,0.9,25.0,25.0,,1.0,1.0,1.0,1110,2000
1456,0.3599,146801.47,486618.06,34894.96,36400.0,557913.02,0.8,D2_oracle,D2_cost_aware_abstention,full_true_decision_economics_plus_abstention,False,True,JOINT_MODERATE_MISSPECIFICATION,0.8,0.9,25.0,25.0,0.98544,0.728,1.0,0.728,1110,2000
2000,0.3295,163801.6,469617.92,50616.01,50000.0,570233.93,0.8,D1_est,D1_cost_aware_topk,full_estimated_decision_economics,True,False,JOINT_MODERATE_MISSPECIFICATION,0.8,0.9,25.0,25.0,,0.701404,0.830352,1.0,1110,2000
1776,0.3384,156512.18,476907.34,44631.98,44400.0,565939.32,0.8,D2_est,D2_cost_aware_abstention,full_estimated_decision_economics_plus_abstention,True,False,JOINT_MODERATE_MISSPECIFICATION,0.8,0.9,25.0,25.0,0.98224,0.700901,0.830352,0.888,1110,2000
2000,0.505,93318.24,562372.92,43615.25,50000.0,655988.17,0.8,B_topk_probability,B_topk_probability,probability_only,True,False,ORACLE,0.8,0.8,25.0,25.0,,0.246883,1.0,1.0,1127,2000
2000,0.3125,181867.66,473823.5,59104.71,50000.0,582928.21,0.8,C_oracle,C_expected_exposure,probability_plus_true_exposure,False,True,ORACLE,0.8,0.8,25.0,25.0,,0.723395,0.364815,1.0,1127,2000
2000,0.3125,181867.66,473823.5,59104.71,50000.0,582928.21,0.8,C_est,C_expected_exposure,probability_plus_estimated_exposure,True,False,ORACLE,0.8,0.8,25.0,25.0,,0.723395,0.364815,1.0,1127,2000
2000,0.3415,175767.54,479923.63,48871.01,50000.0,578794.64,0.8,D1_oracle,D1_cost_aware_topk,full_true_decision_economics,False,True,ORACLE,0.8,0.8,25.0,25.0,,1.0,1.0,1.0,1127,2000
1504,0.359,153969.11,501722.06,36362.13,37600.0,575684.18,0.8,D2_oracle,D2_cost_aware_abstention,full_true_decision_economics_plus_abstention,False,True,ORACLE,0.8,0.8,25.0,25.0,0.98496,0.752,1.0,0.752,1127,2000
2000,0.3415,175767.54,479923.63,48871.01,50000.0,578794.64,0.8,D1_est,D1_cost_aware_topk,full_estimated_decision_economics,True,False,ORACLE,0.8,0.8,25.0,25.0,,1.0,1.0,1.0,1127,2000
1504,0.359,153969.11,501722.06,36362.13,37600.0,575684.18,0.8,D2_est,D2_cost_aware_abstention,full_estimated_decision_economics_plus_abstention,True,False,ORACLE,0.8,0.8,25.0,25.0,0.98496,0.752,1.0,0.752,1127,2000
2000,0.505,93318.24,562372.92,43615.25,50000.0,655988.17,0.8,B_topk_probability,B_topk_probability,probability_only,True,False,VALUE_NOISE_LOW,0.8,0.8,25.0,25.0,,0.246883,1.0,1.0,1127,2000
2000,0.3125,181867.66,473823.5,59104.71,50000.0,582928.21,0.8,C_oracle,C_expected_exposure,probability_plus_true_exposure,False,True,VALUE_NOISE_LOW,0.8,0.8,25.0,25.0,,0.723395,0.364815,1.0,1127,2000
2000,0.31,180706.66,474984.5,59288.65,50000.0,584273.15,0.8,C_est,C_expected_exposure,probability_plus_estimated_exposure,True,False,VALUE_NOISE_LOW,0.8,0.8,25.0,25.0,,0.681379,0.363506,1.0,1127,2000
2000,0.3415,175767.54,479923.63,48871.01,50000.0,578794.64,0.8,D1_oracle,D1_cost_aware_topk,full_true_decision_economics,False,True,VALUE_NOISE_LOW,0.8,0.8,25.0,25.0,,1.0,1.0,1.0,1127,2000
1504,0.359,153969.11,501722.06,36362.13,37600.0,575684.18,0.8,D2_oracle,D2_cost_aware_abstention,full_true_decision_economics_plus_abstention,False,True,VALUE_NOISE_LOW,0.8,0.8,25.0,25.0,0.98496,0.752,1.0,0.752,1127,2000
2000,0.3435,175343.53,480347.63,48792.61,50000.0,579140.24,0.8,D1_est,D1_cost_aware_topk,full_estimated_decision_economics,True,False,VALUE_NOISE_LOW,0.8,0.8,25.0,25.0,,0.812415,0.998184,1.0,1127,2000
1524,0.3491,152512.95,503178.21,37475.58,38100.0,578753.8,0.8,D2_est,D2_cost_aware_abstention,full_estimated_decision_economics_plus_abstention,True,False,VALUE_NOISE_LOW,0.8,0.8,25.0,25.0,0.98476,0.72407,0.998184,0.762,1127,2000
2000,0.505,93318.24,562372.92,43615.25,50000.0,655988.17,0.8,B_topk_probability,B_topk_probability,probability_only,True,False,VALUE_NOISE_HIGH,0.8,0.8,25.0,25.0,,0.246883,1.0,1.0,1127,2000
2000,0.3125,181867.66,473823.5,59104.71,50000.0,582928.21,0.8,C_oracle,C_expected_exposure,probability_plus_true_exposure,False,True,VALUE_NOISE_HIGH,0.8,0.8,25.0,25.0,,0.723395,0.364815,1.0,1127,2000
2000,0.2955,170212.93,485478.24,61030.01,50000.0,596508.25,0.8,C_est,C_expected_exposure,probability_plus_estimated_exposure,True,False,VALUE_NOISE_HIGH,0.8,0.8,25.0,25.0,,0.537279,0.355811,1.0,1127,2000
2000,0.3415,175767.54,479923.63,48871.01,50000.0,578794.64,0.8,D1_oracle,D1_cost_aware_topk,full_true_decision_economics,False,True,VALUE_NOISE_HIGH,0.8,0.8,25.0,25.0,,1.0,1.0,1.0,1127,2000
1504,0.359,153969.11,501722.06,36362.13,37600.0,575684.18,0.8,D2_oracle,D2_cost_aware_abstention,full_true_decision_economics_plus_abstention,False,True,VALUE_NOISE_HIGH,0.8,0.8,25.0,25.0,0.98496,0.752,1.0,0.752,1127,2000
2000,0.333,167168.77,488522.4,49754.62,50000.0,588277.01,0.8,D1_est,D1_cost_aware_topk,full_estimated_decision_economics,True,False,VALUE_NOISE_HIGH,0.8,0.8,25.0,25.0,,0.618778,0.990635,1.0,1127,2000
1562,0.3399,147110.95,508580.21,39098.26,39050.0,586728.47,0.8,D2_est,D2_cost_aware_abstention,full_estimated_decision_economics_plus_abstention,True,False,VALUE_NOISE_HIGH,0.8,0.8,25.0,25.0,0.98438,0.577502,0.990635,0.781,1127,2000
2000,0.505,93318.24,562372.92,43615.25,50000.0,655988.17,0.8,B_topk_probability,B_topk_probability,probability_only,True,False,FP_COST_NOISE_LOW,0.8,0.8,25.0,25.0,,0.246883,1.0,1.0,1127,2000
2000,0.3125,181867.66,473823.5,59104.71,50000.0,582928.21,0.8,C_oracle,C_expected_exposure,probability_plus_true_exposure,False,True,FP_COST_NOISE_LOW,0.8,0.8,25.0,25.0,,0.723395,0.364815,1.0,1127,2000
2000,0.3125,181867.66,473823.5,59104.71,50000.0,582928.21,0.8,C_est,C_expected_exposure,probability_plus_estimated_exposure,True,False,FP_COST_NOISE_LOW,0.8,0.8,25.0,25.0,,0.723395,0.364815,1.0,1127,2000
2000,0.3415,175767.54,479923.63,48871.01,50000.0,578794.64,0.8,D1_oracle,D1_cost_aware_topk,full_true_decision_economics,False,True,FP_COST_NOISE_LOW,0.8,0.8,25.0,25.0,,1.0,1.0,1.0,1127,2000
1504,0.359,153969.11,501722.06,36362.13,37600.0,575684.18,0.8,D2_oracle,D2_cost_aware_abstention,full_true_decision_economics_plus_abstention,False,True,FP_COST_NOISE_LOW,0.8,0.8,25.0,25.0,0.98496,0.752,1.0,0.752,1127,2000
2000,0.3415,174082.41,481608.75,49095.14,50000.0,580703.89,0.8,D1_est,D1_cost_aware_topk,full_estimated_decision_economics,True,False,FP_COST_NOISE_LOW,0.8,0.8,25.0,25.0,,0.888574,0.909357,1.0,1127,2000
1522,0.3587,155795.07,499896.1,36766.68,38050.0,574712.78,0.8,D2_est,D2_cost_aware_abstention,full_estimated_decision_economics_plus_abstention,True,False,FP_COST_NOISE_LOW,0.8,0.8,25.0,25.0,0.98478,0.753984,0.909357,0.761,1127,2000
2000,0.505,93318.24,562372.92,43615.25,50000.0,655988.17,0.8,B_topk_probability,B_topk_probability,probability_only,True,False,FP_COST_NOISE_HIGH,0.8,0.8,25.0,25.0,,0.246883,1.0,1.0,1127,2000
2000,0.3125,181867.66,473823.5,59104.71,50000.0,582928.21,0.8,C_oracle,C_expected_exposure,probability_plus_true_exposure,False,True,FP_COST_NOISE_HIGH,0.8,0.8,25.0,25.0,,0.723395,0.364815,1.0,1127,2000
2000,0.3125,181867.66,473823.5,59104.71,50000.0,582928.21,0.8,C_est,C_expected_exposure,probability_plus_estimated_exposure,True,False,FP_COST_NOISE_HIGH,0.8,0.8,25.0,25.0,,0.723395,0.364815,1.0,1127,2000
2000,0.3415,175767.54,479923.63,48871.01,50000.0,578794.64,0.8,D1_oracle,D1_cost_aware_topk,full_true_decision_economics,False,True,FP_COST_NOISE_HIGH,0.8,0.8,25.0,25.0,,1.0,1.0,1.0,1127,2000
1504,0.359,153969.11,501722.06,36362.13,37600.0,575684.18,0.8,D2_oracle,D2_cost_aware_abstention,full_true_decision_economics_plus_abstention,False,True,FP_COST_NOISE_HIGH,0.8,0.8,25.0,25.0,0.98496,0.752,1.0,0.752,1127,2000
2000,0.3355,172723.67,482967.49,50455.93,50000.0,583423.43,0.8,D1_est,D1_cost_aware_topk,full_estimated_decision_economics,True,False,FP_COST_NOISE_HIGH,0.8,0.8,25.0,25.0,,0.763668,0.690006,1.0,1127,2000
1641,0.348,158911.34,496779.83,40856.0,41025.0,578660.82,0.8,D2_est,D2_cost_aware_abstention,full_estimated_decision_economics_plus_abstention,True,False,FP_COST_NOISE_HIGH,0.8,0.8,25.0,25.0,0.98359,0.745446,0.690006,0.8205,1127,2000
2000,0.505,93318.24,562372.92,43615.25,50000.0,655988.17,0.8,B_topk_probability,B_topk_probability,probability_only,True,False,REVIEW_EFFECTIVENESS_OPTIMISM,0.8,1.0,25.0,25.0,,0.246883,1.0,1.0,1127,2000
2000,0.3125,181867.66,473823.5,59104.71,50000.0,582928.21,0.8,C_oracle,C_expected_exposure,probability_plus_true_exposure,False,True,REVIEW_EFFECTIVENESS_OPTIMISM,0.8,1.0,25.0,25.0,,0.723395,0.364815,1.0,1127,2000
2000,0.3125,181867.66,473823.5,59104.71,50000.0,582928.21,0.8,C_est,C_expected_exposure,probability_plus_estimated_exposure,True,False,REVIEW_EFFECTIVENESS_OPTIMISM,0.8,1.0,25.0,25.0,,0.723395,0.364815,1.0,1127,2000
2000,0.3415,175767.54,479923.63,48871.01,50000.0,578794.64,0.8,D1_oracle,D1_cost_aware_topk,full_true_decision_economics,False,True,REVIEW_EFFECTIVENESS_OPTIMISM,0.8,1.0,25.0,25.0,,1.0,1.0,1.0,1127,2000
1504,0.359,153969.11,501722.06,36362.13,37600.0,575684.18,0.8,D2_oracle,D2_cost_aware_abstention,full_true_decision_economics_plus_abstention,False,True,REVIEW_EFFECTIVENESS_OPTIMISM,0.8,1.0,25.0,25.0,0.98496,0.752,1.0,0.752,1127,2000
2000,0.3335,175669.87,480021.29,50442.27,50000.0,580463.56,0.8,D1_est,D1_cost_aware_topk,full_estimated_decision_economics,True,False,REVIEW_EFFECTIVENESS_OPTIMISM,0.8,1.0,25.0,25.0,,0.946472,0.998282,1.0,1127,2000
2000,0.3335,175669.87,480021.29,50442.27,50000.0,580463.56,0.8,D2_est,D2_cost_aware_abstention,full_estimated_decision_economics_plus_abstention,True,False,REVIEW_EFFECTIVENESS_OPTIMISM,0.8,1.0,25.0,25.0,0.97934,0.946472,0.998282,1.0,1127,2000
2000,0.505,93318.24,562372.92,43615.25,50000.0,655988.17,0.8,B_topk_probability,B_topk_probability,probability_only,True,False,REVIEW_EFFECTIVENESS_PESSIMISM,0.8,0.6,25.0,25.0,,0.246883,1.0,1.0,1127,2000
2000,0.3125,181867.66,473823.5,59104.71,50000.0,582928.21,0.8,C_oracle,C_expected_exposure,probability_plus_true_exposure,False,True,REVIEW_EFFECTIVENESS_PESSIMISM,0.8,0.6,25.0,25.0,,0.723395,0.364815,1.0,1127,2000
2000,0.3125,181867.66,473823.5,59104.71,50000.0,582928.21,0.8,C_est,C_expected_exposure,probability_plus_estimated_exposure,True,False,REVIEW_EFFECTIVENESS_PESSIMISM,0.8,0.6,25.0,25.0,,0.723395,0.364815,1.0,1127,2000
2000,0.3415,175767.54,479923.63,48871.01,50000.0,578794.64,0.8,D1_oracle,D1_cost_aware_topk,full_true_decision_economics,False,True,REVIEW_EFFECTIVENESS_PESSIMISM,0.8,0.6,25.0,25.0,,1.0,1.0,1.0,1127,2000
1504,0.359,153969.11,501722.06,36362.13,37600.0,575684.18,0.8,D2_oracle,D2_cost_aware_abstention,full_true_decision_economics_plus_abstention,False,True,REVIEW_EFFECTIVENESS_PESSIMISM,0.8,0.6,25.0,25.0,0.98496,0.752,1.0,0.752,1127,2000
2000,0.3525,172341.88,483349.29,46374.33,50000.0,579723.61,0.8,D1_est,D1_cost_aware_topk,full_estimated_decision_economics,True,False,REVIEW_EFFECTIVENESS_PESSIMISM,0.8,0.6,25.0,25.0,,0.917546,0.997626,1.0,1127,2000
998,0.3828,126157.58,529533.58,23431.45,24950.0,577915.03,0.8,D2_est,D2_cost_aware_abstention,full_estimated_decision_economics_plus_abstention,True,False,REVIEW_EFFECTIVENESS_PESSIMISM,0.8,0.6,25.0,25.0,0.99002,0.499,0.997626,0.499,1127,2000
2000,0.505,93318.24,562372.92,43615.25,50000.0,655988.17,0.8,B_topk_probability,B_topk_probability,probability_only,True,False,JOINT_MODERATE_MISSPECIFICATION,0.8,0.9,25.0,25.0,,0.246883,1.0,1.0,1127,2000
2000,0.3125,181867.66,473823.5,59104.71,50000.0,582928.21,0.8,C_oracle,C_expected_exposure,probability_plus_true_exposure,False,True,JOINT_MODERATE_MISSPECIFICATION,0.8,0.9,25.0,25.0,,0.723395,0.364815,1.0,1127,2000
2000,0.3065,179064.09,476627.08,59952.38,50000.0,586579.46,0.8,C_est,C_expected_exposure,probability_plus_estimated_exposure,True,False,JOINT_MODERATE_MISSPECIFICATION,0.8,0.9,25.0,25.0,,0.634655,0.361561,1.0,1127,2000
2000,0.3415,175767.54,479923.63,48871.01,50000.0,578794.64,0.8,D1_oracle,D1_cost_aware_topk,full_true_decision_economics,False,True,JOINT_MODERATE_MISSPECIFICATION,0.8,0.9,25.0,25.0,,1.0,1.0,1.0,1127,2000
1504,0.359,153969.11,501722.06,36362.13,37600.0,575684.18,0.8,D2_oracle,D2_cost_aware_abstention,full_true_decision_economics_plus_abstention,False,True,JOINT_MODERATE_MISSPECIFICATION,0.8,0.9,25.0,25.0,0.98496,0.752,1.0,0.752,1127,2000
2000,0.3295,172624.23,483066.93,51187.34,50000.0,584254.27,0.8,D1_est,D1_cost_aware_topk,full_estimated_decision_economics,True,False,JOINT_MODERATE_MISSPECIFICATION,0.8,0.9,25.0,25.0,,0.698514,0.830619,1.0,1127,2000
1865,0.3357,166718.62,488972.55,47339.95,46625.0,582937.49,0.8,D2_est,D2_cost_aware_abstention,full_estimated_decision_economics_plus_abstention,True,False,JOINT_MODERATE_MISSPECIFICATION,0.8,0.9,25.0,25.0,0.98135,0.69369,0.830619,0.9325,1127,2000
2000,0.504,102533.91,545462.31,43441.1,50000.0,638903.41,0.8,B_topk_probability,B_topk_probability,probability_only,True,False,ORACLE,0.8,0.8,25.0,25.0,,0.24533,1.0,1.0,1144,2000
2000,0.308,190519.78,457476.44,60036.13,50000.0,567512.57,0.8,C_oracle,C_expected_exposure,probability_plus_true_exposure,False,True,ORACLE,0.8,0.8,25.0,25.0,,0.727862,0.366808,1.0,1144,2000
2000,0.308,190519.78,457476.44,60036.13,50000.0,567512.57,0.8,C_est,C_expected_exposure,probability_plus_estimated_exposure,True,False,ORACLE,0.8,0.8,25.0,25.0,,0.727862,0.366808,1.0,1144,2000
2000,0.3395,183012.84,464983.38,48845.63,50000.0,563829.0,0.8,D1_oracle,D1_cost_aware_topk,full_true_decision_economics,False,True,ORACLE,0.8,0.8,25.0,25.0,,1.0,1.0,1.0,1144,2000
1529,0.3558,161389.38,486606.84,37385.34,38225.0,562217.18,0.8,D2_oracle,D2_cost_aware_abstention,full_true_decision_economics_plus_abstention,False,True,ORACLE,0.8,0.8,25.0,25.0,0.98471,0.7645,1.0,0.7645,1144,2000
2000,0.3395,183012.84,464983.38,48845.63,50000.0,563829.0,0.8,D1_est,D1_cost_aware_topk,full_estimated_decision_economics,True,False,ORACLE,0.8,0.8,25.0,25.0,,1.0,1.0,1.0,1144,2000
1529,0.3558,161389.38,486606.84,37385.34,38225.0,562217.18,0.8,D2_est,D2_cost_aware_abstention,full_estimated_decision_economics_plus_abstention,True,False,ORACLE,0.8,0.8,25.0,25.0,0.98471,0.7645,1.0,0.7645,1144,2000
2000,0.504,102533.91,545462.31,43441.1,50000.0,638903.41,0.8,B_topk_probability,B_topk_probability,probability_only,True,False,VALUE_NOISE_LOW,0.8,0.8,25.0,25.0,,0.24533,1.0,1.0,1144,2000
2000,0.308,190519.78,457476.44,60036.13,50000.0,567512.57,0.8,C_oracle,C_expected_exposure,probability_plus_true_exposure,False,True,VALUE_NOISE_LOW,0.8,0.8,25.0,25.0,,0.727862,0.366808,1.0,1144,2000
2000,0.3065,186347.46,461648.76,60627.13,50000.0,572275.89,0.8,C_est,C_expected_exposure,probability_plus_estimated_exposure,True,False,VALUE_NOISE_LOW,0.8,0.8,25.0,25.0,,0.668057,0.365071,1.0,1144,2000
2000,0.3395,183012.84,464983.38,48845.63,50000.0,563829.0,0.8,D1_oracle,D1_cost_aware_topk,full_true_decision_economics,False,True,VALUE_NOISE_LOW,0.8,0.8,25.0,25.0,,1.0,1.0,1.0,1144,2000
1529,0.3558,161389.38,486606.84,37385.34,38225.0,562217.18,0.8,D2_oracle,D2_cost_aware_abstention,full_true_decision_economics_plus_abstention,False,True,VALUE_NOISE_LOW,0.8,0.8,25.0,25.0,0.98471,0.7645,1.0,0.7645,1144,2000
2000,0.3445,181593.65,466402.57,48363.26,50000.0,564765.83,0.8,D1_est,D1_cost_aware_topk,full_estimated_decision_economics,True,False,VALUE_NOISE_LOW,0.8,0.8,25.0,25.0,,0.805054,0.998246,1.0,1144,2000
1539,0.3515,159886.07,488110.15,37800.8,38475.0,564385.95,0.8,D2_est,D2_cost_aware_abstention,full_estimated_decision_economics_plus_abstention,True,False,VALUE_NOISE_LOW,0.8,0.8,25.0,25.0,0.98461,0.728027,0.998246,0.7695,1144,2000
2000,0.504,102533.91,545462.31,43441.1,50000.0,638903.41,0.8,B_topk_probability,B_topk_probability,probability_only,True,False,VALUE_NOISE_HIGH,0.8,0.8,25.0,25.0,,0.24533,1.0,1.0,1144,2000
2000,0.308,190519.78,457476.44,60036.13,50000.0,567512.57,0.8,C_oracle,C_expected_exposure,probability_plus_true_exposure,False,True,VALUE_NOISE_HIGH,0.8,0.8,25.0,25.0,,0.727862,0.366808,1.0,1144,2000
2000,0.294,174921.11,473075.11,61367.15,50000.0,584442.26,0.8,C_est,C_expected_exposure,probability_plus_estimated_exposure,True,False,VALUE_NOISE_HIGH,0.8,0.8,25.0,25.0,,0.534919,0.356778,1.0,1144,2000
2000,0.3395,183012.84,464983.38,48845.63,50000.0,563829.0,0.8,D1_oracle,D1_cost_aware_topk,full_true_decision_economics,False,True,VALUE_NOISE_HIGH,0.8,0.8,25.0,25.0,,1.0,1.0,1.0,1144,2000
1529,0.3558,161389.38,486606.84,37385.34,38225.0,562217.18,0.8,D2_oracle,D2_cost_aware_abstention,full_true_decision_economics_plus_abstention,False,True,VALUE_NOISE_HIGH,0.8,0.8,25.0,25.0,0.98471,0.7645,1.0,0.7645,1144,2000
2000,0.326,172052.48,475943.74,50206.22,50000.0,576149.96,0.8,D1_est,D1_cost_aware_topk,full_estimated_decision_economics,True,False,VALUE_NOISE_HIGH,0.8,0.8,25.0,25.0,,0.607717,0.990892,1.0,1144,2000
1591,0.34,154436.79,493559.43,39713.32,39775.0,573047.74,0.8,D2_est,D2_cost_aware_abstention,full_estimated_decision_economics_plus_abstention,True,False,VALUE_NOISE_HIGH,0.8,0.8,25.0,25.0,0.98409,0.57431,0.990892,0.7955,1144,2000
2000,0.504,102533.91,545462.31,43441.1,50000.0,638903.41,0.8,B_topk_probability,B_topk_probability,probability_only,True,False,FP_COST_NOISE_LOW,0.8,0.8,25.0,25.0,,0.24533,1.0,1.0,1144,2000
2000,0.308,190519.78,457476.44,60036.13,50000.0,567512.57,0.8,C_oracle,C_expected_exposure,probability_plus_true_exposure,False,True,FP_COST_NOISE_LOW,0.8,0.8,25.0,25.0,,0.727862,0.366808,1.0,1144,2000
2000,0.308,190519.78,457476.44,60036.13,50000.0,567512.57,0.8,C_est,C_expected_exposure,probability_plus_estimated_exposure,True,False,FP_COST_NOISE_LOW,0.8,0.8,25.0,25.0,,0.727862,0.366808,1.0,1144,2000
2000,0.3395,183012.84,464983.38,48845.63,50000.0,563829.0,0.8,D1_oracle,D1_cost_aware_topk,full_true_decision_economics,False,True,FP_COST_NOISE_LOW,0.8,0.8,25.0,25.0,,1.0,1.0,1.0,1144,2000
1529,0.3558,161389.38,486606.84,37385.34,38225.0,562217.18,0.8,D2_oracle,D2_cost_aware_abstention,full_true_decision_economics_plus_abstention,False,True,FP_COST_NOISE_LOW,0.8,0.8,25.0,25.0,0.98471,0.7645,1.0,0.7645,1144,2000
2000,0.333,179472.57,468523.65,49762.94,50000.0,568286.59,0.8,D1_est,D1_cost_aware_topk,full_estimated_decision_economics,True,False,FP_COST_NOISE_LOW,0.8,0.8,25.0,25.0,,0.871783,0.910714,1.0,1144,2000
1553,0.3522,160476.45,487519.77,38380.66,38825.0,564725.43,0.8,D2_est,D2_cost_aware_abstention,full_estimated_decision_economics_plus_abstention,True,False,FP_COST_NOISE_LOW,0.8,0.8,25.0,25.0,0.98447,0.769422,0.910714,0.7765,1144,2000
2000,0.504,102533.91,545462.31,43441.1,50000.0,638903.41,0.8,B_topk_probability,B_topk_probability,probability_only,True,False,FP_COST_NOISE_HIGH,0.8,0.8,25.0,25.0,,0.24533,1.0,1.0,1144,2000
2000,0.308,190519.78,457476.44,60036.13,50000.0,567512.57,0.8,C_oracle,C_expected_exposure,probability_plus_true_exposure,False,True,FP_COST_NOISE_HIGH,0.8,0.8,25.0,25.0,,0.727862,0.366808,1.0,1144,2000
2000,0.308,190519.78,457476.44,60036.13,50000.0,567512.57,0.8,C_est,C_expected_exposure,probability_plus_estimated_exposure,True,False,FP_COST_NOISE_HIGH,0.8,0.8,25.0,25.0,,0.727862,0.366808,1.0,1144,2000
2000,0.3395,183012.84,464983.38,48845.63,50000.0,563829.0,0.8,D1_oracle,D1_cost_aware_topk,full_true_decision_economics,False,True,FP_COST_NOISE_HIGH,0.8,0.8,25.0,25.0,,1.0,1.0,1.0,1144,2000
1529,0.3558,161389.38,486606.84,37385.34,38225.0,562217.18,0.8,D2_oracle,D2_cost_aware_abstention,full_true_decision_economics_plus_abstention,False,True,FP_COST_NOISE_HIGH,0.8,0.8,25.0,25.0,0.98471,0.7645,1.0,0.7645,1144,2000
2000,0.332,178473.52,469522.7,50832.5,50000.0,570355.2,0.8,D1_est,D1_cost_aware_topk,full_estimated_decision_economics,True,False,FP_COST_NOISE_HIGH,0.8,0.8,25.0,25.0,,0.755156,0.693742,1.0,1144,2000
1654,0.3422,162600.85,485395.37,41701.83,41350.0,568447.2,0.8,D2_est,D2_cost_aware_abstention,full_estimated_decision_economics_plus_abstention,True,False,FP_COST_NOISE_HIGH,0.8,0.8,25.0,25.0,0.98346,0.748325,0.693742,0.827,1144,2000
2000,0.504,102533.91,545462.31,43441.1,50000.0,638903.41,0.8,B_topk_probability,B_topk_probability,probability_only,True,False,REVIEW_EFFECTIVENESS_OPTIMISM,0.8,1.0,25.0,25.0,,0.24533,1.0,1.0,1144,2000
2000,0.308,190519.78,457476.44,60036.13,50000.0,567512.57,0.8,C_oracle,C_expected_exposure,probability_plus_true_exposure,False,True,REVIEW_EFFECTIVENESS_OPTIMISM,0.8,1.0,25.0,25.0,,0.727862,0.366808,1.0,1144,2000
2000,0.308,190519.78,457476.44,60036.13,50000.0,567512.57,0.8,C_est,C_expected_exposure,probability_plus_estimated_exposure,True,False,REVIEW_EFFECTIVENESS_OPTIMISM,0.8,1.0,25.0,25.0,,0.727862,0.366808,1.0,1144,2000
2000,0.3395,183012.84,464983.38,48845.63,50000.0,563829.0,0.8,D1_oracle,D1_cost_aware_topk,full_true_decision_economics,False,True,REVIEW_EFFECTIVENESS_OPTIMISM,0.8,1.0,25.0,25.0,,1.0,1.0,1.0,1144,2000
1529,0.3558,161389.38,486606.84,37385.34,38225.0,562217.18,0.8,D2_oracle,D2_cost_aware_abstention,full_true_decision_economics_plus_abstention,False,True,REVIEW_EFFECTIVENESS_OPTIMISM,0.8,1.0,25.0,25.0,0.98471,0.7645,1.0,0.7645,1144,2000
2000,0.3345,184516.25,463479.97,50489.8,50000.0,563969.77,0.8,D1_est,D1_cost_aware_topk,full_estimated_decision_economics,True,False,REVIEW_EFFECTIVENESS_OPTIMISM,0.8,1.0,25.0,25.0,,0.943635,0.998263,1.0,1144,2000
2000,0.3345,184516.25,463479.97,50489.8,50000.0,563969.77,0.8,D2_est,D2_cost_aware_abstention,full_estimated_decision_economics_plus_abstention,True,False,REVIEW_EFFECTIVENESS_OPTIMISM,0.8,1.0,25.0,25.0,0.97925,0.943635,0.998263,1.0,1144,2000
2000,0.504,102533.91,545462.31,43441.1,50000.0,638903.41,0.8,B_topk_probability,B_topk_probability,probability_only,True,False,REVIEW_EFFECTIVENESS_PESSIMISM,0.8,0.6,25.0,25.0,,0.24533,1.0,1.0,1144,2000
2000,0.308,190519.78,457476.44,60036.13,50000.0,567512.57,0.8,C_oracle,C_expected_exposure,probability_plus_true_exposure,False,True,REVIEW_EFFECTIVENESS_PESSIMISM,0.8,0.6,25.0,25.0,,0.727862,0.366808,1.0,1144,2000
2000,0.308,190519.78,457476.44,60036.13,50000.0,567512.57,0.8,C_est,C_expected_exposure,probability_plus_estimated_exposure,True,False,REVIEW_EFFECTIVENESS_PESSIMISM,0.8,0.6,25.0,25.0,,0.727862,0.366808,1.0,1144,2000
2000,0.3395,183012.84,464983.38,48845.63,50000.0,563829.0,0.8,D1_oracle,D1_cost_aware_topk,full_true_decision_economics,False,True,REVIEW_EFFECTIVENESS_PESSIMISM,0.8,0.6,25.0,25.0,,1.0,1.0,1.0,1144,2000
1529,0.3558,161389.38,486606.84,37385.34,38225.0,562217.18,0.8,D2_oracle,D2_cost_aware_abstention,full_true_decision_economics_plus_abstention,False,True,REVIEW_EFFECTIVENESS_PESSIMISM,0.8,0.6,25.0,25.0,0.98471,0.7645,1.0,0.7645,1144,2000
2000,0.347,179924.03,468072.19,46536.54,50000.0,564608.73,0.8,D1_est,D1_cost_aware_topk,full_estimated_decision_economics,True,False,REVIEW_EFFECTIVENESS_PESSIMISM,0.8,0.6,25.0,25.0,,0.915709,0.99768,1.0,1144,2000
1000,0.383,128649.83,519346.39,23171.39,25000.0,567517.78,0.8,D2_est,D2_cost_aware_abstention,full_estimated_decision_economics_plus_abstention,True,False,REVIEW_EFFECTIVENESS_PESSIMISM,0.8,0.6,25.0,25.0,0.99,0.5,0.99768,0.5,1144,2000
2000,0.504,102533.91,545462.31,43441.1,50000.0,638903.41,0.8,B_topk_probability,B_topk_probability,probability_only,True,False,JOINT_MODERATE_MISSPECIFICATION,0.8,0.9,25.0,25.0,,0.24533,1.0,1.0,1144,2000
2000,0.308,190519.78,457476.44,60036.13,50000.0,567512.57,0.8,C_oracle,C_expected_exposure,probability_plus_true_exposure,False,True,JOINT_MODERATE_MISSPECIFICATION,0.8,0.9,25.0,25.0,,0.727862,0.366808,1.0,1144,2000
2000,0.3,180182.1,467814.12,60687.4,50000.0,578501.52,0.8,C_est,C_expected_exposure,probability_plus_estimated_exposure,True,False,JOINT_MODERATE_MISSPECIFICATION,0.8,0.9,25.0,25.0,,0.628002,0.36292,1.0,1144,2000
2000,0.3395,183012.84,464983.38,48845.63,50000.0,563829.0,0.8,D1_oracle,D1_cost_aware_topk,full_true_decision_economics,False,True,JOINT_MODERATE_MISSPECIFICATION,0.8,0.9,25.0,25.0,,1.0,1.0,1.0,1144,2000
1529,0.3558,161389.38,486606.84,37385.34,38225.0,562217.18,0.8,D2_oracle,D2_cost_aware_abstention,full_true_decision_economics_plus_abstention,False,True,JOINT_MODERATE_MISSPECIFICATION,0.8,0.9,25.0,25.0,0.98471,0.7645,1.0,0.7645,1144,2000
2000,0.327,175488.42,472507.8,50961.67,50000.0,573469.47,0.8,D1_est,D1_cost_aware_topk,full_estimated_decision_economics,True,False,JOINT_MODERATE_MISSPECIFICATION,0.8,0.9,25.0,25.0,,0.689903,0.830484,1.0,1144,2000
1918,0.3306,172944.22,475052.0,49026.77,47950.0,572028.77,0.8,D2_est,D2_cost_aware_abstention,full_estimated_decision_economics_plus_abstention,True,False,JOINT_MODERATE_MISSPECIFICATION,0.8,0.9,25.0,25.0,0.98082,0.686612,0.830484,0.959,1144,2000
2000,0.504,96427.08,558843.82,42516.42,50000.0,651360.24,0.8,B_topk_probability,B_topk_probability,probability_only,True,False,ORACLE,0.8,0.8,25.0,25.0,,0.263025,1.0,1.0,1161,2000
2000,0.312,179964.86,475306.04,59587.24,50000.0,584893.28,0.8,C_oracle,C_expected_exposure,probability_plus_true_exposure,False,True,ORACLE,0.8,0.8,25.0,25.0,,0.718213,0.370003,1.0,1161,2000
2000,0.312,179964.86,475306.04,59587.24,50000.0,584893.28,0.8,C_est,C_expected_exposure,probability_plus_estimated_exposure,True,False,ORACLE,0.8,0.8,25.0,25.0,,0.718213,0.370003,1.0,1161,2000
2000,0.3495,173860.7,481410.2,48418.62,50000.0,579828.82,0.8,D1_oracle,D1_cost_aware_topk,full_true_decision_economics,False,True,ORACLE,0.8,0.8,25.0,25.0,,1.0,1.0,1.0,1161,2000
1500,0.36,153817.96,501452.94,36262.31,37500.0,575215.25,0.8,D2_oracle,D2_cost_aware_abstention,full_true_decision_economics_plus_abstention,False,True,ORACLE,0.8,0.8,25.0,25.0,0.985,0.75,1.0,0.75,1161,2000
2000,0.3495,173860.7,481410.2,48418.62,50000.0,579828.82,0.8,D1_est,D1_cost_aware_topk,full_estimated_decision_economics,True,False,ORACLE,0.8,0.8,25.0,25.0,,1.0,1.0,1.0,1161,2000
1500,0.36,153817.96,501452.94,36262.31,37500.0,575215.25,0.8,D2_est,D2_cost_aware_abstention,full_estimated_decision_economics_plus_abstention,True,False,ORACLE,0.8,0.8,25.0,25.0,0.985,0.75,1.0,0.75,1161,2000
2000,0.504,96427.08,558843.82,42516.42,50000.0,651360.24,0.8,B_topk_probability,B_topk_probability,probability_only,True,False,VALUE_NOISE_LOW,0.8,0.8,25.0,25.0,,0.263025,1.0,1.0,1161,2000
2000,0.312,179964.86,475306.04,59587.24,50000.0,584893.28,0.8,C_oracle,C_expected_exposure,probability_plus_true_exposure,False,True,VALUE_NOISE_LOW,0.8,0.8,25.0,25.0,,0.718213,0.370003,1.0,1161,2000
2000,0.309,177259.93,478010.97,59704.6,50000.0,587715.57,0.8,C_est,C_expected_exposure,probability_plus_estimated_exposure,True,False,VALUE_NOISE_LOW,0.8,0.8,25.0,25.0,,0.66113,0.367931,1.0,1161,2000
2000,0.3495,173860.7,481410.2,48418.62,50000.0,579828.82,0.8,D1_oracle,D1_cost_aware_topk,full_true_decision_economics,False,True,VALUE_NOISE_LOW,0.8,0.8,25.0,25.0,,1.0,1.0,1.0,1161,2000
1500,0.36,153817.96,501452.94,36262.31,37500.0,575215.25,0.8,D2_oracle,D2_cost_aware_abstention,full_true_decision_economics_plus_abstention,False,True,VALUE_NOISE_LOW,0.8,0.8,25.0,25.0,0.985,0.75,1.0,0.75,1161,2000
2000,0.354,175515.42,479755.48,47772.63,50000.0,577528.11,0.8,D1_est,D1_cost_aware_topk,full_estimated_decision_economics,True,False,VALUE_NOISE_LOW,0.8,0.8,25.0,25.0,,0.810774,0.998227,1.0,1161,2000
1495,0.3619,152969.6,502301.3,36149.45,37375.0,575825.75,0.8,D2_est,D2_cost_aware_abstention,full_estimated_decision_economics_plus_abstention,True,False,VALUE_NOISE_LOW,0.8,0.8,25.0,25.0,0.98505,0.720827,0.998227,0.7475,1161,2000
2000,0.504,96427.08,558843.82,42516.42,50000.0,651360.24,0.8,B_topk_probability,B_topk_probability,probability_only,True,False,VALUE_NOISE_HIGH,0.8,0.8,25.0,25.0,,0.263025,1.0,1.0,1161,2000
2000,0.312,179964.86,475306.04,59587.24,50000.0,584893.28,0.8,C_oracle,C_expected_exposure,probability_plus_true_exposure,False,True,VALUE_NOISE_HIGH,0.8,0.8,25.0,25.0,,0.718213,0.370003,1.0,1161,2000
2000,0.296,164667.31,490603.6,60474.02,50000.0,601077.61,0.8,C_est,C_expected_exposure,probability_plus_estimated_exposure,True,False,VALUE_NOISE_HIGH,0.8,0.8,25.0,25.0,,0.529637,0.359247,1.0,1161,2000
2000,0.3495,173860.7,481410.2,48418.62,50000.0,579828.82,0.8,D1_oracle,D1_cost_aware_topk,full_true_decision_economics,False,True,VALUE_NOISE_HIGH,0.8,0.8,25.0,25.0,,1.0,1.0,1.0,1161,2000
1500,0.36,153817.96,501452.94,36262.31,37500.0,575215.25,0.8,D2_oracle,D2_cost_aware_abstention,full_true_decision_economics_plus_abstention,False,True,VALUE_NOISE_HIGH,0.8,0.8,25.0,25.0,0.985,0.75,1.0,0.75,1161,2000
2000,0.3415,166800.31,488470.59,49096.0,50000.0,587566.59,0.8,D1_est,D1_cost_aware_topk,full_estimated_decision_economics,True,False,VALUE_NOISE_HIGH,0.8,0.8,25.0,25.0,,0.613554,0.990761,1.0,1161,2000
1530,0.3523,145325.19,509945.72,37544.74,38250.0,585740.45,0.8,D2_est,D2_cost_aware_abstention,full_estimated_decision_economics_plus_abstention,True,False,VALUE_NOISE_HIGH,0.8,0.8,25.0,25.0,0.9847,0.573785,0.990761,0.765,1161,2000
2000,0.504,96427.08,558843.82,42516.42,50000.0,651360.24,0.8,B_topk_probability,B_topk_probability,probability_only,True,False,FP_COST_NOISE_LOW,0.8,0.8,25.0,25.0,,0.263025,1.0,1.0,1161,2000
2000,0.312,179964.86,475306.04,59587.24,50000.0,584893.28,0.8,C_oracle,C_expected_exposure,probability_plus_true_exposure,False,True,FP_COST_NOISE_LOW,0.8,0.8,25.0,25.0,,0.718213,0.370003,1.0,1161,2000
2000,0.312,179964.86,475306.04,59587.24,50000.0,584893.28,0.8,C_est,C_expected_exposure,probability_plus_estimated_exposure,True,False,FP_COST_NOISE_LOW,0.8,0.8,25.0,25.0,,0.718213,0.370003,1.0,1161,2000
2000,0.3495,173860.7,481410.2,48418.62,50000.0,579828.82,0.8,D1_oracle,D1_cost_aware_topk,full_true_decision_economics,False,True,FP_COST_NOISE_LOW,0.8,0.8,25.0,25.0,,1.0,1.0,1.0,1161,2000
1500,0.36,153817.96,501452.94,36262.31,37500.0,575215.25,0.8,D2_oracle,D2_cost_aware_abstention,full_true_decision_economics_plus_abstention,False,True,FP_COST_NOISE_LOW,0.8,0.8,25.0,25.0,0.985,0.75,1.0,0.75,1161,2000
2000,0.3465,174264.92,481005.98,48909.84,50000.0,579915.83,0.8,D1_est,D1_cost_aware_topk,full_estimated_decision_economics,True,False,FP_COST_NOISE_LOW,0.8,0.8,25.0,25.0,,0.880583,0.911009,1.0,1161,2000
1525,0.36,155453.86,499817.05,36848.72,38125.0,574790.77,0.8,D2_est,D2_cost_aware_abstention,full_estimated_decision_economics_plus_abstention,True,False,FP_COST_NOISE_LOW,0.8,0.8,25.0,25.0,0.98475,0.756353,0.911009,0.7625,1161,2000
2000,0.504,96427.08,558843.82,42516.42,50000.0,651360.24,0.8,B_topk_probability,B_topk_probability,probability_only,True,False,FP_COST_NOISE_HIGH,0.8,0.8,25.0,25.0,,0.263025,1.0,1.0,1161,2000
2000,0.312,179964.86,475306.04,59587.24,50000.0,584893.28,0.8,C_oracle,C_expected_exposure,probability_plus_true_exposure,False,True,FP_COST_NOISE_HIGH,0.8,0.8,25.0,25.0,,0.718213,0.370003,1.0,1161,2000
2000,0.312,179964.86,475306.04,59587.24,50000.0,584893.28,0.8,C_est,C_expected_exposure,probability_plus_estimated_exposure,True,False,FP_COST_NOISE_HIGH,0.8,0.8,25.0,25.0,,0.718213,0.370003,1.0,1161,2000
2000,0.3495,173860.7,481410.2,48418.62,50000.0,579828.82,0.8,D1_oracle,D1_cost_aware_topk,full_true_decision_economics,False,True,FP_COST_NOISE_HIGH,0.8,0.8,25.0,25.0,,1.0,1.0,1.0,1161,2000
1500,0.36,153817.96,501452.94,36262.31,37500.0,575215.25,0.8,D2_oracle,D2_cost_aware_abstention,full_true_decision_economics_plus_abstention,False,True,FP_COST_NOISE_HIGH,0.8,0.8,25.0,25.0,0.985,0.75,1.0,0.75,1161,2000
2000,0.338,173814.89,481456.01,49904.12,50000.0,581360.13,0.8,D1_est,D1_cost_aware_topk,full_estimated_decision_economics,True,False,FP_COST_NOISE_HIGH,0.8,0.8,25.0,25.0,,0.762115,0.694868,1.0,1161,2000
1640,0.3561,160446.23,494824.67,40152.71,41000.0,575977.38,0.8,D2_est,D2_cost_aware_abstention,full_estimated_decision_economics_plus_abstention,True,False,FP_COST_NOISE_HIGH,0.8,0.8,25.0,25.0,0.9836,0.741627,0.694868,0.82,1161,2000
2000,0.504,96427.08,558843.82,42516.42,50000.0,651360.24,0.8,B_topk_probability,B_topk_probability,probability_only,True,False,REVIEW_EFFECTIVENESS_OPTIMISM,0.8,1.0,25.0,25.0,,0.263025,1.0,1.0,1161,2000
2000,0.312,179964.86,475306.04,59587.24,50000.0,584893.28,0.8,C_oracle,C_expected_exposure,probability_plus_true_exposure,False,True,REVIEW_EFFECTIVENESS_OPTIMISM,0.8,1.0,25.0,25.0,,0.718213,0.370003,1.0,1161,2000
2000,0.312,179964.86,475306.04,59587.24,50000.0,584893.28,0.8,C_est,C_expected_exposure,probability_plus_estimated_exposure,True,False,REVIEW_EFFECTIVENESS_OPTIMISM,0.8,1.0,25.0,25.0,,0.718213,0.370003,1.0,1161,2000
2000,0.3495,173860.7,481410.2,48418.62,50000.0,579828.82,0.8,D1_oracle,D1_cost_aware_topk,full_true_decision_economics,False,True,REVIEW_EFFECTIVENESS_OPTIMISM,0.8,1.0,25.0,25.0,,1.0,1.0,1.0,1161,2000
1500,0.36,153817.96,501452.94,36262.31,37500.0,575215.25,0.8,D2_oracle,D2_cost_aware_abstention,full_true_decision_economics_plus_abstention,False,True,REVIEW_EFFECTIVENESS_OPTIMISM,0.8,1.0,25.0,25.0,0.985,0.75,1.0,0.75,1161,2000
2000,0.341,174871.0,480399.91,50268.61,50000.0,580668.52,0.8,D1_est,D1_cost_aware_topk,full_estimated_decision_economics,True,False,REVIEW_EFFECTIVENESS_OPTIMISM,0.8,1.0,25.0,25.0,,0.945525,0.99825,1.0,1161,2000
2000,0.341,174871.0,480399.91,50268.61,50000.0,580668.52,0.8,D2_est,D2_cost_aware_abstention,full_estimated_decision_economics_plus_abstention,True,False,REVIEW_EFFECTIVENESS_OPTIMISM,0.8,1.0,25.0,25.0,0.97962,0.945525,0.99825,1.0,1161,2000
2000,0.504,96427.08,558843.82,42516.42,50000.0,651360.24,0.8,B_topk_probability,B_topk_probability,probability_only,True,False,REVIEW_EFFECTIVENESS_PESSIMISM,0.8,0.6,25.0,25.0,,0.263025,1.0,1.0,1161,2000
2000,0.312,179964.86,475306.04,59587.24,50000.0,584893.28,0.8,C_oracle,C_expected_exposure,probability_plus_true_exposure,False,True,REVIEW_EFFECTIVENESS_PESSIMISM,0.8,0.6,25.0,25.0,,0.718213,0.370003,1.0,1161,2000
2000,0.312,179964.86,475306.04,59587.24,50000.0,584893.28,0.8,C_est,C_expected_exposure,probability_plus_estimated_exposure,True,False,REVIEW_EFFECTIVENESS_PESSIMISM,0.8,0.6,25.0,25.0,,0.718213,0.370003,1.0,1161,2000
2000,0.3495,173860.7,481410.2,48418.62,50000.0,579828.82,0.8,D1_oracle,D1_cost_aware_topk,full_true_decision_economics,False,True,REVIEW_EFFECTIVENESS_PESSIMISM,0.8,0.6,25.0,25.0,,1.0,1.0,1.0,1161,2000
1500,0.36,153817.96,501452.94,36262.31,37500.0,575215.25,0.8,D2_oracle,D2_cost_aware_abstention,full_true_decision_economics_plus_abstention,False,True,REVIEW_EFFECTIVENESS_PESSIMISM,0.8,0.6,25.0,25.0,0.985,0.75,1.0,0.75,1161,2000
2000,0.3605,172332.07,482938.83,45804.72,50000.0,578743.55,0.8,D1_est,D1_cost_aware_topk,full_estimated_decision_economics,True,False,REVIEW_EFFECTIVENESS_PESSIMISM,0.8,0.6,25.0,25.0,,0.912046,0.997534,1.0,1161,2000
985,0.3909,128671.12,526599.79,22393.67,24625.0,573618.46,0.8,D2_est,D2_cost_aware_abstention,full_estimated_decision_economics_plus_abstention,True,False,REVIEW_EFFECTIVENESS_PESSIMISM,0.8,0.6,25.0,25.0,0.99015,0.4925,0.997534,0.4925,1161,2000
2000,0.504,96427.08,558843.82,42516.42,50000.0,651360.24,0.8,B_topk_probability,B_topk_probability,probability_only,True,False,JOINT_MODERATE_MISSPECIFICATION,0.8,0.9,25.0,25.0,,0.263025,1.0,1.0,1161,2000
2000,0.312,179964.86,475306.04,59587.24,50000.0,584893.28,0.8,C_oracle,C_expected_exposure,probability_plus_true_exposure,False,True,JOINT_MODERATE_MISSPECIFICATION,0.8,0.9,25.0,25.0,,0.718213,0.370003,1.0,1161,2000
2000,0.3055,173629.58,481641.32,60070.24,50000.0,591711.56,0.8,C_est,C_expected_exposure,probability_plus_estimated_exposure,True,False,JOINT_MODERATE_MISSPECIFICATION,0.8,0.9,25.0,25.0,,0.62206,0.365639,1.0,1161,2000
2000,0.3495,173860.7,481410.2,48418.62,50000.0,579828.82,0.8,D1_oracle,D1_cost_aware_topk,full_true_decision_economics,False,True,JOINT_MODERATE_MISSPECIFICATION,0.8,0.9,25.0,25.0,,1.0,1.0,1.0,1161,2000
1500,0.36,153817.96,501452.94,36262.31,37500.0,575215.25,0.8,D2_oracle,D2_cost_aware_abstention,full_true_decision_economics_plus_abstention,False,True,JOINT_MODERATE_MISSPECIFICATION,0.8,0.9,25.0,25.0,0.985,0.75,1.0,0.75,1161,2000
2000,0.3405,170226.53,485044.38,50079.26,50000.0,585123.63,0.8,D1_est,D1_cost_aware_topk,full_estimated_decision_economics,True,False,JOINT_MODERATE_MISSPECIFICATION,0.8,0.9,25.0,25.0,,0.694197,0.833635,1.0,1161,2000
1842,0.3426,162369.82,492901.08,46365.13,46050.0,585316.22,0.8,D2_est,D2_cost_aware_abstention,full_estimated_decision_economics_plus_abstention,True,False,JOINT_MODERATE_MISSPECIFICATION,0.8,0.9,25.0,25.0,0.98158,0.686567,0.833635,0.921,1161,2000
2000,0.489,100250.46,554029.43,43288.74,50000.0,647318.17,0.8,B_topk_probability,B_topk_probability,probability_only,True,False,ORACLE,0.8,0.8,25.0,25.0,,0.238774,1.0,1.0,1178,2000
2000,0.302,181272.89,473007.0,59788.23,50000.0,582795.24,0.8,C_oracle,C_expected_exposure,probability_plus_true_exposure,False,True,ORACLE,0.8,0.8,25.0,25.0,,0.727116,0.369,1.0,1178,2000
2000,0.302,181272.89,473007.0,59788.23,50000.0,582795.24,0.8,C_est,C_expected_exposure,probability_plus_estimated_exposure,True,False,ORACLE,0.8,0.8,25.0,25.0,,0.727116,0.369,1.0,1178,2000
2000,0.3225,171556.77,482723.12,49856.89,50000.0,582580.01,0.8,D1_oracle,D1_cost_aware_topk,full_true_decision_economics,False,True,ORACLE,0.8,0.8,25.0,25.0,,1.0,1.0,1.0,1178,2000
1520,0.3382,150133.23,504146.66,38074.64,38000.0,580221.3,0.8,D2_oracle,D2_cost_aware_abstention,full_true_decision_economics_plus_abstention,False,True,ORACLE,0.8,0.8,25.0,25.0,0.9848,0.76,1.0,0.76,1178,2000
2000,0.3225,171556.77,482723.12,49856.89,50000.0,582580.01,0.8,D1_est,D1_cost_aware_topk,full_estimated_decision_economics,True,False,ORACLE,0.8,0.8,25.0,25.0,,1.0,1.0,1.0,1178,2000
1520,0.3382,150133.23,504146.66,38074.64,38000.0,580221.3,0.8,D2_est,D2_cost_aware_abstention,full_estimated_decision_economics_plus_abstention,True,False,ORACLE,0.8,0.8,25.0,25.0,0.9848,0.76,1.0,0.76,1178,2000
2000,0.489,100250.46,554029.43,43288.74,50000.0,647318.17,0.8,B_topk_probability,B_topk_probability,probability_only,True,False,VALUE_NOISE_LOW,0.8,0.8,25.0,25.0,,0.238774,1.0,1.0,1178,2000
2000,0.302,181272.89,473007.0,59788.23,50000.0,582795.24,0.8,C_oracle,C_expected_exposure,probability_plus_true_exposure,False,True,VALUE_NOISE_LOW,0.8,0.8,25.0,25.0,,0.727116,0.369,1.0,1178,2000
2000,0.305,178815.63,475464.26,59567.4,50000.0,585031.66,0.8,C_est,C_expected_exposure,probability_plus_estimated_exposure,True,False,VALUE_NOISE_LOW,0.8,0.8,25.0,25.0,,0.678556,0.367534,1.0,1178,2000
2000,0.3225,171556.77,482723.12,49856.89,50000.0,582580.01,0.8,D1_oracle,D1_cost_aware_topk,full_true_decision_economics,False,True,VALUE_NOISE_LOW,0.8,0.8,25.0,25.0,,1.0,1.0,1.0,1178,2000
1520,0.3382,150133.23,504146.66,38074.64,38000.0,580221.3,0.8,D2_oracle,D2_cost_aware_abstention,full_true_decision_economics_plus_abstention,False,True,VALUE_NOISE_LOW,0.8,0.8,25.0,25.0,0.9848,0.76,1.0,0.76,1178,2000
2000,0.3335,172952.75,481327.14,49086.83,50000.0,580413.97,0.8,D1_est,D1_cost_aware_topk,full_estimated_decision_economics,True,False,VALUE_NOISE_LOW,0.8,0.8,25.0,25.0,,0.819836,0.998282,1.0,1178,2000
1520,0.3375,149704.78,504575.11,38297.62,38000.0,580872.74,0.8,D2_est,D2_cost_aware_abstention,full_estimated_decision_economics_plus_abstention,True,False,VALUE_NOISE_LOW,0.8,0.8,25.0,25.0,0.9848,0.724645,0.998282,0.76,1178,2000
2000,0.489,100250.46,554029.43,43288.74,50000.0,647318.17,0.8,B_topk_probability,B_topk_probability,probability_only,True,False,VALUE_NOISE_HIGH,0.8,0.8,25.0,25.0,,0.238774,1.0,1.0,1178,2000
2000,0.302,181272.89,473007.0,59788.23,50000.0,582795.24,0.8,C_oracle,C_expected_exposure,probability_plus_true_exposure,False,True,VALUE_NOISE_HIGH,0.8,0.8,25.0,25.0,,0.727116,0.369,1.0,1178,2000
2000,0.2945,171591.2,482688.69,60494.78,50000.0,593183.47,0.8,C_est,C_expected_exposure,probability_plus_estimated_exposure,True,False,VALUE_NOISE_HIGH,0.8,0.8,25.0,25.0,,0.540832,0.35957,1.0,1178,2000
2000,0.3225,171556.77,482723.12,49856.89,50000.0,582580.01,0.8,D1_oracle,D1_cost_aware_topk,full_true_decision_economics,False,True,VALUE_NOISE_HIGH,0.8,0.8,25.0,25.0,,1.0,1.0,1.0,1178,2000
1520,0.3382,150133.23,504146.66,38074.64,38000.0,580221.3,0.8,D2_oracle,D2_cost_aware_abstention,full_true_decision_economics_plus_abstention,False,True,VALUE_NOISE_HIGH,0.8,0.8,25.0,25.0,0.9848,0.76,1.0,0.76,1178,2000
2000,0.321,168308.07,485971.82,50774.12,50000.0,586745.94,0.8,D1_est,D1_cost_aware_topk,full_estimated_decision_economics,True,False,VALUE_NOISE_HIGH,0.8,0.8,25.0,25.0,,0.614205,0.991142,1.0,1178,2000
1562,0.338,151050.37,503229.52,39258.28,39050.0,581537.8,0.8,D2_est,D2_cost_aware_abstention,full_estimated_decision_economics_plus_abstention,True,False,VALUE_NOISE_HIGH,0.8,0.8,25.0,25.0,0.98438,0.583815,0.991142,0.781,1178,2000
2000,0.489,100250.46,554029.43,43288.74,50000.0,647318.17,0.8,B_topk_probability,B_topk_probability,probability_only,True,False,FP_COST_NOISE_LOW,0.8,0.8,25.0,25.0,,0.238774,1.0,1.0,1178,2000
2000,0.302,181272.89,473007.0,59788.23,50000.0,582795.24,0.8,C_oracle,C_expected_exposure,probability_plus_true_exposure,False,True,FP_COST_NOISE_LOW,0.8,0.8,25.0,25.0,,0.727116,0.369,1.0,1178,2000
2000,0.302,181272.89,473007.0,59788.23,50000.0,582795.24,0.8,C_est,C_expected_exposure,probability_plus_estimated_exposure,True,False,FP_COST_NOISE_LOW,0.8,0.8,25.0,25.0,,0.727116,0.369,1.0,1178,2000
2000,0.3225,171556.77,482723.12,49856.89,50000.0,582580.01,0.8,D1_oracle,D1_cost_aware_topk,full_true_decision_economics,False,True,FP_COST_NOISE_LOW,0.8,0.8,25.0,25.0,,1.0,1.0,1.0,1178,2000
1520,0.3382,150133.23,504146.66,38074.64,38000.0,580221.3,0.8,D2_oracle,D2_cost_aware_abstention,full_true_decision_economics_plus_abstention,False,True,FP_COST_NOISE_LOW,0.8,0.8,25.0,25.0,0.9848,0.76,1.0,0.76,1178,2000
2000,0.3225,170592.97,483686.92,50223.9,50000.0,583910.82,0.8,D1_est,D1_cost_aware_topk,full_estimated_decision_economics,True,False,FP_COST_NOISE_LOW,0.8,0.8,25.0,25.0,,0.882353,0.91096,1.0,1178,2000
1550,0.3394,151523.02,502756.87,38688.6,38750.0,580195.47,0.8,D2_est,D2_cost_aware_abstention,full_estimated_decision_economics_plus_abstention,True,False,FP_COST_NOISE_LOW,0.8,0.8,25.0,25.0,0.9845,0.768809,0.91096,0.775,1178,2000
2000,0.489,100250.46,554029.43,43288.74,50000.0,647318.17,0.8,B_topk_probability,B_topk_probability,probability_only,True,False,FP_COST_NOISE_HIGH,0.8,0.8,25.0,25.0,,0.238774,1.0,1.0,1178,2000
2000,0.302,181272.89,473007.0,59788.23,50000.0,582795.24,0.8,C_oracle,C_expected_exposure,probability_plus_true_exposure,False,True,FP_COST_NOISE_HIGH,0.8,0.8,25.0,25.0,,0.727116,0.369,1.0,1178,2000
2000,0.302,181272.89,473007.0,59788.23,50000.0,582795.24,0.8,C_est,C_expected_exposure,probability_plus_estimated_exposure,True,False,FP_COST_NOISE_HIGH,0.8,0.8,25.0,25.0,,0.727116,0.369,1.0,1178,2000
2000,0.3225,171556.77,482723.12,49856.89,50000.0,582580.01,0.8,D1_oracle,D1_cost_aware_topk,full_true_decision_economics,False,True,FP_COST_NOISE_HIGH,0.8,0.8,25.0,25.0,,1.0,1.0,1.0,1178,2000
1520,0.3382,150133.23,504146.66,38074.64,38000.0,580221.3,0.8,D2_oracle,D2_cost_aware_abstention,full_true_decision_economics_plus_abstention,False,True,FP_COST_NOISE_HIGH,0.8,0.8,25.0,25.0,0.9848,0.76,1.0,0.76,1178,2000
2000,0.319,168362.5,485917.4,51089.09,50000.0,587006.49,0.8,D1_est,D1_cost_aware_topk,full_estimated_decision_economics,True,False,FP_COST_NOISE_HIGH,0.8,0.8,25.0,25.0,,0.767565,0.692176,1.0,1178,2000
1632,0.3364,154344.36,499935.53,40966.32,40800.0,581701.84,0.8,D2_est,D2_cost_aware_abstention,full_estimated_decision_economics_plus_abstention,True,False,FP_COST_NOISE_HIGH,0.8,0.8,25.0,25.0,0.98368,0.741966,0.692176,0.816,1178,2000
2000,0.489,100250.46,554029.43,43288.74,50000.0,647318.17,0.8,B_topk_probability,B_topk_probability,probability_only,True,False,REVIEW_EFFECTIVENESS_OPTIMISM,0.8,1.0,25.0,25.0,,0.238774,1.0,1.0,1178,2000
2000,0.302,181272.89,473007.0,59788.23,50000.0,582795.24,0.8,C_oracle,C_expected_exposure,probability_plus_true_exposure,False,True,REVIEW_EFFECTIVENESS_OPTIMISM,0.8,1.0,25.0,25.0,,0.727116,0.369,1.0,1178,2000
2000,0.302,181272.89,473007.0,59788.23,50000.0,582795.24,0.8,C_est,C_expected_exposure,probability_plus_estimated_exposure,True,False,REVIEW_EFFECTIVENESS_OPTIMISM,0.8,1.0,25.0,25.0,,0.727116,0.369,1.0,1178,2000
2000,0.3225,171556.77,482723.12,49856.89,50000.0,582580.01,0.8,D1_oracle,D1_cost_aware_topk,full_true_decision_economics,False,True,REVIEW_EFFECTIVENESS_OPTIMISM,0.8,1.0,25.0,25.0,,1.0,1.0,1.0,1178,2000
1520,0.3382,150133.23,504146.66,38074.64,38000.0,580221.3,0.8,D2_oracle,D2_cost_aware_abstention,full_true_decision_economics_plus_abstention,False,True,REVIEW_EFFECTIVENESS_OPTIMISM,0.8,1.0,25.0,25.0,0.9848,0.76,1.0,0.76,1178,2000
2000,0.3225,174876.32,479403.57,51023.26,50000.0,580426.82,0.8,D1_est,D1_cost_aware_topk,full_estimated_decision_economics,True,False,REVIEW_EFFECTIVENESS_OPTIMISM,0.8,1.0,25.0,25.0,,0.944579,0.99827,1.0,1178,2000
2000,0.3225,174876.32,479403.57,51023.26,50000.0,580426.82,0.8,D2_est,D2_cost_aware_abstention,full_estimated_decision_economics_plus_abstention,True,False,REVIEW_EFFECTIVENESS_OPTIMISM,0.8,1.0,25.0,25.0,0.97944,0.944579,0.99827,1.0,1178,2000
2000,0.489,100250.46,554029.43,43288.74,50000.0,647318.17,0.8,B_topk_probability,B_topk_probability,probability_only,True,False,REVIEW_EFFECTIVENESS_PESSIMISM,0.8,0.6,25.0,25.0,,0.238774,1.0,1.0,1178,2000
2000,0.302,181272.89,473007.0,59788.23,50000.0,582795.24,0.8,C_oracle,C_expected_exposure,probability_plus_true_exposure,False,True,REVIEW_EFFECTIVENESS_PESSIMISM,0.8,0.6,25.0,25.0,,0.727116,0.369,1.0,1178,2000
2000,0.302,181272.89,473007.0,59788.23,50000.0,582795.24,0.8,C_est,C_expected_exposure,probability_plus_estimated_exposure,True,False,REVIEW_EFFECTIVENESS_PESSIMISM,0.8,0.6,25.0,25.0,,0.727116,0.369,1.0,1178,2000
2000,0.3225,171556.77,482723.12,49856.89,50000.0,582580.01,0.8,D1_oracle,D1_cost_aware_topk,full_true_decision_economics,False,True,REVIEW_EFFECTIVENESS_PESSIMISM,0.8,0.6,25.0,25.0,,1.0,1.0,1.0,1178,2000
1520,0.3382,150133.23,504146.66,38074.64,38000.0,580221.3,0.8,D2_oracle,D2_cost_aware_abstention,full_true_decision_economics_plus_abstention,False,True,REVIEW_EFFECTIVENESS_PESSIMISM,0.8,0.6,25.0,25.0,0.9848,0.76,1.0,0.76,1178,2000
2000,0.337,169554.7,484725.19,47011.14,50000.0,581736.33,0.8,D1_est,D1_cost_aware_topk,full_estimated_decision_economics,True,False,REVIEW_EFFECTIVENESS_PESSIMISM,0.8,0.6,25.0,25.0,,0.907487,0.997635,1.0,1178,2000
1005,0.3741,126952.63,527327.26,23500.16,25125.0,575952.42,0.8,D2_est,D2_cost_aware_abstention,full_estimated_decision_economics_plus_abstention,True,False,REVIEW_EFFECTIVENESS_PESSIMISM,0.8,0.6,25.0,25.0,0.98995,0.5025,0.997635,0.5025,1178,2000
2000,0.489,100250.46,554029.43,43288.74,50000.0,647318.17,0.8,B_topk_probability,B_topk_probability,probability_only,True,False,JOINT_MODERATE_MISSPECIFICATION,0.8,0.9,25.0,25.0,,0.238774,1.0,1.0,1178,2000
2000,0.302,181272.89,473007.0,59788.23,50000.0,582795.24,0.8,C_oracle,C_expected_exposure,probability_plus_true_exposure,False,True,JOINT_MODERATE_MISSPECIFICATION,0.8,0.9,25.0,25.0,,0.727116,0.369,1.0,1178,2000
2000,0.301,176184.11,478095.78,60086.53,50000.0,588182.32,0.8,C_est,C_expected_exposure,probability_plus_estimated_exposure,True,False,JOINT_MODERATE_MISSPECIFICATION,0.8,0.9,25.0,25.0,,0.626016,0.365499,1.0,1178,2000
2000,0.3225,171556.77,482723.12,49856.89,50000.0,582580.01,0.8,D1_oracle,D1_cost_aware_topk,full_true_decision_economics,False,True,JOINT_MODERATE_MISSPECIFICATION,0.8,0.9,25.0,25.0,,1.0,1.0,1.0,1178,2000
1520,0.3382,150133.23,504146.66,38074.64,38000.0,580221.3,0.8,D2_oracle,D2_cost_aware_abstention,full_true_decision_economics_plus_abstention,False,True,JOINT_MODERATE_MISSPECIFICATION,0.8,0.9,25.0,25.0,0.9848,0.76,1.0,0.76,1178,2000
2000,0.3215,171219.02,483060.87,51101.41,50000.0,584162.28,0.8,D1_est,D1_cost_aware_topk,full_estimated_decision_economics,True,False,JOINT_MODERATE_MISSPECIFICATION,0.8,0.9,25.0,25.0,,0.70503,0.833575,1.0,1178,2000
1857,0.3247,164727.72,489552.17,47843.45,46425.0,583820.62,0.8,D2_est,D2_cost_aware_abstention,full_estimated_decision_economics_plus_abstention,True,False,JOINT_MODERATE_MISSPECIFICATION,0.8,0.9,25.0,25.0,0.98143,0.69613,0.833575,0.9285,1178,2000
2000,0.5085,99519.19,568595.84,42285.99,50000.0,660881.84,0.8,B_topk_probability,B_topk_probability,probability_only,True,False,ORACLE,0.8,0.8,25.0,25.0,,0.254312,1.0,1.0,1195,2000
2000,0.302,191429.5,476685.54,60969.5,50000.0,587655.04,0.8,C_oracle,C_expected_exposure,probability_plus_true_exposure,False,True,ORACLE,0.8,0.8,25.0,25.0,,0.725626,0.366523,1.0,1195,2000
2000,0.302,191429.5,476685.54,60969.5,50000.0,587655.04,0.8,C_est,C_expected_exposure,probability_plus_estimated_exposure,True,False,ORACLE,0.8,0.8,25.0,25.0,,0.725626,0.366523,1.0,1195,2000
2000,0.3395,188395.91,479719.12,49674.76,50000.0,579393.88,0.8,D1_oracle,D1_cost_aware_topk,full_true_decision_economics,False,True,ORACLE,0.8,0.8,25.0,25.0,,1.0,1.0,1.0,1195,2000
1477,0.3555,166601.63,501513.41,36574.59,36925.0,575013.0,0.8,D2_oracle,D2_cost_aware_abstention,full_true_decision_economics_plus_abstention,False,True,ORACLE,0.8,0.8,25.0,25.0,0.98523,0.7385,1.0,0.7385,1195,2000
2000,0.3395,188395.91,479719.12,49674.76,50000.0,579393.88,0.8,D1_est,D1_cost_aware_topk,full_estimated_decision_economics,True,False,ORACLE,0.8,0.8,25.0,25.0,,1.0,1.0,1.0,1195,2000
1477,0.3555,166601.63,501513.41,36574.59,36925.0,575013.0,0.8,D2_est,D2_cost_aware_abstention,full_estimated_decision_economics_plus_abstention,True,False,ORACLE,0.8,0.8,25.0,25.0,0.98523,0.7385,1.0,0.7385,1195,2000
2000,0.5085,99519.19,568595.84,42285.99,50000.0,660881.84,0.8,B_topk_probability,B_topk_probability,probability_only,True,False,VALUE_NOISE_LOW,0.8,0.8,25.0,25.0,,0.254312,1.0,1.0,1195,2000
2000,0.302,191429.5,476685.54,60969.5,50000.0,587655.04,0.8,C_oracle,C_expected_exposure,probability_plus_true_exposure,False,True,VALUE_NOISE_LOW,0.8,0.8,25.0,25.0,,0.725626,0.366523,1.0,1195,2000
2000,0.295,189477.6,478637.44,61760.08,50000.0,590397.53,0.8,C_est,C_expected_exposure,probability_plus_estimated_exposure,True,False,VALUE_NOISE_LOW,0.8,0.8,25.0,25.0,,0.663202,0.364677,1.0,1195,2000
2000,0.3395,188395.91,479719.12,49674.76,50000.0,579393.88,0.8,D1_oracle,D1_cost_aware_topk,full_true_decision_economics,False,True,VALUE_NOISE_LOW,0.8,0.8,25.0,25.0,,1.0,1.0,1.0,1195,2000
1477,0.3555,166601.63,501513.41,36574.59,36925.0,575013.0,0.8,D2_oracle,D2_cost_aware_abstention,full_true_decision_economics_plus_abstention,False,True,VALUE_NOISE_LOW,0.8,0.8,25.0,25.0,0.98523,0.7385,1.0,0.7385,1195,2000
2000,0.3345,186476.93,481638.11,49677.92,50000.0,581316.03,0.8,D1_est,D1_cost_aware_topk,full_estimated_decision_economics,True,False,VALUE_NOISE_LOW,0.8,0.8,25.0,25.0,,0.805869,0.99828,1.0,1195,2000
1517,0.3514,165761.97,502353.07,37398.09,37925.0,577676.16,0.8,D2_est,D2_cost_aware_abstention,full_estimated_decision_economics_plus_abstention,True,False,VALUE_NOISE_LOW,0.8,0.8,25.0,25.0,0.98483,0.717285,0.99828,0.7585,1195,2000
2000,0.5085,99519.19,568595.84,42285.99,50000.0,660881.84,0.8,B_topk_probability,B_topk_probability,probability_only,True,False,VALUE_NOISE_HIGH,0.8,0.8,25.0,25.0,,0.254312,1.0,1.0,1195,2000
2000,0.302,191429.5,476685.54,60969.5,50000.0,587655.04,0.8,C_oracle,C_expected_exposure,probability_plus_true_exposure,False,True,VALUE_NOISE_HIGH,0.8,0.8,25.0,25.0,,0.725626,0.366523,1.0,1195,2000
2000,0.2875,181149.99,486965.05,62005.83,50000.0,598970.88,0.8,C_est,C_expected_exposure,probability_plus_estimated_exposure,True,False,VALUE_NOISE_HIGH,0.8,0.8,25.0,25.0,,0.52439,0.356414,1.0,1195,2000
2000,0.3395,188395.91,479719.12,49674.76,50000.0,579393.88,0.8,D1_oracle,D1_cost_aware_topk,full_true_decision_economics,False,True,VALUE_NOISE_HIGH,0.8,0.8,25.0,25.0,,1.0,1.0,1.0,1195,2000
1477,0.3555,166601.63,501513.41,36574.59,36925.0,575013.0,0.8,D2_oracle,D2_cost_aware_abstention,full_true_decision_economics_plus_abstention,False,True,VALUE_NOISE_HIGH,0.8,0.8,25.0,25.0,0.98523,0.7385,1.0,0.7385,1195,2000
2000,0.323,177640.5,490474.54,50757.93,50000.0,591232.47,0.8,D1_est,D1_cost_aware_topk,full_estimated_decision_economics,True,False,VALUE_NOISE_HIGH,0.8,0.8,25.0,25.0,,0.612903,0.991072,1.0,1195,2000
1534,0.3357,157412.68,510702.36,39089.97,38350.0,588142.32,0.8,D2_est,D2_cost_aware_abstention,full_estimated_decision_economics_plus_abstention,True,False,VALUE_NOISE_HIGH,0.8,0.8,25.0,25.0,0.98466,0.569272,0.991072,0.767,1195,2000
2000,0.5085,99519.19,568595.84,42285.99,50000.0,660881.84,0.8,B_topk_probability,B_topk_probability,probability_only,True,False,FP_COST_NOISE_LOW,0.8,0.8,25.0,25.0,,0.254312,1.0,1.0,1195,2000
2000,0.302,191429.5,476685.54,60969.5,50000.0,587655.04,0.8,C_oracle,C_expected_exposure,probability_plus_true_exposure,False,True,FP_COST_NOISE_LOW,0.8,0.8,25.0,25.0,,0.725626,0.366523,1.0,1195,2000
2000,0.302,191429.5,476685.54,60969.5,50000.0,587655.04,0.8,C_est,C_expected_exposure,probability_plus_estimated_exposure,True,False,FP_COST_NOISE_LOW,0.8,0.8,25.0,25.0,,0.725626,0.366523,1.0,1195,2000
2000,0.3395,188395.91,479719.12,49674.76,50000.0,579393.88,0.8,D1_oracle,D1_cost_aware_topk,full_true_decision_economics,False,True,FP_COST_NOISE_LOW,0.8,0.8,25.0,25.0,,1.0,1.0,1.0,1195,2000
1477,0.3555,166601.63,501513.41,36574.59,36925.0,575013.0,0.8,D2_oracle,D2_cost_aware_abstention,full_true_decision_economics_plus_abstention,False,True,FP_COST_NOISE_LOW,0.8,0.8,25.0,25.0,0.98523,0.7385,1.0,0.7385,1195,2000
2000,0.336,188441.31,479673.72,50207.78,50000.0,579881.5,0.8,D1_est,D1_cost_aware_topk,full_estimated_decision_economics,True,False,FP_COST_NOISE_LOW,0.8,0.8,25.0,25.0,,0.888574,0.91107,1.0,1195,2000
1501,0.3584,169660.06,498454.98,37072.97,37525.0,573052.95,0.8,D2_est,D2_cost_aware_abstention,full_estimated_decision_economics_plus_abstention,True,False,FP_COST_NOISE_LOW,0.8,0.8,25.0,25.0,0.98499,0.745264,0.91107,0.7505,1195,2000
2000,0.5085,99519.19,568595.84,42285.99,50000.0,660881.84,0.8,B_topk_probability,B_topk_probability,probability_only,True,False,FP_COST_NOISE_HIGH,0.8,0.8,25.0,25.0,,0.254312,1.0,1.0,1195,2000
2000,0.302,191429.5,476685.54,60969.5,50000.0,587655.04,0.8,C_oracle,C_expected_exposure,probability_plus_true_exposure,False,True,FP_COST_NOISE_HIGH,0.8,0.8,25.0,25.0,,0.725626,0.366523,1.0,1195,2000
2000,0.302,191429.5,476685.54,60969.5,50000.0,587655.04,0.8,C_est,C_expected_exposure,probability_plus_estimated_exposure,True,False,FP_COST_NOISE_HIGH,0.8,0.8,25.0,25.0,,0.725626,0.366523,1.0,1195,2000
2000,0.3395,188395.91,479719.12,49674.76,50000.0,579393.88,0.8,D1_oracle,D1_cost_aware_topk,full_true_decision_economics,False,True,FP_COST_NOISE_HIGH,0.8,0.8,25.0,25.0,,1.0,1.0,1.0,1195,2000
1477,0.3555,166601.63,501513.41,36574.59,36925.0,575013.0,0.8,D2_oracle,D2_cost_aware_abstention,full_true_decision_economics_plus_abstention,False,True,FP_COST_NOISE_HIGH,0.8,0.8,25.0,25.0,0.98523,0.7385,1.0,0.7385,1195,2000
2000,0.3335,188618.89,479496.15,51622.26,50000.0,581118.41,0.8,D1_est,D1_cost_aware_topk,full_estimated_decision_economics,True,False,FP_COST_NOISE_HIGH,0.8,0.8,25.0,25.0,,0.762115,0.694766,1.0,1195,2000
1605,0.3526,173933.41,494181.63,40860.66,40125.0,575167.29,0.8,D2_est,D2_cost_aware_abstention,full_estimated_decision_economics_plus_abstention,True,False,FP_COST_NOISE_HIGH,0.8,0.8,25.0,25.0,0.98395,0.734841,0.694766,0.8025,1195,2000
2000,0.5085,99519.19,568595.84,42285.99,50000.0,660881.84,0.8,B_topk_probability,B_topk_probability,probability_only,True,False,REVIEW_EFFECTIVENESS_OPTIMISM,0.8,1.0,25.0,25.0,,0.254312,1.0,1.0,1195,2000
2000,0.302,191429.5,476685.54,60969.5,50000.0,587655.04,0.8,C_oracle,C_expected_exposure,probability_plus_true_exposure,False,True,REVIEW_EFFECTIVENESS_OPTIMISM,0.8,1.0,25.0,25.0,,0.725626,0.366523,1.0,1195,2000
2000,0.302,191429.5,476685.54,60969.5,50000.0,587655.04,0.8,C_est,C_expected_exposure,probability_plus_estimated_exposure,True,False,REVIEW_EFFECTIVENESS_OPTIMISM,0.8,1.0,25.0,25.0,,0.725626,0.366523,1.0,1195,2000
2000,0.3395,188395.91,479719.12,49674.76,50000.0,579393.88,0.8,D1_oracle,D1_cost_aware_topk,full_true_decision_economics,False,True,REVIEW_EFFECTIVENESS_OPTIMISM,0.8,1.0,25.0,25.0,,1.0,1.0,1.0,1195,2000
1477,0.3555,166601.63,501513.41,36574.59,36925.0,575013.0,0.8,D2_oracle,D2_cost_aware_abstention,full_true_decision_economics_plus_abstention,False,True,REVIEW_EFFECTIVENESS_OPTIMISM,0.8,1.0,25.0,25.0,0.98523,0.7385,1.0,0.7385,1195,2000
2000,0.3325,190592.83,477522.2,51690.75,50000.0,579212.95,0.8,D1_est,D1_cost_aware_topk,full_estimated_decision_economics,True,False,REVIEW_EFFECTIVENESS_OPTIMISM,0.8,1.0,25.0,25.0,,0.932367,0.998305,1.0,1195,2000
2000,0.3325,190592.83,477522.2,51690.75,50000.0,579212.95,0.8,D2_est,D2_cost_aware_abstention,full_estimated_decision_economics_plus_abstention,True,False,REVIEW_EFFECTIVENESS_OPTIMISM,0.8,1.0,25.0,25.0,0.97948,0.932367,0.998305,1.0,1195,2000
2000,0.5085,99519.19,568595.84,42285.99,50000.0,660881.84,0.8,B_topk_probability,B_topk_probability,probability_only,True,False,REVIEW_EFFECTIVENESS_PESSIMISM,0.8,0.6,25.0,25.0,,0.254312,1.0,1.0,1195,2000
2000,0.302,191429.5,476685.54,60969.5,50000.0,587655.04,0.8,C_oracle,C_expected_exposure,probability_plus_true_exposure,False,True,REVIEW_EFFECTIVENESS_PESSIMISM,0.8,0.6,25.0,25.0,,0.725626,0.366523,1.0,1195,2000
2000,0.302,191429.5,476685.54,60969.5,50000.0,587655.04,0.8,C_est,C_expected_exposure,probability_plus_estimated_exposure,True,False,REVIEW_EFFECTIVENESS_PESSIMISM,0.8,0.6,25.0,25.0,,0.725626,0.366523,1.0,1195,2000
2000,0.3395,188395.91,479719.12,49674.76,50000.0,579393.88,0.8,D1_oracle,D1_cost_aware_topk,full_true_decision_economics,False,True,REVIEW_EFFECTIVENESS_PESSIMISM,0.8,0.6,25.0,25.0,,1.0,1.0,1.0,1195,2000
1477,0.3555,166601.63,501513.41,36574.59,36925.0,575013.0,0.8,D2_oracle,D2_cost_aware_abstention,full_true_decision_economics_plus_abstention,False,True,REVIEW_EFFECTIVENESS_PESSIMISM,0.8,0.6,25.0,25.0,0.98523,0.7385,1.0,0.7385,1195,2000
2000,0.3535,187549.49,480565.55,46337.58,50000.0,576903.13,0.8,D1_est,D1_cost_aware_topk,full_estimated_decision_economics,True,False,REVIEW_EFFECTIVENESS_PESSIMISM,0.8,0.6,25.0,25.0,,0.901141,0.997691,1.0,1195,2000
984,0.3923,137621.85,530493.19,22757.16,24600.0,577850.34,0.8,D2_est,D2_cost_aware_abstention,full_estimated_decision_economics_plus_abstention,True,False,REVIEW_EFFECTIVENESS_PESSIMISM,0.8,0.6,25.0,25.0,0.99016,0.492,0.997691,0.492,1195,2000
2000,0.5085,99519.19,568595.84,42285.99,50000.0,660881.84,0.8,B_topk_probability,B_topk_probability,probability_only,True,False,JOINT_MODERATE_MISSPECIFICATION,0.8,0.9,25.0,25.0,,0.254312,1.0,1.0,1195,2000
2000,0.302,191429.5,476685.54,60969.5,50000.0,587655.04,0.8,C_oracle,C_expected_exposure,probability_plus_true_exposure,False,True,JOINT_MODERATE_MISSPECIFICATION,0.8,0.9,25.0,25.0,,0.725626,0.366523,1.0,1195,2000
2000,0.2965,189069.91,479045.12,61126.92,50000.0,590172.04,0.8,C_est,C_expected_exposure,probability_plus_estimated_exposure,True,False,JOINT_MODERATE_MISSPECIFICATION,0.8,0.9,25.0,25.0,,0.618123,0.362511,1.0,1195,2000
2000,0.3395,188395.91,479719.12,49674.76,50000.0,579393.88,0.8,D1_oracle,D1_cost_aware_topk,full_true_decision_economics,False,True,JOINT_MODERATE_MISSPECIFICATION,0.8,0.9,25.0,25.0,,1.0,1.0,1.0,1195,2000
1477,0.3555,166601.63,501513.41,36574.59,36925.0,575013.0,0.8,D2_oracle,D2_cost_aware_abstention,full_true_decision_economics_plus_abstention,False,True,JOINT_MODERATE_MISSPECIFICATION,0.8,0.9,25.0,25.0,0.98523,0.7385,1.0,0.7385,1195,2000
2000,0.3245,187198.93,480916.11,51691.77,50000.0,582607.88,0.8,D1_est,D1_cost_aware_topk,full_estimated_decision_economics,True,False,JOINT_MODERATE_MISSPECIFICATION,0.8,0.9,25.0,25.0,,0.702128,0.831006,1.0,1195,2000
1854,0.3269,177510.48,490604.56,48022.67,46350.0,584977.23,0.8,D2_est,D2_cost_aware_abstention,full_estimated_decision_economics_plus_abstention,True,False,JOINT_MODERATE_MISSPECIFICATION,0.8,0.9,25.0,25.0,0.98146,0.691093,0.831006,0.927,1195,2000
2000,0.5325,102024.51,559697.75,40778.59,50000.0,650476.33,0.8,B_topk_probability,B_topk_probability,probability_only,True,False,ORACLE,0.8,0.8,25.0,25.0,,0.254705,1.0,1.0,1212,2000
2000,0.3165,189923.92,471798.34,58697.33,50000.0,580495.66,0.8,C_oracle,C_expected_exposure,probability_plus_true_exposure,False,True,ORACLE,0.8,0.8,25.0,25.0,,0.707213,0.369674,1.0,1212,2000
2000,0.3165,189923.92,471798.34,58697.33,50000.0,580495.66,0.8,C_est,C_expected_exposure,probability_plus_estimated_exposure,True,False,ORACLE,0.8,0.8,25.0,25.0,,0.707213,0.369674,1.0,1212,2000
2000,0.3525,183398.83,478323.43,47193.93,50000.0,575517.35,0.8,D1_oracle,D1_cost_aware_topk,full_true_decision_economics,False,True,ORACLE,0.8,0.8,25.0,25.0,,1.0,1.0,1.0,1212,2000
1488,0.369,160324.39,501397.87,35244.68,37200.0,573842.55,0.8,D2_oracle,D2_cost_aware_abstention,full_true_decision_economics_plus_abstention,False,True,ORACLE,0.8,0.8,25.0,25.0,0.98512,0.744,1.0,0.744,1212,2000
2000,0.3525,183398.83,478323.43,47193.93,50000.0,575517.35,0.8,D1_est,D1_cost_aware_topk,full_estimated_decision_economics,True,False,ORACLE,0.8,0.8,25.0,25.0,,1.0,1.0,1.0,1212,2000
1488,0.369,160324.39,501397.87,35244.68,37200.0,573842.55,0.8,D2_est,D2_cost_aware_abstention,full_estimated_decision_economics_plus_abstention,True,False,ORACLE,0.8,0.8,25.0,25.0,0.98512,0.744,1.0,0.744,1212,2000
2000,0.5325,102024.51,559697.75,40778.59,50000.0,650476.33,0.8,B_topk_probability,B_topk_probability,probability_only,True,False,VALUE_NOISE_LOW,0.8,0.8,25.0,25.0,,0.254705,1.0,1.0,1212,2000
2000,0.3165,189923.92,471798.34,58697.33,50000.0,580495.66,0.8,C_oracle,C_expected_exposure,probability_plus_true_exposure,False,True,VALUE_NOISE_LOW,0.8,0.8,25.0,25.0,,0.707213,0.369674,1.0,1212,2000
2000,0.3095,184850.66,476871.6,59990.43,50000.0,586862.03,0.8,C_est,C_expected_exposure,probability_plus_estimated_exposure,True,False,VALUE_NOISE_LOW,0.8,0.8,25.0,25.0,,0.656315,0.368132,1.0,1212,2000
2000,0.3525,183398.83,478323.43,47193.93,50000.0,575517.35,0.8,D1_oracle,D1_cost_aware_topk,full_true_decision_economics,False,True,VALUE_NOISE_LOW,0.8,0.8,25.0,25.0,,1.0,1.0,1.0,1212,2000
1488,0.369,160324.39,501397.87,35244.68,37200.0,573842.55,0.8,D2_oracle,D2_cost_aware_abstention,full_true_decision_economics_plus_abstention,False,True,VALUE_NOISE_LOW,0.8,0.8,25.0,25.0,0.98512,0.744,1.0,0.744,1212,2000
2000,0.3465,178376.08,483346.18,48038.78,50000.0,581384.96,0.8,D1_est,D1_cost_aware_topk,full_estimated_decision_economics,True,False,VALUE_NOISE_LOW,0.8,0.8,25.0,25.0,,0.80424,0.998232,1.0,1212,2000
1459,0.3639,155697.89,506024.37,35028.54,36475.0,577527.91,0.8,D2_est,D2_cost_aware_abstention,full_estimated_decision_economics_plus_abstention,True,False,VALUE_NOISE_LOW,0.8,0.8,25.0,25.0,0.98541,0.693928,0.998232,0.7295,1212,2000
2000,0.5325,102024.51,559697.75,40778.59,50000.0,650476.33,0.8,B_topk_probability,B_topk_probability,probability_only,True,False,VALUE_NOISE_HIGH,0.8,0.8,25.0,25.0,,0.254705,1.0,1.0,1212,2000
2000,0.3165,189923.92,471798.34,58697.33,50000.0,580495.66,0.8,C_oracle,C_expected_exposure,probability_plus_true_exposure,False,True,VALUE_NOISE_HIGH,0.8,0.8,25.0,25.0,,0.707213,0.369674,1.0,1212,2000
2000,0.294,171868.39,489853.87,61112.34,50000.0,600966.21,0.8,C_est,C_expected_exposure,probability_plus_estimated_exposure,True,False,VALUE_NOISE_HIGH,0.8,0.8,25.0,25.0,,0.514005,0.360175,1.0,1212,2000
2000,0.3525,183398.83,478323.43,47193.93,50000.0,575517.35,0.8,D1_oracle,D1_cost_aware_topk,full_true_decision_economics,False,True,VALUE_NOISE_HIGH,0.8,0.8,25.0,25.0,,1.0,1.0,1.0,1212,2000
1488,0.369,160324.39,501397.87,35244.68,37200.0,573842.55,0.8,D2_oracle,D2_cost_aware_abstention,full_true_decision_economics_plus_abstention,False,True,VALUE_NOISE_HIGH,0.8,0.8,25.0,25.0,0.98512,0.744,1.0,0.744,1212,2000
2000,0.333,169222.42,492499.84,49511.15,50000.0,592010.99,0.8,D1_est,D1_cost_aware_topk,full_estimated_decision_economics,True,False,VALUE_NOISE_HIGH,0.8,0.8,25.0,25.0,,0.602564,0.990873,1.0,1212,2000
1486,0.3358,146038.69,515683.57,37445.65,37150.0,590279.22,0.8,D2_est,D2_cost_aware_abstention,full_estimated_decision_economics_plus_abstention,True,False,VALUE_NOISE_HIGH,0.8,0.8,25.0,25.0,0.98514,0.548645,0.990873,0.743,1212,2000
2000,0.5325,102024.51,559697.75,40778.59,50000.0,650476.33,0.8,B_topk_probability,B_topk_probability,probability_only,True,False,FP_COST_NOISE_LOW,0.8,0.8,25.0,25.0,,0.254705,1.0,1.0,1212,2000
2000,0.3165,189923.92,471798.34,58697.33,50000.0,580495.66,0.8,C_oracle,C_expected_exposure,probability_plus_true_exposure,False,True,FP_COST_NOISE_LOW,0.8,0.8,25.0,25.0,,0.707213,0.369674,1.0,1212,2000
2000,0.3165,189923.92,471798.34,58697.33,50000.0,580495.66,0.8,C_est,C_expected_exposure,probability_plus_estimated_exposure,True,False,FP_COST_NOISE_LOW,0.8,0.8,25.0,25.0,,0.707213,0.369674,1.0,1212,2000
2000,0.3525,183398.83,478323.43,47193.93,50000.0,575517.35,0.8,D1_oracle,D1_cost_aware_topk,full_true_decision_economics,False,True,FP_COST_NOISE_LOW,0.8,0.8,25.0,25.0,,1.0,1.0,1.0,1212,2000
1488,0.369,160324.39,501397.87,35244.68,37200.0,573842.55,0.8,D2_oracle,D2_cost_aware_abstention,full_true_decision_economics_plus_abstention,False,True,FP_COST_NOISE_LOW,0.8,0.8,25.0,25.0,0.98512,0.744,1.0,0.744,1212,2000
2000,0.3495,184476.81,477245.45,48147.37,50000.0,575392.82,0.8,D1_est,D1_cost_aware_topk,full_estimated_decision_economics,True,False,FP_COST_NOISE_LOW,0.8,0.8,25.0,25.0,,0.879699,0.911198,1.0,1212,2000
1523,0.3664,162681.01,499041.25,36421.64,38075.0,573537.89,0.8,D2_est,D2_cost_aware_abstention,full_estimated_decision_economics_plus_abstention,True,False,FP_COST_NOISE_LOW,0.8,0.8,25.0,25.0,0.98477,0.757107,0.911198,0.7615,1212,2000
2000,0.5325,102024.51,559697.75,40778.59,50000.0,650476.33,0.8,B_topk_probability,B_topk_probability,probability_only,True,False,FP_COST_NOISE_HIGH,0.8,0.8,25.0,25.0,,0.254705,1.0,1.0,1212,2000
2000,0.3165,189923.92,471798.34,58697.33,50000.0,580495.66,0.8,C_oracle,C_expected_exposure,probability_plus_true_exposure,False,True,FP_COST_NOISE_HIGH,0.8,0.8,25.0,25.0,,0.707213,0.369674,1.0,1212,2000
2000,0.3165,189923.92,471798.34,58697.33,50000.0,580495.66,0.8,C_est,C_expected_exposure,probability_plus_estimated_exposure,True,False,FP_COST_NOISE_HIGH,0.8,0.8,25.0,25.0,,0.707213,0.369674,1.0,1212,2000
2000,0.3525,183398.83,478323.43,47193.93,50000.0,575517.35,0.8,D1_oracle,D1_cost_aware_topk,full_true_decision_economics,False,True,FP_COST_NOISE_HIGH,0.8,0.8,25.0,25.0,,1.0,1.0,1.0,1212,2000
1488,0.369,160324.39,501397.87,35244.68,37200.0,573842.55,0.8,D2_oracle,D2_cost_aware_abstention,full_true_decision_economics_plus_abstention,False,True,FP_COST_NOISE_HIGH,0.8,0.8,25.0,25.0,0.98512,0.744,1.0,0.744,1212,2000
2000,0.341,183472.2,478250.06,49699.55,50000.0,577949.61,0.8,D1_est,D1_cost_aware_topk,full_estimated_decision_economics,True,False,FP_COST_NOISE_HIGH,0.8,0.8,25.0,25.0,,0.765225,0.693162,1.0,1212,2000
1617,0.3562,167415.45,494306.81,39893.43,40425.0,574625.24,0.8,D2_est,D2_cost_aware_abstention,full_estimated_decision_economics_plus_abstention,True,False,FP_COST_NOISE_HIGH,0.8,0.8,25.0,25.0,0.98383,0.729794,0.693162,0.8085,1212,2000
2000,0.5325,102024.51,559697.75,40778.59,50000.0,650476.33,0.8,B_topk_probability,B_topk_probability,probability_only,True,False,REVIEW_EFFECTIVENESS_OPTIMISM,0.8,1.0,25.0,25.0,,0.254705,1.0,1.0,1212,2000
2000,0.3165,189923.92,471798.34,58697.33,50000.0,580495.66,0.8,C_oracle,C_expected_exposure,probability_plus_true_exposure,False,True,REVIEW_EFFECTIVENESS_OPTIMISM,0.8,1.0,25.0,25.0,,0.707213,0.369674,1.0,1212,2000
2000,0.3165,189923.92,471798.34,58697.33,50000.0,580495.66,0.8,C_est,C_expected_exposure,probability_plus_estimated_exposure,True,False,REVIEW_EFFECTIVENESS_OPTIMISM,0.8,1.0,25.0,25.0,,0.707213,0.369674,1.0,1212,2000
2000,0.3525,183398.83,478323.43,47193.93,50000.0,575517.35,0.8,D1_oracle,D1_cost_aware_topk,full_true_decision_economics,False,True,REVIEW_EFFECTIVENESS_OPTIMISM,0.8,1.0,25.0,25.0,,1.0,1.0,1.0,1212,2000
1488,0.369,160324.39,501397.87,35244.68,37200.0,573842.55,0.8,D2_oracle,D2_cost_aware_abstention,full_true_decision_economics_plus_abstention,False,True,REVIEW_EFFECTIVENESS_OPTIMISM,0.8,1.0,25.0,25.0,0.98512,0.744,1.0,0.744,1212,2000
2000,0.3475,186657.87,475064.39,48791.27,50000.0,573855.66,0.8,D1_est,D1_cost_aware_topk,full_estimated_decision_economics,True,False,REVIEW_EFFECTIVENESS_OPTIMISM,0.8,1.0,25.0,25.0,,0.942691,0.998277,1.0,1212,2000
2000,0.3475,186657.87,475064.39,48791.27,50000.0,573855.66,0.8,D2_est,D2_cost_aware_abstention,full_estimated_decision_economics_plus_abstention,True,False,REVIEW_EFFECTIVENESS_OPTIMISM,0.8,1.0,25.0,25.0,0.9799,0.942691,0.998277,1.0,1212,2000
2000,0.5325,102024.51,559697.75,40778.59,50000.0,650476.33,0.8,B_topk_probability,B_topk_probability,probability_only,True,False,REVIEW_EFFECTIVENESS_PESSIMISM,0.8,0.6,25.0,25.0,,0.254705,1.0,1.0,1212,2000
2000,0.3165,189923.92,471798.34,58697.33,50000.0,580495.66,0.8,C_oracle,C_expected_exposure,probability_plus_true_exposure,False,True,REVIEW_EFFECTIVENESS_PESSIMISM,0.8,0.6,25.0,25.0,,0.707213,0.369674,1.0,1212,2000
2000,0.3165,189923.92,471798.34,58697.33,50000.0,580495.66,0.8,C_est,C_expected_exposure,probability_plus_estimated_exposure,True,False,REVIEW_EFFECTIVENESS_PESSIMISM,0.8,0.6,25.0,25.0,,0.707213,0.369674,1.0,1212,2000
2000,0.3525,183398.83,478323.43,47193.93,50000.0,575517.35,0.8,D1_oracle,D1_cost_aware_topk,full_true_decision_economics,False,True,REVIEW_EFFECTIVENESS_PESSIMISM,0.8,0.6,25.0,25.0,,1.0,1.0,1.0,1212,2000
1488,0.369,160324.39,501397.87,35244.68,37200.0,573842.55,0.8,D2_oracle,D2_cost_aware_abstention,full_true_decision_economics_plus_abstention,False,True,REVIEW_EFFECTIVENESS_PESSIMISM,0.8,0.6,25.0,25.0,0.98512,0.744,1.0,0.744,1212,2000
2000,0.3585,177506.26,484216.0,45496.85,50000.0,579712.85,0.8,D1_est,D1_cost_aware_topk,full_estimated_decision_economics,True,False,REVIEW_EFFECTIVENESS_PESSIMISM,0.8,0.6,25.0,25.0,,0.918465,0.997616,1.0,1212,2000
956,0.3954,129779.52,531942.74,21981.08,23900.0,577823.82,0.8,D2_est,D2_cost_aware_abstention,full_estimated_decision_economics_plus_abstention,True,False,REVIEW_EFFECTIVENESS_PESSIMISM,0.8,0.6,25.0,25.0,0.99044,0.478,0.997616,0.478,1212,2000
2000,0.5325,102024.51,559697.75,40778.59,50000.0,650476.33,0.8,B_topk_probability,B_topk_probability,probability_only,True,False,JOINT_MODERATE_MISSPECIFICATION,0.8,0.9,25.0,25.0,,0.254705,1.0,1.0,1212,2000
2000,0.3165,189923.92,471798.34,58697.33,50000.0,580495.66,0.8,C_oracle,C_expected_exposure,probability_plus_true_exposure,False,True,JOINT_MODERATE_MISSPECIFICATION,0.8,0.9,25.0,25.0,,0.707213,0.369674,1.0,1212,2000
2000,0.3055,181658.6,480063.66,60224.42,50000.0,590288.08,0.8,C_est,C_expected_exposure,probability_plus_estimated_exposure,True,False,JOINT_MODERATE_MISSPECIFICATION,0.8,0.9,25.0,25.0,,0.609658,0.36609,1.0,1212,2000
2000,0.3525,183398.83,478323.43,47193.93,50000.0,575517.35,0.8,D1_oracle,D1_cost_aware_topk,full_true_decision_economics,False,True,JOINT_MODERATE_MISSPECIFICATION,0.8,0.9,25.0,25.0,,1.0,1.0,1.0,1212,2000
1488,0.369,160324.39,501397.87,35244.68,37200.0,573842.55,0.8,D2_oracle,D2_cost_aware_abstention,full_true_decision_economics_plus_abstention,False,True,JOINT_MODERATE_MISSPECIFICATION,0.8,0.9,25.0,25.0,0.98512,0.744,1.0,0.744,1212,2000
2000,0.343,179606.45,482115.81,49793.2,50000.0,581909.01,0.8,D1_est,D1_cost_aware_topk,full_estimated_decision_economics,True,False,JOINT_MODERATE_MISSPECIFICATION,0.8,0.9,25.0,25.0,,0.683502,0.831766,1.0,1212,2000
1807,0.347,171976.1,489746.16,45041.97,45175.0,579963.13,0.8,D2_est,D2_cost_aware_abstention,full_estimated_decision_economics_plus_abstention,True,False,JOINT_MODERATE_MISSPECIFICATION,0.8,0.9,25.0,25.0,0.98193,0.677093,0.831766,0.9035,1212,2000
2000,0.489,90045.93,563328.43,45256.83,50000.0,658585.26,0.8,B_topk_probability,B_topk_probability,probability_only,True,False,ORACLE,0.8,0.8,25.0,25.0,,0.237241,1.0,1.0,1229,2000
2000,0.3095,176810.89,476563.47,59887.32,50000.0,586450.78,0.8,C_oracle,C_expected_exposure,probability_plus_true_exposure,False,True,ORACLE,0.8,0.8,25.0,25.0,,0.729356,0.367415,1.0,1229,2000
2000,0.3095,176810.89,476563.47,59887.32,50000.0,586450.78,0.8,C_est,C_expected_exposure,probability_plus_estimated_exposure,True,False,ORACLE,0.8,0.8,25.0,25.0,,0.729356,0.367415,1.0,1229,2000
2000,0.3385,170593.27,482781.09,49672.18,50000.0,582453.27,0.8,D1_oracle,D1_cost_aware_topk,full_true_decision_economics,False,True,ORACLE,0.8,0.8,25.0,25.0,,1.0,1.0,1.0,1229,2000
1500,0.3513,148124.68,505249.68,36949.06,37500.0,579698.74,0.8,D2_oracle,D2_cost_aware_abstention,full_true_decision_economics_plus_abstention,False,True,ORACLE,0.8,0.8,25.0,25.0,0.985,0.75,1.0,0.75,1229,2000
2000,0.3385,170593.27,482781.09,49672.18,50000.0,582453.27,0.8,D1_est,D1_cost_aware_topk,full_estimated_decision_economics,True,False,ORACLE,0.8,0.8,25.0,25.0,,1.0,1.0,1.0,1229,2000
1500,0.3513,148124.68,505249.68,36949.06,37500.0,579698.74,0.8,D2_est,D2_cost_aware_abstention,full_estimated_decision_economics_plus_abstention,True,False,ORACLE,0.8,0.8,25.0,25.0,0.985,0.75,1.0,0.75,1229,2000
2000,0.489,90045.93,563328.43,45256.83,50000.0,658585.26,0.8,B_topk_probability,B_topk_probability,probability_only,True,False,VALUE_NOISE_LOW,0.8,0.8,25.0,25.0,,0.237241,1.0,1.0,1229,2000
2000,0.3095,176810.89,476563.47,59887.32,50000.0,586450.78,0.8,C_oracle,C_expected_exposure,probability_plus_true_exposure,False,True,VALUE_NOISE_LOW,0.8,0.8,25.0,25.0,,0.729356,0.367415,1.0,1229,2000
2000,0.305,175615.92,477758.44,60429.55,50000.0,588187.99,0.8,C_est,C_expected_exposure,probability_plus_estimated_exposure,True,False,VALUE_NOISE_LOW,0.8,0.8,25.0,25.0,,0.671542,0.365667,1.0,1229,2000
2000,0.3385,170593.27,482781.09,49672.18,50000.0,582453.27,0.8,D1_oracle,D1_cost_aware_topk,full_true_decision_economics,False,True,VALUE_NOISE_LOW,0.8,0.8,25.0,25.0,,1.0,1.0,1.0,1229,2000
1500,0.3513,148124.68,505249.68,36949.06,37500.0,579698.74,0.8,D2_oracle,D2_cost_aware_abstention,full_true_decision_economics_plus_abstention,False,True,VALUE_NOISE_LOW,0.8,0.8,25.0,25.0,0.985,0.75,1.0,0.75,1229,2000
2000,0.34,171114.09,482260.27,49448.16,50000.0,581708.43,0.8,D1_est,D1_cost_aware_topk,full_estimated_decision_economics,True,False,VALUE_NOISE_LOW,0.8,0.8,25.0,25.0,,0.812415,0.998246,1.0,1229,2000
1516,0.3542,147479.19,505895.17,37086.37,37900.0,580881.55,0.8,D2_est,D2_cost_aware_abstention,full_estimated_decision_economics_plus_abstention,True,False,VALUE_NOISE_LOW,0.8,0.8,25.0,25.0,0.98484,0.726916,0.998246,0.758,1229,2000
2000,0.489,90045.93,563328.43,45256.83,50000.0,658585.26,0.8,B_topk_probability,B_topk_probability,probability_only,True,False,VALUE_NOISE_HIGH,0.8,0.8,25.0,25.0,,0.237241,1.0,1.0,1229,2000
2000,0.3095,176810.89,476563.47,59887.32,50000.0,586450.78,0.8,C_oracle,C_expected_exposure,probability_plus_true_exposure,False,True,VALUE_NOISE_HIGH,0.8,0.8,25.0,25.0,,0.729356,0.367415,1.0,1229,2000
2000,0.2945,160683.8,492690.57,61385.74,50000.0,604076.31,0.8,C_est,C_expected_exposure,probability_plus_estimated_exposure,True,False,VALUE_NOISE_HIGH,0.8,0.8,25.0,25.0,,0.533154,0.357421,1.0,1229,2000
2000,0.3385,170593.27,482781.09,49672.18,50000.0,582453.27,0.8,D1_oracle,D1_cost_aware_topk,full_true_decision_economics,False,True,VALUE_NOISE_HIGH,0.8,0.8,25.0,25.0,,1.0,1.0,1.0,1229,2000
1500,0.3513,148124.68,505249.68,36949.06,37500.0,579698.74,0.8,D2_oracle,D2_cost_aware_abstention,full_true_decision_economics_plus_abstention,False,True,VALUE_NOISE_HIGH,0.8,0.8,25.0,25.0,0.985,0.75,1.0,0.75,1229,2000
2000,0.329,159812.83,493561.53,50193.87,50000.0,593755.4,0.8,D1_est,D1_cost_aware_topk,full_estimated_decision_economics,True,False,VALUE_NOISE_HIGH,0.8,0.8,25.0,25.0,,0.615509,0.990737,1.0,1229,2000
1531,0.3364,136757.06,516617.31,39053.78,38275.0,593946.09,0.8,D2_est,D2_cost_aware_abstention,full_estimated_decision_economics_plus_abstention,True,False,VALUE_NOISE_HIGH,0.8,0.8,25.0,25.0,0.98469,0.574231,0.990737,0.7655,1229,2000
2000,0.489,90045.93,563328.43,45256.83,50000.0,658585.26,0.8,B_topk_probability,B_topk_probability,probability_only,True,False,FP_COST_NOISE_LOW,0.8,0.8,25.0,25.0,,0.237241,1.0,1.0,1229,2000
2000,0.3095,176810.89,476563.47,59887.32,50000.0,586450.78,0.8,C_oracle,C_expected_exposure,probability_plus_true_exposure,False,True,FP_COST_NOISE_LOW,0.8,0.8,25.0,25.0,,0.729356,0.367415,1.0,1229,2000
2000,0.3095,176810.89,476563.47,59887.32,50000.0,586450.78,0.8,C_est,C_expected_exposure,probability_plus_estimated_exposure,True,False,FP_COST_NOISE_LOW,0.8,0.8,25.0,25.0,,0.729356,0.367415,1.0,1229,2000
2000,0.3385,170593.27,482781.09,49672.18,50000.0,582453.27,0.8,D1_oracle,D1_cost_aware_topk,full_true_decision_economics,False,True,FP_COST_NOISE_LOW,0.8,0.8,25.0,25.0,,1.0,1.0,1.0,1229,2000
1500,0.3513,148124.68,505249.68,36949.06,37500.0,579698.74,0.8,D2_oracle,D2_cost_aware_abstention,full_true_decision_economics_plus_abstention,False,True,FP_COST_NOISE_LOW,0.8,0.8,25.0,25.0,0.985,0.75,1.0,0.75,1229,2000
2000,0.333,167805.36,485569.01,50271.62,50000.0,585840.62,0.8,D1_est,D1_cost_aware_topk,full_estimated_decision_economics,True,False,FP_COST_NOISE_LOW,0.8,0.8,25.0,25.0,,0.885903,0.911614,1.0,1229,2000
1528,0.3501,148030.52,505343.85,38206.52,38200.0,581750.36,0.8,D2_est,D2_cost_aware_abstention,full_estimated_decision_economics_plus_abstention,True,False,FP_COST_NOISE_LOW,0.8,0.8,25.0,25.0,0.98472,0.759601,0.911614,0.764,1229,2000
2000,0.489,90045.93,563328.43,45256.83,50000.0,658585.26,0.8,B_topk_probability,B_topk_probability,probability_only,True,False,FP_COST_NOISE_HIGH,0.8,0.8,25.0,25.0,,0.237241,1.0,1.0,1229,2000
2000,0.3095,176810.89,476563.47,59887.32,50000.0,586450.78,0.8,C_oracle,C_expected_exposure,probability_plus_true_exposure,False,True,FP_COST_NOISE_HIGH,0.8,0.8,25.0,25.0,,0.729356,0.367415,1.0,1229,2000
2000,0.3095,176810.89,476563.47,59887.32,50000.0,586450.78,0.8,C_est,C_expected_exposure,probability_plus_estimated_exposure,True,False,FP_COST_NOISE_HIGH,0.8,0.8,25.0,25.0,,0.729356,0.367415,1.0,1229,2000
2000,0.3385,170593.27,482781.09,49672.18,50000.0,582453.27,0.8,D1_oracle,D1_cost_aware_topk,full_true_decision_economics,False,True,FP_COST_NOISE_HIGH,0.8,0.8,25.0,25.0,,1.0,1.0,1.0,1229,2000
1500,0.3513,148124.68,505249.68,36949.06,37500.0,579698.74,0.8,D2_oracle,D2_cost_aware_abstention,full_true_decision_economics_plus_abstention,False,True,FP_COST_NOISE_HIGH,0.8,0.8,25.0,25.0,0.985,0.75,1.0,0.75,1229,2000
2000,0.3195,162710.71,490663.65,52333.87,50000.0,592997.52,0.8,D1_est,D1_cost_aware_topk,full_estimated_decision_economics,True,False,FP_COST_NOISE_HIGH,0.8,0.8,25.0,25.0,,0.771479,0.695058,1.0,1229,2000
1630,0.3393,150975.07,502399.29,41688.04,40750.0,584837.34,0.8,D2_est,D2_cost_aware_abstention,full_estimated_decision_economics_plus_abstention,True,False,FP_COST_NOISE_HIGH,0.8,0.8,25.0,25.0,0.9837,0.745192,0.695058,0.815,1229,2000
2000,0.489,90045.93,563328.43,45256.83,50000.0,658585.26,0.8,B_topk_probability,B_topk_probability,probability_only,True,False,REVIEW_EFFECTIVENESS_OPTIMISM,0.8,1.0,25.0,25.0,,0.237241,1.0,1.0,1229,2000
2000,0.3095,176810.89,476563.47,59887.32,50000.0,586450.78,0.8,C_oracle,C_expected_exposure,probability_plus_true_exposure,False,True,REVIEW_EFFECTIVENESS_OPTIMISM,0.8,1.0,25.0,25.0,,0.729356,0.367415,1.0,1229,2000
2000,0.3095,176810.89,476563.47,59887.32,50000.0,586450.78,0.8,C_est,C_expected_exposure,probability_plus_estimated_exposure,True,False,REVIEW_EFFECTIVENESS_OPTIMISM,0.8,1.0,25.0,25.0,,0.729356,0.367415,1.0,1229,2000
2000,0.3385,170593.27,482781.09,49672.18,50000.0,582453.27,0.8,D1_oracle,D1_cost_aware_topk,full_true_decision_economics,False,True,REVIEW_EFFECTIVENESS_OPTIMISM,0.8,1.0,25.0,25.0,,1.0,1.0,1.0,1229,2000
1500,0.3513,148124.68,505249.68,36949.06,37500.0,579698.74,0.8,D2_oracle,D2_cost_aware_abstention,full_true_decision_economics_plus_abstention,False,True,REVIEW_EFFECTIVENESS_OPTIMISM,0.8,1.0,25.0,25.0,0.985,0.75,1.0,0.75,1229,2000
2000,0.3345,172136.29,481238.08,51332.94,50000.0,582571.01,0.8,D1_est,D1_cost_aware_topk,full_estimated_decision_economics,True,False,REVIEW_EFFECTIVENESS_OPTIMISM,0.8,1.0,25.0,25.0,,0.943635,0.998263,1.0,1229,2000
2000,0.3345,172136.29,481238.08,51332.94,50000.0,582571.01,0.8,D2_est,D2_cost_aware_abstention,full_estimated_decision_economics_plus_abstention,True,False,REVIEW_EFFECTIVENESS_OPTIMISM,0.8,1.0,25.0,25.0,0.97958,0.943635,0.998263,1.0,1229,2000
2000,0.489,90045.93,563328.43,45256.83,50000.0,658585.26,0.8,B_topk_probability,B_topk_probability,probability_only,True,False,REVIEW_EFFECTIVENESS_PESSIMISM,0.8,0.6,25.0,25.0,,0.237241,1.0,1.0,1229,2000
2000,0.3095,176810.89,476563.47,59887.32,50000.0,586450.78,0.8,C_oracle,C_expected_exposure,probability_plus_true_exposure,False,True,REVIEW_EFFECTIVENESS_PESSIMISM,0.8,0.6,25.0,25.0,,0.729356,0.367415,1.0,1229,2000
2000,0.3095,176810.89,476563.47,59887.32,50000.0,586450.78,0.8,C_est,C_expected_exposure,probability_plus_estimated_exposure,True,False,REVIEW_EFFECTIVENESS_PESSIMISM,0.8,0.6,25.0,25.0,,0.729356,0.367415,1.0,1229,2000
2000,0.3385,170593.27,482781.09,49672.18,50000.0,582453.27,0.8,D1_oracle,D1_cost_aware_topk,full_true_decision_economics,False,True,REVIEW_EFFECTIVENESS_PESSIMISM,0.8,0.6,25.0,25.0,,1.0,1.0,1.0,1229,2000
1500,0.3513,148124.68,505249.68,36949.06,37500.0,579698.74,0.8,D2_oracle,D2_cost_aware_abstention,full_true_decision_economics_plus_abstention,False,True,REVIEW_EFFECTIVENESS_PESSIMISM,0.8,0.6,25.0,25.0,0.985,0.75,1.0,0.75,1229,2000
2000,0.349,167103.78,486270.59,46922.23,50000.0,583192.82,0.8,D1_est,D1_cost_aware_topk,full_estimated_decision_economics,True,False,REVIEW_EFFECTIVENESS_PESSIMISM,0.8,0.6,25.0,25.0,,0.906578,0.997562,1.0,1229,2000
961,0.3902,118904.48,534469.88,22242.49,24025.0,580737.37,0.8,D2_est,D2_cost_aware_abstention,full_estimated_decision_economics_plus_abstention,True,False,REVIEW_EFFECTIVENESS_PESSIMISM,0.8,0.6,25.0,25.0,0.99039,0.4805,0.997562,0.4805,1229,2000
2000,0.489,90045.93,563328.43,45256.83,50000.0,658585.26,0.8,B_topk_probability,B_topk_probability,probability_only,True,False,JOINT_MODERATE_MISSPECIFICATION,0.8,0.9,25.0,25.0,,0.237241,1.0,1.0,1229,2000
2000,0.3095,176810.89,476563.47,59887.32,50000.0,586450.78,0.8,C_oracle,C_expected_exposure,probability_plus_true_exposure,False,True,JOINT_MODERATE_MISSPECIFICATION,0.8,0.9,25.0,25.0,,0.729356,0.367415,1.0,1229,2000
2000,0.302,171386.99,481987.37,61107.22,50000.0,593094.59,0.8,C_est,C_expected_exposure,probability_plus_estimated_exposure,True,False,JOINT_MODERATE_MISSPECIFICATION,0.8,0.9,25.0,25.0,,0.625356,0.363522,1.0,1229,2000
2000,0.3385,170593.27,482781.09,49672.18,50000.0,582453.27,0.8,D1_oracle,D1_cost_aware_topk,full_true_decision_economics,False,True,JOINT_MODERATE_MISSPECIFICATION,0.8,0.9,25.0,25.0,,1.0,1.0,1.0,1229,2000
1500,0.3513,148124.68,505249.68,36949.06,37500.0,579698.74,0.8,D2_oracle,D2_cost_aware_abstention,full_true_decision_economics_plus_abstention,False,True,JOINT_MODERATE_MISSPECIFICATION,0.8,0.9,25.0,25.0,0.985,0.75,1.0,0.75,1229,2000
2000,0.332,167474.63,485899.74,51556.68,50000.0,587456.41,0.8,D1_est,D1_cost_aware_topk,full_estimated_decision_economics,True,False,JOINT_MODERATE_MISSPECIFICATION,0.8,0.9,25.0,25.0,,0.707213,0.834226,1.0,1229,2000
1808,0.3352,157602.63,495771.73,46243.58,45200.0,587215.31,0.8,D2_est,D2_cost_aware_abstention,full_estimated_decision_economics_plus_abstention,True,False,JOINT_MODERATE_MISSPECIFICATION,0.8,0.9,25.0,25.0,0.98192,0.693197,0.834226,0.904,1229,2000
2000,0.512,94360.93,566683.13,41120.16,50000.0,657803.29,0.8,B_topk_probability,B_topk_probability,probability_only,True,False,ORACLE,0.8,0.8,25.0,25.0,,0.230769,1.0,1.0,1246,2000
2000,0.313,190629.27,470414.79,57704.48,50000.0,578119.27,0.8,C_oracle,C_expected_exposure,probability_plus_true_exposure,False,True,ORACLE,0.8,0.8,25.0,25.0,,0.72637,0.367085,1.0,1246,2000
2000,0.313,190629.27,470414.79,57704.48,50000.0,578119.27,0.8,C_est,C_expected_exposure,probability_plus_estimated_exposure,True,False,ORACLE,0.8,0.8,25.0,25.0,,0.72637,0.367085,1.0,1246,2000
2000,0.345,185646.56,475397.5,47014.47,50000.0,572411.97,0.8,D1_oracle,D1_cost_aware_topk,full_true_decision_economics,False,True,ORACLE,0.8,0.8,25.0,25.0,,1.0,1.0,1.0,1246,2000
1504,0.361,160927.69,500116.37,35132.6,37600.0,572848.97,0.8,D2_oracle,D2_cost_aware_abstention,full_true_decision_economics_plus_abstention,False,True,ORACLE,0.8,0.8,25.0,25.0,0.98496,0.752,1.0,0.752,1246,2000
2000,0.345,185646.56,475397.5,47014.47,50000.0,572411.97,0.8,D1_est,D1_cost_aware_topk,full_estimated_decision_economics,True,False,ORACLE,0.8,0.8,25.0,25.0,,1.0,1.0,1.0,1246,2000
1504,0.361,160927.69,500116.37,35132.6,37600.0,572848.97,0.8,D2_est,D2_cost_aware_abstention,full_estimated_decision_economics_plus_abstention,True,False,ORACLE,0.8,0.8,25.0,25.0,0.98496,0.752,1.0,0.752,1246,2000
2000,0.512,94360.93,566683.13,41120.16,50000.0,657803.29,0.8,B_topk_probability,B_topk_probability,probability_only,True,False,VALUE_NOISE_LOW,0.8,0.8,25.0,25.0,,0.230769,1.0,1.0,1246,2000
2000,0.313,190629.27,470414.79,57704.48,50000.0,578119.27,0.8,C_oracle,C_expected_exposure,probability_plus_true_exposure,False,True,VALUE_NOISE_LOW,0.8,0.8,25.0,25.0,,0.72637,0.367085,1.0,1246,2000
2000,0.3075,189770.42,471273.64,58514.25,50000.0,579787.89,0.8,C_est,C_expected_exposure,probability_plus_estimated_exposure,True,False,VALUE_NOISE_LOW,0.8,0.8,25.0,25.0,,0.667361,0.365493,1.0,1246,2000
2000,0.345,185646.56,475397.5,47014.47,50000.0,572411.97,0.8,D1_oracle,D1_cost_aware_topk,full_true_decision_economics,False,True,VALUE_NOISE_LOW,0.8,0.8,25.0,25.0,,1.0,1.0,1.0,1246,2000
1504,0.361,160927.69,500116.37,35132.6,37600.0,572848.97,0.8,D2_oracle,D2_cost_aware_abstention,full_true_decision_economics_plus_abstention,False,True,VALUE_NOISE_LOW,0.8,0.8,25.0,25.0,0.98496,0.752,1.0,0.752,1246,2000
2000,0.3405,185575.75,475468.31,47580.82,50000.0,573049.13,0.8,D1_est,D1_cost_aware_topk,full_estimated_decision_economics,True,False,VALUE_NOISE_LOW,0.8,0.8,25.0,25.0,,0.823154,0.998215,1.0,1246,2000
1514,0.358,163786.24,497257.82,35876.34,37850.0,570984.15,0.8,D2_est,D2_cost_aware_abstention,full_estimated_decision_economics_plus_abstention,True,False,VALUE_NOISE_LOW,0.8,0.8,25.0,25.0,0.98486,0.723394,0.998215,0.757,1246,2000
2000,0.512,94360.93,566683.13,41120.16,50000.0,657803.29,0.8,B_topk_probability,B_topk_probability,probability_only,True,False,VALUE_NOISE_HIGH,0.8,0.8,25.0,25.0,,0.230769,1.0,1.0,1246,2000
2000,0.313,190629.27,470414.79,57704.48,50000.0,578119.27,0.8,C_oracle,C_expected_exposure,probability_plus_true_exposure,False,True,VALUE_NOISE_HIGH,0.8,0.8,25.0,25.0,,0.72637,0.367085,1.0,1246,2000
2000,0.2935,178974.83,482069.23,60306.92,50000.0,592376.15,0.8,C_est,C_expected_exposure,probability_plus_estimated_exposure,True,False,VALUE_NOISE_HIGH,0.8,0.8,25.0,25.0,,0.530222,0.357391,1.0,1246,2000
2000,0.345,185646.56,475397.5,47014.47,50000.0,572411.97,0.8,D1_oracle,D1_cost_aware_topk,full_true_decision_economics,False,True,VALUE_NOISE_HIGH,0.8,0.8,25.0,25.0,,1.0,1.0,1.0,1246,2000
1504,0.361,160927.69,500116.37,35132.6,37600.0,572848.97,0.8,D2_oracle,D2_cost_aware_abstention,full_true_decision_economics_plus_abstention,False,True,VALUE_NOISE_HIGH,0.8,0.8,25.0,25.0,0.98496,0.752,1.0,0.752,1246,2000
2000,0.3195,174243.64,486800.42,49984.65,50000.0,586785.07,0.8,D1_est,D1_cost_aware_topk,full_estimated_decision_economics,True,False,VALUE_NOISE_HIGH,0.8,0.8,25.0,25.0,,0.620746,0.990581,1.0,1246,2000
1505,0.3355,154624.84,506419.22,37565.3,37625.0,581609.52,0.8,D2_est,D2_cost_aware_abstention,full_estimated_decision_economics_plus_abstention,True,False,VALUE_NOISE_HIGH,0.8,0.8,25.0,25.0,0.98495,0.567531,0.990581,0.7525,1246,2000
2000,0.512,94360.93,566683.13,41120.16,50000.0,657803.29,0.8,B_topk_probability,B_topk_probability,probability_only,True,False,FP_COST_NOISE_LOW,0.8,0.8,25.0,25.0,,0.230769,1.0,1.0,1246,2000
2000,0.313,190629.27,470414.79,57704.48,50000.0,578119.27,0.8,C_oracle,C_expected_exposure,probability_plus_true_exposure,False,True,FP_COST_NOISE_LOW,0.8,0.8,25.0,25.0,,0.72637,0.367085,1.0,1246,2000
2000,0.313,190629.27,470414.79,57704.48,50000.0,578119.27,0.8,C_est,C_expected_exposure,probability_plus_estimated_exposure,True,False,FP_COST_NOISE_LOW,0.8,0.8,25.0,25.0,,0.72637,0.367085,1.0,1246,2000
2000,0.345,185646.56,475397.5,47014.47,50000.0,572411.97,0.8,D1_oracle,D1_cost_aware_topk,full_true_decision_economics,False,True,FP_COST_NOISE_LOW,0.8,0.8,25.0,25.0,,1.0,1.0,1.0,1246,2000
1504,0.361,160927.69,500116.37,35132.6,37600.0,572848.97,0.8,D2_oracle,D2_cost_aware_abstention,full_true_decision_economics_plus_abstention,False,True,FP_COST_NOISE_LOW,0.8,0.8,25.0,25.0,0.98496,0.752,1.0,0.752,1246,2000
2000,0.3375,181584.98,479459.08,47799.44,50000.0,577258.52,0.8,D1_est,D1_cost_aware_topk,full_estimated_decision_economics,True,False,FP_COST_NOISE_LOW,0.8,0.8,25.0,25.0,,0.877934,0.910262,1.0,1246,2000
1534,0.3579,162239.52,498804.54,36241.44,38350.0,573395.98,0.8,D2_est,D2_cost_aware_abstention,full_estimated_decision_economics_plus_abstention,True,False,FP_COST_NOISE_LOW,0.8,0.8,25.0,25.0,0.98466,0.757335,0.910262,0.767,1246,2000
2000,0.512,94360.93,566683.13,41120.16,50000.0,657803.29,0.8,B_topk_probability,B_topk_probability,probability_only,True,False,FP_COST_NOISE_HIGH,0.8,0.8,25.0,25.0,,0.230769,1.0,1.0,1246,2000
2000,0.313,190629.27,470414.79,57704.48,50000.0,578119.27,0.8,C_oracle,C_expected_exposure,probability_plus_true_exposure,False,True,FP_COST_NOISE_HIGH,0.8,0.8,25.0,25.0,,0.72637,0.367085,1.0,1246,2000
2000,0.313,190629.27,470414.79,57704.48,50000.0,578119.27,0.8,C_est,C_expected_exposure,probability_plus_estimated_exposure,True,False,FP_COST_NOISE_HIGH,0.8,0.8,25.0,25.0,,0.72637,0.367085,1.0,1246,2000
2000,0.345,185646.56,475397.5,47014.47,50000.0,572411.97,0.8,D1_oracle,D1_cost_aware_topk,full_true_decision_economics,False,True,FP_COST_NOISE_HIGH,0.8,0.8,25.0,25.0,,1.0,1.0,1.0,1246,2000
1504,0.361,160927.69,500116.37,35132.6,37600.0,572848.97,0.8,D2_oracle,D2_cost_aware_abstention,full_true_decision_economics_plus_abstention,False,True,FP_COST_NOISE_HIGH,0.8,0.8,25.0,25.0,0.98496,0.752,1.0,0.752,1246,2000
2000,0.33,180283.37,480760.69,49334.25,50000.0,580094.94,0.8,D1_est,D1_cost_aware_topk,full_estimated_decision_economics,True,False,FP_COST_NOISE_HIGH,0.8,0.8,25.0,25.0,,0.768347,0.692911,1.0,1246,2000
1639,0.3453,165388.31,495655.74,39675.72,40975.0,576306.46,0.8,D2_est,D2_cost_aware_abstention,full_estimated_decision_economics_plus_abstention,True,False,FP_COST_NOISE_HIGH,0.8,0.8,25.0,25.0,0.98361,0.746161,0.692911,0.8195,1246,2000
2000,0.512,94360.93,566683.13,41120.16,50000.0,657803.29,0.8,B_topk_probability,B_topk_probability,probability_only,True,False,REVIEW_EFFECTIVENESS_OPTIMISM,0.8,1.0,25.0,25.0,,0.230769,1.0,1.0,1246,2000
2000,0.313,190629.27,470414.79,57704.48,50000.0,578119.27,0.8,C_oracle,C_expected_exposure,probability_plus_true_exposure,False,True,REVIEW_EFFECTIVENESS_OPTIMISM,0.8,1.0,25.0,25.0,,0.72637,0.367085,1.0,1246,2000
2000,0.313,190629.27,470414.79,57704.48,50000.0,578119.27,0.8,C_est,C_expected_exposure,probability_plus_estimated_exposure,True,False,REVIEW_EFFECTIVENESS_OPTIMISM,0.8,1.0,25.0,25.0,,0.72637,0.367085,1.0,1246,2000
2000,0.345,185646.56,475397.5,47014.47,50000.0,572411.97,0.8,D1_oracle,D1_cost_aware_topk,full_true_decision_economics,False,True,REVIEW_EFFECTIVENESS_OPTIMISM,0.8,1.0,25.0,25.0,,1.0,1.0,1.0,1246,2000
1504,0.361,160927.69,500116.37,35132.6,37600.0,572848.97,0.8,D2_oracle,D2_cost_aware_abstention,full_true_decision_economics_plus_abstention,False,True,REVIEW_EFFECTIVENESS_OPTIMISM,0.8,1.0,25.0,25.0,0.98496,0.752,1.0,0.752,1246,2000
2000,0.338,186387.26,474656.8,48808.09,50000.0,573464.89,0.8,D1_est,D1_cost_aware_topk,full_estimated_decision_economics,True,False,REVIEW_EFFECTIVENESS_OPTIMISM,0.8,1.0,25.0,25.0,,0.942691,0.998257,1.0,1246,2000
2000,0.338,186387.26,474656.8,48808.09,50000.0,573464.89,0.8,D2_est,D2_cost_aware_abstention,full_estimated_decision_economics_plus_abstention,True,False,REVIEW_EFFECTIVENESS_OPTIMISM,0.8,1.0,25.0,25.0,0.97996,0.942691,0.998257,1.0,1246,2000
2000,0.512,94360.93,566683.13,41120.16,50000.0,657803.29,0.8,B_topk_probability,B_topk_probability,probability_only,True,False,REVIEW_EFFECTIVENESS_PESSIMISM,0.8,0.6,25.0,25.0,,0.230769,1.0,1.0,1246,2000
2000,0.313,190629.27,470414.79,57704.48,50000.0,578119.27,0.8,C_oracle,C_expected_exposure,probability_plus_true_exposure,False,True,REVIEW_EFFECTIVENESS_PESSIMISM,0.8,0.6,25.0,25.0,,0.72637,0.367085,1.0,1246,2000
2000,0.313,190629.27,470414.79,57704.48,50000.0,578119.27,0.8,C_est,C_expected_exposure,probability_plus_estimated_exposure,True,False,REVIEW_EFFECTIVENESS_PESSIMISM,0.8,0.6,25.0,25.0,,0.72637,0.367085,1.0,1246,2000
2000,0.345,185646.56,475397.5,47014.47,50000.0,572411.97,0.8,D1_oracle,D1_cost_aware_topk,full_true_decision_economics,False,True,REVIEW_EFFECTIVENESS_PESSIMISM,0.8,0.6,25.0,25.0,,1.0,1.0,1.0,1246,2000
1504,0.361,160927.69,500116.37,35132.6,37600.0,572848.97,0.8,D2_oracle,D2_cost_aware_abstention,full_true_decision_economics_plus_abstention,False,True,REVIEW_EFFECTIVENESS_PESSIMISM,0.8,0.6,25.0,25.0,0.98496,0.752,1.0,0.752,1246,2000
2000,0.354,182577.58,478466.48,44772.26,50000.0,573238.75,0.8,D1_est,D1_cost_aware_topk,full_estimated_decision_economics,True,False,REVIEW_EFFECTIVENESS_PESSIMISM,0.8,0.6,25.0,25.0,,0.911132,0.997618,1.0,1246,2000
985,0.3827,131132.9,529911.16,22279.07,24625.0,576815.23,0.8,D2_est,D2_cost_aware_abstention,full_estimated_decision_economics_plus_abstention,True,False,REVIEW_EFFECTIVENESS_PESSIMISM,0.8,0.6,25.0,25.0,0.99015,0.4925,0.997618,0.4925,1246,2000
2000,0.512,94360.93,566683.13,41120.16,50000.0,657803.29,0.8,B_topk_probability,B_topk_probability,probability_only,True,False,JOINT_MODERATE_MISSPECIFICATION,0.8,0.9,25.0,25.0,,0.230769,1.0,1.0,1246,2000
2000,0.313,190629.27,470414.79,57704.48,50000.0,578119.27,0.8,C_oracle,C_expected_exposure,probability_plus_true_exposure,False,True,JOINT_MODERATE_MISSPECIFICATION,0.8,0.9,25.0,25.0,,0.72637,0.367085,1.0,1246,2000
2000,0.3025,185417.01,475627.05,59159.84,50000.0,584786.89,0.8,C_est,C_expected_exposure,probability_plus_estimated_exposure,True,False,JOINT_MODERATE_MISSPECIFICATION,0.8,0.9,25.0,25.0,,0.618778,0.363415,1.0,1246,2000
2000,0.345,185646.56,475397.5,47014.47,50000.0,572411.97,0.8,D1_oracle,D1_cost_aware_topk,full_true_decision_economics,False,True,JOINT_MODERATE_MISSPECIFICATION,0.8,0.9,25.0,25.0,,1.0,1.0,1.0,1246,2000
1504,0.361,160927.69,500116.37,35132.6,37600.0,572848.97,0.8,D2_oracle,D2_cost_aware_abstention,full_true_decision_economics_plus_abstention,False,True,JOINT_MODERATE_MISSPECIFICATION,0.8,0.9,25.0,25.0,0.98496,0.752,1.0,0.752,1246,2000
2000,0.3235,179474.1,481569.96,50320.61,50000.0,581890.57,0.8,D1_est,D1_cost_aware_topk,full_estimated_decision_economics,True,False,JOINT_MODERATE_MISSPECIFICATION,0.8,0.9,25.0,25.0,,0.714531,0.832066,1.0,1246,2000
1807,0.3326,173292.21,487751.85,45126.27,45175.0,578053.12,0.8,D2_est,D2_cost_aware_abstention,full_estimated_decision_economics_plus_abstention,True,False,JOINT_MODERATE_MISSPECIFICATION,0.8,0.9,25.0,25.0,0.98193,0.701072,0.832066,0.9035,1246,2000
2000,0.498,97749.47,571340.09,43462.17,50000.0,664802.26,0.8,B_topk_probability,B_topk_probability,probability_only,True,False,ORACLE,0.8,0.8,25.0,25.0,,0.253526,1.0,1.0,1263,2000
2000,0.3175,192390.34,476699.22,59449.12,50000.0,586148.34,0.8,C_oracle,C_expected_exposure,probability_plus_true_exposure,False,True,ORACLE,0.8,0.8,25.0,25.0,,0.730104,0.364407,1.0,1263,2000
2000,0.3175,192390.34,476699.22,59449.12,50000.0,586148.34,0.8,C_est,C_expected_exposure,probability_plus_estimated_exposure,True,False,ORACLE,0.8,0.8,25.0,25.0,,0.730104,0.364407,1.0,1263,2000
2000,0.3565,189006.15,480083.41,48516.34,50000.0,578599.75,0.8,D1_oracle,D1_cost_aware_topk,full_true_decision_economics,False,True,ORACLE,0.8,0.8,25.0,25.0,,1.0,1.0,1.0,1263,2000
1498,0.3598,162124.5,506965.06,36837.17,37450.0,581252.23,0.8,D2_oracle,D2_cost_aware_abstention,full_true_decision_economics_plus_abstention,False,True,ORACLE,0.8,0.8,25.0,25.0,0.98502,0.749,1.0,0.749,1263,2000
2000,0.3565,189006.15,480083.41,48516.34,50000.0,578599.75,0.8,D1_est,D1_cost_aware_topk,full_estimated_decision_economics,True,False,ORACLE,0.8,0.8,25.0,25.0,,1.0,1.0,1.0,1263,2000
1498,0.3598,162124.5,506965.06,36837.17,37450.0,581252.23,0.8,D2_est,D2_cost_aware_abstention,full_estimated_decision_economics_plus_abstention,True,False,ORACLE,0.8,0.8,25.0,25.0,0.98502,0.749,1.0,0.749,1263,2000
2000,0.498,97749.47,571340.09,43462.17,50000.0,664802.26,0.8,B_topk_probability,B_topk_probability,probability_only,True,False,VALUE_NOISE_LOW,0.8,0.8,25.0,25.0,,0.253526,1.0,1.0,1263,2000
2000,0.3175,192390.34,476699.22,59449.12,50000.0,586148.34,0.8,C_oracle,C_expected_exposure,probability_plus_true_exposure,False,True,VALUE_NOISE_LOW,0.8,0.8,25.0,25.0,,0.730104,0.364407,1.0,1263,2000
2000,0.316,190305.24,478784.32,59702.45,50000.0,588486.77,0.8,C_est,C_expected_exposure,probability_plus_estimated_exposure,True,False,VALUE_NOISE_LOW,0.8,0.8,25.0,25.0,,0.682793,0.362557,1.0,1263,2000
2000,0.3565,189006.15,480083.41,48516.34,50000.0,578599.75,0.8,D1_oracle,D1_cost_aware_topk,full_true_decision_economics,False,True,VALUE_NOISE_LOW,0.8,0.8,25.0,25.0,,1.0,1.0,1.0,1263,2000
1498,0.3598,162124.5,506965.06,36837.17,37450.0,581252.23,0.8,D2_oracle,D2_cost_aware_abstention,full_true_decision_economics_plus_abstention,False,True,VALUE_NOISE_LOW,0.8,0.8,25.0,25.0,0.98502,0.749,1.0,0.749,1263,2000
2000,0.3485,185957.4,483132.16,48968.34,50000.0,582100.5,0.8,D1_est,D1_cost_aware_topk,full_estimated_decision_economics,True,False,VALUE_NOISE_LOW,0.8,0.8,25.0,25.0,,0.826484,0.998233,1.0,1263,2000
1510,0.3616,165552.3,503537.26,36843.51,37750.0,578130.77,0.8,D2_est,D2_cost_aware_abstention,full_estimated_decision_economics_plus_abstention,True,False,VALUE_NOISE_LOW,0.8,0.8,25.0,25.0,0.9849,0.726513,0.998233,0.755,1263,2000
2000,0.498,97749.47,571340.09,43462.17,50000.0,664802.26,0.8,B_topk_probability,B_topk_probability,probability_only,True,False,VALUE_NOISE_HIGH,0.8,0.8,25.0,25.0,,0.253526,1.0,1.0,1263,2000
2000,0.3175,192390.34,476699.22,59449.12,50000.0,586148.34,0.8,C_oracle,C_expected_exposure,probability_plus_true_exposure,False,True,VALUE_NOISE_HIGH,0.8,0.8,25.0,25.0,,0.730104,0.364407,1.0,1263,2000
2000,0.3015,180060.47,489029.09,60247.73,50000.0,599276.82,0.8,C_est,C_expected_exposure,probability_plus_estimated_exposure,True,False,VALUE_NOISE_HIGH,0.8,0.8,25.0,25.0,,0.557632,0.354143,1.0,1263,2000
2000,0.3565,189006.15,480083.41,48516.34,50000.0,578599.75,0.8,D1_oracle,D1_cost_aware_topk,full_true_decision_economics,False,True,VALUE_NOISE_HIGH,0.8,0.8,25.0,25.0,,1.0,1.0,1.0,1263,2000
1498,0.3598,162124.5,506965.06,36837.17,37450.0,581252.23,0.8,D2_oracle,D2_cost_aware_abstention,full_true_decision_economics_plus_abstention,False,True,VALUE_NOISE_HIGH,0.8,0.8,25.0,25.0,0.98502,0.749,1.0,0.749,1263,2000
2000,0.336,179872.84,489216.72,49770.93,50000.0,588987.66,0.8,D1_est,D1_cost_aware_topk,full_estimated_decision_economics,True,False,VALUE_NOISE_HIGH,0.8,0.8,25.0,25.0,,0.618123,0.990889,1.0,1263,2000
1521,0.3452,157668.23,511421.33,37889.29,38025.0,587335.62,0.8,D2_est,D2_cost_aware_abstention,full_estimated_decision_economics_plus_abstention,True,False,VALUE_NOISE_HIGH,0.8,0.8,25.0,25.0,0.98479,0.585322,0.990889,0.7605,1263,2000
2000,0.498,97749.47,571340.09,43462.17,50000.0,664802.26,0.8,B_topk_probability,B_topk_probability,probability_only,True,False,FP_COST_NOISE_LOW,0.8,0.8,25.0,25.0,,0.253526,1.0,1.0,1263,2000
2000,0.3175,192390.34,476699.22,59449.12,50000.0,586148.34,0.8,C_oracle,C_expected_exposure,probability_plus_true_exposure,False,True,FP_COST_NOISE_LOW,0.8,0.8,25.0,25.0,,0.730104,0.364407,1.0,1263,2000
2000,0.3175,192390.34,476699.22,59449.12,50000.0,586148.34,0.8,C_est,C_expected_exposure,probability_plus_estimated_exposure,True,False,FP_COST_NOISE_LOW,0.8,0.8,25.0,25.0,,0.730104,0.364407,1.0,1263,2000
2000,0.3565,189006.15,480083.41,48516.34,50000.0,578599.75,0.8,D1_oracle,D1_cost_aware_topk,full_true_decision_economics,False,True,FP_COST_NOISE_LOW,0.8,0.8,25.0,25.0,,1.0,1.0,1.0,1263,2000
1498,0.3598,162124.5,506965.06,36837.17,37450.0,581252.23,0.8,D2_oracle,D2_cost_aware_abstention,full_true_decision_economics_plus_abstention,False,True,FP_COST_NOISE_LOW,0.8,0.8,25.0,25.0,0.98502,0.749,1.0,0.749,1263,2000
2000,0.349,184234.04,484855.52,49424.91,50000.0,584280.42,0.8,D1_est,D1_cost_aware_topk,full_estimated_decision_economics,True,False,FP_COST_NOISE_LOW,0.8,0.8,25.0,25.0,,0.878816,0.910222,1.0,1263,2000
1531,0.3586,162284.87,506804.69,37855.06,38275.0,582934.75,0.8,D2_est,D2_cost_aware_abstention,full_estimated_decision_economics_plus_abstention,True,False,FP_COST_NOISE_LOW,0.8,0.8,25.0,25.0,0.98469,0.761097,0.910222,0.7655,1263,2000
2000,0.498,97749.47,571340.09,43462.17,50000.0,664802.26,0.8,B_topk_probability,B_topk_probability,probability_only,True,False,FP_COST_NOISE_HIGH,0.8,0.8,25.0,25.0,,0.253526,1.0,1.0,1263,2000
2000,0.3175,192390.34,476699.22,59449.12,50000.0,586148.34,0.8,C_oracle,C_expected_exposure,probability_plus_true_exposure,False,True,FP_COST_NOISE_HIGH,0.8,0.8,25.0,25.0,,0.730104,0.364407,1.0,1263,2000
2000,0.3175,192390.34,476699.22,59449.12,50000.0,586148.34,0.8,C_est,C_expected_exposure,probability_plus_estimated_exposure,True,False,FP_COST_NOISE_HIGH,0.8,0.8,25.0,25.0,,0.730104,0.364407,1.0,1263,2000
2000,0.3565,189006.15,480083.41,48516.34,50000.0,578599.75,0.8,D1_oracle,D1_cost_aware_topk,full_true_decision_economics,False,True,FP_COST_NOISE_HIGH,0.8,0.8,25.0,25.0,,1.0,1.0,1.0,1263,2000
1498,0.3598,162124.5,506965.06,36837.17,37450.0,581252.23,0.8,D2_oracle,D2_cost_aware_abstention,full_true_decision_economics_plus_abstention,False,True,FP_COST_NOISE_HIGH,0.8,0.8,25.0,25.0,0.98502,0.749,1.0,0.749,1263,2000
2000,0.341,180483.73,488605.83,50752.3,50000.0,589358.13,0.8,D1_est,D1_cost_aware_topk,full_estimated_decision_economics,True,False,FP_COST_NOISE_HIGH,0.8,0.8,25.0,25.0,,0.759015,0.691653,1.0,1263,2000
1632,0.3493,162608.42,506481.14,41459.52,40800.0,588740.66,0.8,D2_est,D2_cost_aware_abstention,full_estimated_decision_economics_plus_abstention,True,False,FP_COST_NOISE_HIGH,0.8,0.8,25.0,25.0,0.98368,0.733652,0.691653,0.816,1263,2000
2000,0.498,97749.47,571340.09,43462.17,50000.0,664802.26,0.8,B_topk_probability,B_topk_probability,probability_only,True,False,REVIEW_EFFECTIVENESS_OPTIMISM,0.8,1.0,25.0,25.0,,0.253526,1.0,1.0,1263,2000
2000,0.3175,192390.34,476699.22,59449.12,50000.0,586148.34,0.8,C_oracle,C_expected_exposure,probability_plus_true_exposure,False,True,REVIEW_EFFECTIVENESS_OPTIMISM,0.8,1.0,25.0,25.0,,0.730104,0.364407,1.0,1263,2000
2000,0.3175,192390.34,476699.22,59449.12,50000.0,586148.34,0.8,C_est,C_expected_exposure,probability_plus_estimated_exposure,True,False,REVIEW_EFFECTIVENESS_OPTIMISM,0.8,1.0,25.0,25.0,,0.730104,0.364407,1.0,1263,2000
2000,0.3565,189006.15,480083.41,48516.34,50000.0,578599.75,0.8,D1_oracle,D1_cost_aware_topk,full_true_decision_economics,False,True,REVIEW_EFFECTIVENESS_OPTIMISM,0.8,1.0,25.0,25.0,,1.0,1.0,1.0,1263,2000
1498,0.3598,162124.5,506965.06,36837.17,37450.0,581252.23,0.8,D2_oracle,D2_cost_aware_abstention,full_true_decision_economics_plus_abstention,False,True,REVIEW_EFFECTIVENESS_OPTIMISM,0.8,1.0,25.0,25.0,0.98502,0.749,1.0,0.749,1263,2000
2000,0.3445,187810.21,481279.35,50493.32,50000.0,581772.67,0.8,D1_est,D1_cost_aware_topk,full_estimated_decision_economics,True,False,REVIEW_EFFECTIVENESS_OPTIMISM,0.8,1.0,25.0,25.0,,0.94742,0.998246,1.0,1263,2000
2000,0.3445,187810.21,481279.35,50493.32,50000.0,581772.67,0.8,D2_est,D2_cost_aware_abstention,full_estimated_decision_economics_plus_abstention,True,False,REVIEW_EFFECTIVENESS_OPTIMISM,0.8,1.0,25.0,25.0,0.97976,0.94742,0.998246,1.0,1263,2000
2000,0.498,97749.47,571340.09,43462.17,50000.0,664802.26,0.8,B_topk_probability,B_topk_probability,probability_only,True,False,REVIEW_EFFECTIVENESS_PESSIMISM,0.8,0.6,25.0,25.0,,0.253526,1.0,1.0,1263,2000
2000,0.3175,192390.34,476699.22,59449.12,50000.0,586148.34,0.8,C_oracle,C_expected_exposure,probability_plus_true_exposure,False,True,REVIEW_EFFECTIVENESS_PESSIMISM,0.8,0.6,25.0,25.0,,0.730104,0.364407,1.0,1263,2000
2000,0.3175,192390.34,476699.22,59449.12,50000.0,586148.34,0.8,C_est,C_expected_exposure,probability_plus_estimated_exposure,True,False,REVIEW_EFFECTIVENESS_PESSIMISM,0.8,0.6,25.0,25.0,,0.730104,0.364407,1.0,1263,2000
2000,0.3565,189006.15,480083.41,48516.34,50000.0,578599.75,0.8,D1_oracle,D1_cost_aware_topk,full_true_decision_economics,False,True,REVIEW_EFFECTIVENESS_PESSIMISM,0.8,0.6,25.0,25.0,,1.0,1.0,1.0,1263,2000
1498,0.3598,162124.5,506965.06,36837.17,37450.0,581252.23,0.8,D2_oracle,D2_cost_aware_abstention,full_true_decision_economics_plus_abstention,False,True,REVIEW_EFFECTIVENESS_PESSIMISM,0.8,0.6,25.0,25.0,0.98502,0.749,1.0,0.749,1263,2000
2000,0.363,185556.94,483532.62,46322.61,50000.0,579855.24,0.8,D1_est,D1_cost_aware_topk,full_estimated_decision_economics,True,False,REVIEW_EFFECTIVENESS_PESSIMISM,0.8,0.6,25.0,25.0,,0.914792,0.997622,1.0,1263,2000
1007,0.3793,128551.22,540538.34,23961.67,25175.0,589675.02,0.8,D2_est,D2_cost_aware_abstention,full_estimated_decision_economics_plus_abstention,True,False,REVIEW_EFFECTIVENESS_PESSIMISM,0.8,0.6,25.0,25.0,0.98993,0.5035,0.997622,0.5035,1263,2000
2000,0.498,97749.47,571340.09,43462.17,50000.0,664802.26,0.8,B_topk_probability,B_topk_probability,probability_only,True,False,JOINT_MODERATE_MISSPECIFICATION,0.8,0.9,25.0,25.0,,0.253526,1.0,1.0,1263,2000
2000,0.3175,192390.34,476699.22,59449.12,50000.0,586148.34,0.8,C_oracle,C_expected_exposure,probability_plus_true_exposure,False,True,JOINT_MODERATE_MISSPECIFICATION,0.8,0.9,25.0,25.0,,0.730104,0.364407,1.0,1263,2000
2000,0.3105,187136.68,481952.88,59855.49,50000.0,591808.36,0.8,C_est,C_expected_exposure,probability_plus_estimated_exposure,True,False,JOINT_MODERATE_MISSPECIFICATION,0.8,0.9,25.0,25.0,,0.646091,0.360356,1.0,1263,2000
2000,0.3565,189006.15,480083.41,48516.34,50000.0,578599.75,0.8,D1_oracle,D1_cost_aware_topk,full_true_decision_economics,False,True,JOINT_MODERATE_MISSPECIFICATION,0.8,0.9,25.0,25.0,,1.0,1.0,1.0,1263,2000
1498,0.3598,162124.5,506965.06,36837.17,37450.0,581252.23,0.8,D2_oracle,D2_cost_aware_abstention,full_true_decision_economics_plus_abstention,False,True,JOINT_MODERATE_MISSPECIFICATION,0.8,0.9,25.0,25.0,0.98502,0.749,1.0,0.749,1263,2000
2000,0.332,183180.89,485908.67,51103.02,50000.0,587011.69,0.8,D1_est,D1_cost_aware_topk,full_estimated_decision_economics,True,False,JOINT_MODERATE_MISSPECIFICATION,0.8,0.9,25.0,25.0,,0.713796,0.833722,1.0,1263,2000
1846,0.3402,177298.0,491791.56,46933.61,46150.0,584875.17,0.8,D2_est,D2_cost_aware_abstention,full_estimated_decision_economics_plus_abstention,True,False,JOINT_MODERATE_MISSPECIFICATION,0.8,0.9,25.0,25.0,0.98154,0.710854,0.833722,0.923,1263,2000
2000,0.5,106524.52,564582.68,43044.64,50000.0,657627.31,0.8,B_topk_probability,B_topk_probability,probability_only,True,False,ORACLE,0.8,0.8,25.0,25.0,,0.255099,1.0,1.0,1280,2000
2000,0.308,200189.03,470918.17,60577.43,50000.0,581495.6,0.8,C_oracle,C_expected_exposure,probability_plus_true_exposure,False,True,ORACLE,0.8,0.8,25.0,25.0,,0.735358,0.366063,1.0,1280,2000
2000,0.308,200189.03,470918.17,60577.43,50000.0,581495.6,0.8,C_est,C_expected_exposure,probability_plus_estimated_exposure,True,False,ORACLE,0.8,0.8,25.0,25.0,,0.735358,0.366063,1.0,1280,2000
2000,0.3415,194090.71,477016.49,49619.72,50000.0,576636.21,0.8,D1_oracle,D1_cost_aware_topk,full_true_decision_economics,False,True,ORACLE,0.8,0.8,25.0,25.0,,1.0,1.0,1.0,1280,2000
1564,0.3529,174648.11,496459.09,38796.01,39100.0,574355.1,0.8,D2_oracle,D2_cost_aware_abstention,full_true_decision_economics_plus_abstention,False,True,ORACLE,0.8,0.8,25.0,25.0,0.98436,0.782,1.0,0.782,1280,2000
2000,0.3415,194090.71,477016.49,49619.72,50000.0,576636.21,0.8,D1_est,D1_cost_aware_topk,full_estimated_decision_economics,True,False,ORACLE,0.8,0.8,25.0,25.0,,1.0,1.0,1.0,1280,2000
1564,0.3529,174648.11,496459.09,38796.01,39100.0,574355.1,0.8,D2_est,D2_cost_aware_abstention,full_estimated_decision_economics_plus_abstention,True,False,ORACLE,0.8,0.8,25.0,25.0,0.98436,0.782,1.0,0.782,1280,2000
2000,0.5,106524.52,564582.68,43044.64,50000.0,657627.31,0.8,B_topk_probability,B_topk_probability,probability_only,True,False,VALUE_NOISE_LOW,0.8,0.8,25.0,25.0,,0.255099,1.0,1.0,1280,2000
2000,0.308,200189.03,470918.17,60577.43,50000.0,581495.6,0.8,C_oracle,C_expected_exposure,probability_plus_true_exposure,False,True,VALUE_NOISE_LOW,0.8,0.8,25.0,25.0,,0.735358,0.366063,1.0,1280,2000
2000,0.3165,201782.07,469325.13,59619.17,50000.0,578944.31,0.8,C_est,C_expected_exposure,probability_plus_estimated_exposure,True,False,VALUE_NOISE_LOW,0.8,0.8,25.0,25.0,,0.670844,0.364018,1.0,1280,2000
2000,0.3415,194090.71,477016.49,49619.72,50000.0,576636.21,0.8,D1_oracle,D1_cost_aware_topk,full_true_decision_economics,False,True,VALUE_NOISE_LOW,0.8,0.8,25.0,25.0,,1.0,1.0,1.0,1280,2000
1564,0.3529,174648.11,496459.09,38796.01,39100.0,574355.1,0.8,D2_oracle,D2_cost_aware_abstention,full_true_decision_economics_plus_abstention,False,True,VALUE_NOISE_LOW,0.8,0.8,25.0,25.0,0.98436,0.782,1.0,0.782,1280,2000
2000,0.342,193577.63,477529.57,49571.17,50000.0,577100.74,0.8,D1_est,D1_cost_aware_topk,full_estimated_decision_economics,True,False,VALUE_NOISE_LOW,0.8,0.8,25.0,25.0,,0.801802,0.998283,1.0,1280,2000
1546,0.3499,171453.73,499653.47,38145.08,38650.0,576448.55,0.8,D2_est,D2_cost_aware_abstention,full_estimated_decision_economics_plus_abstention,True,False,VALUE_NOISE_LOW,0.8,0.8,25.0,25.0,0.98454,0.721359,0.998283,0.773,1280,2000
2000,0.5,106524.52,564582.68,43044.64,50000.0,657627.31,0.8,B_topk_probability,B_topk_probability,probability_only,True,False,VALUE_NOISE_HIGH,0.8,0.8,25.0,25.0,,0.255099,1.0,1.0,1280,2000
2000,0.308,200189.03,470918.17,60577.43,50000.0,581495.6,0.8,C_oracle,C_expected_exposure,probability_plus_true_exposure,False,True,VALUE_NOISE_HIGH,0.8,0.8,25.0,25.0,,0.735358,0.366063,1.0,1280,2000
2000,0.2975,189753.28,481353.92,61702.25,50000.0,593056.17,0.8,C_est,C_expected_exposure,probability_plus_estimated_exposure,True,False,VALUE_NOISE_HIGH,0.8,0.8,25.0,25.0,,0.525553,0.35542,1.0,1280,2000
2000,0.3415,194090.71,477016.49,49619.72,50000.0,576636.21,0.8,D1_oracle,D1_cost_aware_topk,full_true_decision_economics,False,True,VALUE_NOISE_HIGH,0.8,0.8,25.0,25.0,,1.0,1.0,1.0,1280,2000
1564,0.3529,174648.11,496459.09,38796.01,39100.0,574355.1,0.8,D2_oracle,D2_cost_aware_abstention,full_true_decision_economics_plus_abstention,False,True,VALUE_NOISE_HIGH,0.8,0.8,25.0,25.0,0.98436,0.782,1.0,0.782,1280,2000
2000,0.337,188457.87,482649.33,49770.29,50000.0,582419.62,0.8,D1_est,D1_cost_aware_topk,full_estimated_decision_economics,True,False,VALUE_NOISE_HIGH,0.8,0.8,25.0,25.0,,0.605781,0.990957,1.0,1280,2000
1589,0.348,173983.61,497123.59,39671.68,39725.0,576520.27,0.8,D2_est,D2_cost_aware_abstention,full_estimated_decision_economics_plus_abstention,True,False,VALUE_NOISE_HIGH,0.8,0.8,25.0,25.0,0.98411,0.563834,0.990957,0.7945,1280,2000
2000,0.5,106524.52,564582.68,43044.64,50000.0,657627.31,0.8,B_topk_probability,B_topk_probability,probability_only,True,False,FP_COST_NOISE_LOW,0.8,0.8,25.0,25.0,,0.255099,1.0,1.0,1280,2000
2000,0.308,200189.03,470918.17,60577.43,50000.0,581495.6,0.8,C_oracle,C_expected_exposure,probability_plus_true_exposure,False,True,FP_COST_NOISE_LOW,0.8,0.8,25.0,25.0,,0.735358,0.366063,1.0,1280,2000
2000,0.308,200189.03,470918.17,60577.43,50000.0,581495.6,0.8,C_est,C_expected_exposure,probability_plus_estimated_exposure,True,False,FP_COST_NOISE_LOW,0.8,0.8,25.0,25.0,,0.735358,0.366063,1.0,1280,2000
2000,0.3415,194090.71,477016.49,49619.72,50000.0,576636.21,0.8,D1_oracle,D1_cost_aware_topk,full_true_decision_economics,False,True,FP_COST_NOISE_LOW,0.8,0.8,25.0,25.0,,1.0,1.0,1.0,1280,2000
1564,0.3529,174648.11,496459.09,38796.01,39100.0,574355.1,0.8,D2_oracle,D2_cost_aware_abstention,full_true_decision_economics_plus_abstention,False,True,FP_COST_NOISE_LOW,0.8,0.8,25.0,25.0,0.98436,0.782,1.0,0.782,1280,2000
2000,0.342,193632.98,477474.22,49850.1,50000.0,577324.32,0.8,D1_est,D1_cost_aware_topk,full_estimated_decision_economics,True,False,FP_COST_NOISE_LOW,0.8,0.8,25.0,25.0,,0.895735,0.911469,1.0,1280,2000
1608,0.3501,175258.04,495849.17,40274.02,40200.0,576323.19,0.8,D2_est,D2_cost_aware_abstention,full_estimated_decision_economics_plus_abstention,True,False,FP_COST_NOISE_LOW,0.8,0.8,25.0,25.0,0.98392,0.795025,0.911469,0.804,1280,2000
2000,0.5,106524.52,564582.68,43044.64,50000.0,657627.31,0.8,B_topk_probability,B_topk_probability,probability_only,True,False,FP_COST_NOISE_HIGH,0.8,0.8,25.0,25.0,,0.255099,1.0,1.0,1280,2000
2000,0.308,200189.03,470918.17,60577.43,50000.0,581495.6,0.8,C_oracle,C_expected_exposure,probability_plus_true_exposure,False,True,FP_COST_NOISE_HIGH,0.8,0.8,25.0,25.0,,0.735358,0.366063,1.0,1280,2000
2000,0.308,200189.03,470918.17,60577.43,50000.0,581495.6,0.8,C_est,C_expected_exposure,probability_plus_estimated_exposure,True,False,FP_COST_NOISE_HIGH,0.8,0.8,25.0,25.0,,0.735358,0.366063,1.0,1280,2000
2000,0.3415,194090.71,477016.49,49619.72,50000.0,576636.21,0.8,D1_oracle,D1_cost_aware_topk,full_true_decision_economics,False,True,FP_COST_NOISE_HIGH,0.8,0.8,25.0,25.0,,1.0,1.0,1.0,1280,2000
1564,0.3529,174648.11,496459.09,38796.01,39100.0,574355.1,0.8,D2_oracle,D2_cost_aware_abstention,full_true_decision_economics_plus_abstention,False,True,FP_COST_NOISE_HIGH,0.8,0.8,25.0,25.0,0.98436,0.782,1.0,0.782,1280,2000
2000,0.333,190531.31,480575.89,51307.29,50000.0,581883.18,0.8,D1_est,D1_cost_aware_topk,full_estimated_decision_economics,True,False,FP_COST_NOISE_HIGH,0.8,0.8,25.0,25.0,,0.783326,0.695833,1.0,1280,2000
1707,0.3415,178089.24,493017.96,43301.04,42675.0,578994.0,0.8,D2_est,D2_cost_aware_abstention,full_estimated_decision_economics_plus_abstention,True,False,FP_COST_NOISE_HIGH,0.8,0.8,25.0,25.0,0.98293,0.766079,0.695833,0.8535,1280,2000
2000,0.5,106524.52,564582.68,43044.64,50000.0,657627.31,0.8,B_topk_probability,B_topk_probability,probability_only,True,False,REVIEW_EFFECTIVENESS_OPTIMISM,0.8,1.0,25.0,25.0,,0.255099,1.0,1.0,1280,2000
2000,0.308,200189.03,470918.17,60577.43,50000.0,581495.6,0.8,C_oracle,C_expected_exposure,probability_plus_true_exposure,False,True,REVIEW_EFFECTIVENESS_OPTIMISM,0.8,1.0,25.0,25.0,,0.735358,0.366063,1.0,1280,2000
2000,0.308,200189.03,470918.17,60577.43,50000.0,581495.6,0.8,C_est,C_expected_exposure,probability_plus_estimated_exposure,True,False,REVIEW_EFFECTIVENESS_OPTIMISM,0.8,1.0,25.0,25.0,,0.735358,0.366063,1.0,1280,2000
2000,0.3415,194090.71,477016.49,49619.72,50000.0,576636.21,0.8,D1_oracle,D1_cost_aware_topk,full_true_decision_economics,False,True,REVIEW_EFFECTIVENESS_OPTIMISM,0.8,1.0,25.0,25.0,,1.0,1.0,1.0,1280,2000
1564,0.3529,174648.11,496459.09,38796.01,39100.0,574355.1,0.8,D2_oracle,D2_cost_aware_abstention,full_true_decision_economics_plus_abstention,False,True,REVIEW_EFFECTIVENESS_OPTIMISM,0.8,1.0,25.0,25.0,0.98436,0.782,1.0,0.782,1280,2000
2000,0.3345,194785.76,476321.44,51256.84,50000.0,577578.28,0.8,D1_est,D1_cost_aware_topk,full_estimated_decision_economics,True,False,REVIEW_EFFECTIVENESS_OPTIMISM,0.8,1.0,25.0,25.0,,0.950268,0.998277,1.0,1280,2000
2000,0.3345,194785.76,476321.44,51256.84,50000.0,577578.28,0.8,D2_est,D2_cost_aware_abstention,full_estimated_decision_economics_plus_abstention,True,False,REVIEW_EFFECTIVENESS_OPTIMISM,0.8,1.0,25.0,25.0,0.9789,0.950268,0.998277,1.0,1280,2000
2000,0.5,106524.52,564582.68,43044.64,50000.0,657627.31,0.8,B_topk_probability,B_topk_probability,probability_only,True,False,REVIEW_EFFECTIVENESS_PESSIMISM,0.8,0.6,25.0,25.0,,0.255099,1.0,1.0,1280,2000
2000,0.308,200189.03,470918.17,60577.43,50000.0,581495.6,0.8,C_oracle,C_expected_exposure,probability_plus_true_exposure,False,True,REVIEW_EFFECTIVENESS_PESSIMISM,0.8,0.6,25.0,25.0,,0.735358,0.366063,1.0,1280,2000
2000,0.308,200189.03,470918.17,60577.43,50000.0,581495.6,0.8,C_est,C_expected_exposure,probability_plus_estimated_exposure,True,False,REVIEW_EFFECTIVENESS_PESSIMISM,0.8,0.6,25.0,25.0,,0.735358,0.366063,1.0,1280,2000
2000,0.3415,194090.71,477016.49,49619.72,50000.0,576636.21,0.8,D1_oracle,D1_cost_aware_topk,full_true_decision_economics,False,True,REVIEW_EFFECTIVENESS_PESSIMISM,0.8,0.6,25.0,25.0,,1.0,1.0,1.0,1280,2000
1564,0.3529,174648.11,496459.09,38796.01,39100.0,574355.1,0.8,D2_oracle,D2_cost_aware_abstention,full_true_decision_economics_plus_abstention,False,True,REVIEW_EFFECTIVENESS_PESSIMISM,0.8,0.6,25.0,25.0,0.98436,0.782,1.0,0.782,1280,2000
2000,0.347,190163.36,480943.84,47313.74,50000.0,578257.58,0.8,D1_est,D1_cost_aware_topk,full_estimated_decision_economics,True,False,REVIEW_EFFECTIVENESS_PESSIMISM,0.8,0.6,25.0,25.0,,0.911132,0.997669,1.0,1280,2000
1008,0.381,142760.19,528347.01,23377.92,25200.0,576924.93,0.8,D2_est,D2_cost_aware_abstention,full_estimated_decision_economics_plus_abstention,True,False,REVIEW_EFFECTIVENESS_PESSIMISM,0.8,0.6,25.0,25.0,0.98992,0.504,0.997669,0.504,1280,2000
2000,0.5,106524.52,564582.68,43044.64,50000.0,657627.31,0.8,B_topk_probability,B_topk_probability,probability_only,True,False,JOINT_MODERATE_MISSPECIFICATION,0.8,0.9,25.0,25.0,,0.255099,1.0,1.0,1280,2000
2000,0.308,200189.03,470918.17,60577.43,50000.0,581495.6,0.8,C_oracle,C_expected_exposure,probability_plus_true_exposure,False,True,JOINT_MODERATE_MISSPECIFICATION,0.8,0.9,25.0,25.0,,0.735358,0.366063,1.0,1280,2000
2000,0.3075,195555.07,475552.13,60468.44,50000.0,586020.57,0.8,C_est,C_expected_exposure,probability_plus_estimated_exposure,True,False,JOINT_MODERATE_MISSPECIFICATION,0.8,0.9,25.0,25.0,,0.620089,0.361747,1.0,1280,2000
2000,0.3415,194090.71,477016.49,49619.72,50000.0,576636.21,0.8,D1_oracle,D1_cost_aware_topk,full_true_decision_economics,False,True,JOINT_MODERATE_MISSPECIFICATION,0.8,0.9,25.0,25.0,,1.0,1.0,1.0,1280,2000
1564,0.3529,174648.11,496459.09,38796.01,39100.0,574355.1,0.8,D2_oracle,D2_cost_aware_abstention,full_true_decision_economics_plus_abstention,False,True,JOINT_MODERATE_MISSPECIFICATION,0.8,0.9,25.0,25.0,0.98436,0.782,1.0,0.782,1280,2000
2000,0.336,191704.93,479402.27,50445.88,50000.0,579848.15,0.8,D1_est,D1_cost_aware_topk,full_estimated_decision_economics,True,False,JOINT_MODERATE_MISSPECIFICATION,0.8,0.9,25.0,25.0,,0.68492,0.832701,1.0,1280,2000
1891,0.3379,186436.62,484670.58,47743.06,47275.0,579688.64,0.8,D2_est,D2_cost_aware_abstention,full_estimated_decision_economics_plus_abstention,True,False,JOINT_MODERATE_MISSPECIFICATION,0.8,0.9,25.0,25.0,0.98109,0.681504,0.832701,0.9455,1280,2000
2000,0.5085,95738.22,553344.64,41986.95,50000.0,645331.58,0.8,B_topk_probability,B_topk_probability,probability_only,True,False,ORACLE,0.8,0.8,25.0,25.0,,0.260239,1.0,1.0,1297,2000
2000,0.3015,177207.73,471875.13,60507.94,50000.0,582383.07,0.8,C_oracle,C_expected_exposure,probability_plus_true_exposure,False,True,ORACLE,0.8,0.8,25.0,25.0,,0.716002,0.366992,1.0,1297,2000
2000,0.3015,177207.73,471875.13,60507.94,50000.0,582383.07,0.8,C_est,C_expected_exposure,probability_plus_estimated_exposure,True,False,ORACLE,0.8,0.8,25.0,25.0,,0.716002,0.366992,1.0,1297,2000
2000,0.3405,174393.59,474689.27,49241.16,50000.0,573930.43,0.8,D1_oracle,D1_cost_aware_topk,full_true_decision_economics,False,True,ORACLE,0.8,0.8,25.0,25.0,,1.0,1.0,1.0,1297,2000
1466,0.3527,148431.74,500651.12,36327.22,36650.0,573628.34,0.8,D2_oracle,D2_cost_aware_abstention,full_true_decision_economics_plus_abstention,False,True,ORACLE,0.8,0.8,25.0,25.0,0.98534,0.733,1.0,0.733,1297,2000
2000,0.3405,174393.59,474689.27,49241.16,50000.0,573930.43,0.8,D1_est,D1_cost_aware_topk,full_estimated_decision_economics,True,False,ORACLE,0.8,0.8,25.0,25.0,,1.0,1.0,1.0,1297,2000
1466,0.3527,148431.74,500651.12,36327.22,36650.0,573628.34,0.8,D2_est,D2_cost_aware_abstention,full_estimated_decision_economics_plus_abstention,True,False,ORACLE,0.8,0.8,25.0,25.0,0.98534,0.733,1.0,0.733,1297,2000
2000,0.5085,95738.22,553344.64,41986.95,50000.0,645331.58,0.8,B_topk_probability,B_topk_probability,probability_only,True,False,VALUE_NOISE_LOW,0.8,0.8,25.0,25.0,,0.260239,1.0,1.0,1297,2000
2000,0.3015,177207.73,471875.13,60507.94,50000.0,582383.07,0.8,C_oracle,C_expected_exposure,probability_plus_true_exposure,False,True,VALUE_NOISE_LOW,0.8,0.8,25.0,25.0,,0.716002,0.366992,1.0,1297,2000
2000,0.3075,178237.87,470844.99,59520.49,50000.0,580365.48,0.8,C_est,C_expected_exposure,probability_plus_estimated_exposure,True,False,VALUE_NOISE_LOW,0.8,0.8,25.0,25.0,,0.680672,0.365383,1.0,1297,2000
2000,0.3405,174393.59,474689.27,49241.16,50000.0,573930.43,0.8,D1_oracle,D1_cost_aware_topk,full_true_decision_economics,False,True,VALUE_NOISE_LOW,0.8,0.8,25.0,25.0,,1.0,1.0,1.0,1297,2000
1466,0.3527,148431.74,500651.12,36327.22,36650.0,573628.34,0.8,D2_oracle,D2_cost_aware_abstention,full_true_decision_economics_plus_abstention,False,True,VALUE_NOISE_LOW,0.8,0.8,25.0,25.0,0.98534,0.733,1.0,0.733,1297,2000
2000,0.332,166522.31,482560.55,50242.63,50000.0,582803.18,0.8,D1_est,D1_cost_aware_topk,full_estimated_decision_economics,True,False,VALUE_NOISE_LOW,0.8,0.8,25.0,25.0,,0.81653,0.998186,1.0,1297,2000
1497,0.3554,149643.53,499439.33,37013.71,37425.0,573878.04,0.8,D2_est,D2_cost_aware_abstention,full_estimated_decision_economics_plus_abstention,True,False,VALUE_NOISE_LOW,0.8,0.8,25.0,25.0,0.98503,0.72521,0.998186,0.7485,1297,2000
2000,0.5085,95738.22,553344.64,41986.95,50000.0,645331.58,0.8,B_topk_probability,B_topk_probability,probability_only,True,False,VALUE_NOISE_HIGH,0.8,0.8,25.0,25.0,,0.260239,1.0,1.0,1297,2000
2000,0.3015,177207.73,471875.13,60507.94,50000.0,582383.07,0.8,C_oracle,C_expected_exposure,probability_plus_true_exposure,False,True,VALUE_NOISE_HIGH,0.8,0.8,25.0,25.0,,0.716002,0.366992,1.0,1297,2000
2000,0.2915,167172.76,481910.1,61061.48,50000.0,592971.59,0.8,C_est,C_expected_exposure,probability_plus_estimated_exposure,True,False,VALUE_NOISE_HIGH,0.8,0.8,25.0,25.0,,0.539646,0.357121,1.0,1297,2000
2000,0.3405,174393.59,474689.27,49241.16,50000.0,573930.43,0.8,D1_oracle,D1_cost_aware_topk,full_true_decision_economics,False,True,VALUE_NOISE_HIGH,0.8,0.8,25.0,25.0,,1.0,1.0,1.0,1297,2000
1466,0.3527,148431.74,500651.12,36327.22,36650.0,573628.34,0.8,D2_oracle,D2_cost_aware_abstention,full_true_decision_economics_plus_abstention,False,True,VALUE_NOISE_HIGH,0.8,0.8,25.0,25.0,0.98534,0.733,1.0,0.733,1297,2000
2000,0.323,162506.36,486576.5,51183.56,50000.0,587760.06,0.8,D1_est,D1_cost_aware_topk,full_estimated_decision_economics,True,False,VALUE_NOISE_HIGH,0.8,0.8,25.0,25.0,,0.626678,0.990592,1.0,1297,2000
1507,0.3311,141153.97,507928.89,38932.35,37675.0,584536.24,0.8,D2_est,D2_cost_aware_abstention,full_estimated_decision_economics_plus_abstention,True,False,VALUE_NOISE_HIGH,0.8,0.8,25.0,25.0,0.98493,0.575472,0.990592,0.7535,1297,2000
2000,0.5085,95738.22,553344.64,41986.95,50000.0,645331.58,0.8,B_topk_probability,B_topk_probability,probability_only,True,False,FP_COST_NOISE_LOW,0.8,0.8,25.0,25.0,,0.260239,1.0,1.0,1297,2000
2000,0.3015,177207.73,471875.13,60507.94,50000.0,582383.07,0.8,C_oracle,C_expected_exposure,probability_plus_true_exposure,False,True,FP_COST_NOISE_LOW,0.8,0.8,25.0,25.0,,0.716002,0.366992,1.0,1297,2000
2000,0.3015,177207.73,471875.13,60507.94,50000.0,582383.07,0.8,C_est,C_expected_exposure,probability_plus_estimated_exposure,True,False,FP_COST_NOISE_LOW,0.8,0.8,25.0,25.0,,0.716002,0.366992,1.0,1297,2000
2000,0.3405,174393.59,474689.27,49241.16,50000.0,573930.43,0.8,D1_oracle,D1_cost_aware_topk,full_true_decision_economics,False,True,FP_COST_NOISE_LOW,0.8,0.8,25.0,25.0,,1.0,1.0,1.0,1297,2000
1466,0.3527,148431.74,500651.12,36327.22,36650.0,573628.34,0.8,D2_oracle,D2_cost_aware_abstention,full_true_decision_economics_plus_abstention,False,True,FP_COST_NOISE_LOW,0.8,0.8,25.0,25.0,0.98534,0.733,1.0,0.733,1297,2000
2000,0.338,173207.37,475875.49,49534.17,50000.0,575409.66,0.8,D1_est,D1_cost_aware_topk,full_estimated_decision_economics,True,False,FP_COST_NOISE_LOW,0.8,0.8,25.0,25.0,,0.874414,0.910396,1.0,1297,2000
1485,0.3522,150578.83,498504.03,36978.75,37125.0,572607.78,0.8,D2_est,D2_cost_aware_abstention,full_estimated_decision_economics_plus_abstention,True,False,FP_COST_NOISE_LOW,0.8,0.8,25.0,25.0,0.98515,0.73989,0.910396,0.7425,1297,2000
2000,0.5085,95738.22,553344.64,41986.95,50000.0,645331.58,0.8,B_topk_probability,B_topk_probability,probability_only,True,False,FP_COST_NOISE_HIGH,0.8,0.8,25.0,25.0,,0.260239,1.0,1.0,1297,2000
2000,0.3015,177207.73,471875.13,60507.94,50000.0,582383.07,0.8,C_oracle,C_expected_exposure,probability_plus_true_exposure,False,True,FP_COST_NOISE_HIGH,0.8,0.8,25.0,25.0,,0.716002,0.366992,1.0,1297,2000
2000,0.3015,177207.73,471875.13,60507.94,50000.0,582383.07,0.8,C_est,C_expected_exposure,probability_plus_estimated_exposure,True,False,FP_COST_NOISE_HIGH,0.8,0.8,25.0,25.0,,0.716002,0.366992,1.0,1297,2000
2000,0.3405,174393.59,474689.27,49241.16,50000.0,573930.43,0.8,D1_oracle,D1_cost_aware_topk,full_true_decision_economics,False,True,FP_COST_NOISE_HIGH,0.8,0.8,25.0,25.0,,1.0,1.0,1.0,1297,2000
1466,0.3527,148431.74,500651.12,36327.22,36650.0,573628.34,0.8,D2_oracle,D2_cost_aware_abstention,full_true_decision_economics_plus_abstention,False,True,FP_COST_NOISE_HIGH,0.8,0.8,25.0,25.0,0.98534,0.733,1.0,0.733,1297,2000
2000,0.3255,168642.7,480440.16,51576.54,50000.0,582016.7,0.8,D1_est,D1_cost_aware_topk,full_estimated_decision_economics,True,False,FP_COST_NOISE_HIGH,0.8,0.8,25.0,25.0,,0.756697,0.692975,1.0,1297,2000
1595,0.3461,155444.56,493638.3,40361.62,39875.0,573874.91,0.8,D2_est,D2_cost_aware_abstention,full_estimated_decision_economics_plus_abstention,True,False,FP_COST_NOISE_HIGH,0.8,0.8,25.0,25.0,0.98405,0.715172,0.692975,0.7975,1297,2000
2000,0.5085,95738.22,553344.64,41986.95,50000.0,645331.58,0.8,B_topk_probability,B_topk_probability,probability_only,True,False,REVIEW_EFFECTIVENESS_OPTIMISM,0.8,1.0,25.0,25.0,,0.260239,1.0,1.0,1297,2000
2000,0.3015,177207.73,471875.13,60507.94,50000.0,582383.07,0.8,C_oracle,C_expected_exposure,probability_plus_true_exposure,False,True,REVIEW_EFFECTIVENESS_OPTIMISM,0.8,1.0,25.0,25.0,,0.716002,0.366992,1.0,1297,2000
2000,0.3015,177207.73,471875.13,60507.94,50000.0,582383.07,0.8,C_est,C_expected_exposure,probability_plus_estimated_exposure,True,False,REVIEW_EFFECTIVENESS_OPTIMISM,0.8,1.0,25.0,25.0,,0.716002,0.366992,1.0,1297,2000
2000,0.3405,174393.59,474689.27,49241.16,50000.0,573930.43,0.8,D1_oracle,D1_cost_aware_topk,full_true_decision_economics,False,True,REVIEW_EFFECTIVENESS_OPTIMISM,0.8,1.0,25.0,25.0,,1.0,1.0,1.0,1297,2000
1466,0.3527,148431.74,500651.12,36327.22,36650.0,573628.34,0.8,D2_oracle,D2_cost_aware_abstention,full_true_decision_economics_plus_abstention,False,True,REVIEW_EFFECTIVENESS_OPTIMISM,0.8,1.0,25.0,25.0,0.98534,0.733,1.0,0.733,1297,2000
2000,0.337,178439.71,470643.15,50568.78,50000.0,571211.93,0.8,D1_est,D1_cost_aware_topk,full_estimated_decision_economics,True,False,REVIEW_EFFECTIVENESS_OPTIMISM,0.8,1.0,25.0,25.0,,0.937046,0.998262,1.0,1297,2000
1988,0.336,177935.81,471147.05,50340.9,49700.0,571187.95,0.8,D2_est,D2_cost_aware_abstention,full_estimated_decision_economics_plus_abstention,True,False,REVIEW_EFFECTIVENESS_OPTIMISM,0.8,1.0,25.0,25.0,0.98012,0.936863,0.998262,0.994,1297,2000
2000,0.5085,95738.22,553344.64,41986.95,50000.0,645331.58,0.8,B_topk_probability,B_topk_probability,probability_only,True,False,REVIEW_EFFECTIVENESS_PESSIMISM,0.8,0.6,25.0,25.0,,0.260239,1.0,1.0,1297,2000
2000,0.3015,177207.73,471875.13,60507.94,50000.0,582383.07,0.8,C_oracle,C_expected_exposure,probability_plus_true_exposure,False,True,REVIEW_EFFECTIVENESS_PESSIMISM,0.8,0.6,25.0,25.0,,0.716002,0.366992,1.0,1297,2000
2000,0.3015,177207.73,471875.13,60507.94,50000.0,582383.07,0.8,C_est,C_expected_exposure,probability_plus_estimated_exposure,True,False,REVIEW_EFFECTIVENESS_PESSIMISM,0.8,0.6,25.0,25.0,,0.716002,0.366992,1.0,1297,2000
2000,0.3405,174393.59,474689.27,49241.16,50000.0,573930.43,0.8,D1_oracle,D1_cost_aware_topk,full_true_decision_economics,False,True,REVIEW_EFFECTIVENESS_PESSIMISM,0.8,0.6,25.0,25.0,,1.0,1.0,1.0,1297,2000
1466,0.3527,148431.74,500651.12,36327.22,36650.0,573628.34,0.8,D2_oracle,D2_cost_aware_abstention,full_true_decision_economics_plus_abstention,False,True,REVIEW_EFFECTIVENESS_PESSIMISM,0.8,0.6,25.0,25.0,0.98534,0.733,1.0,0.733,1297,2000
2000,0.3485,170453.22,478629.64,46893.7,50000.0,575523.34,0.8,D1_est,D1_cost_aware_topk,full_estimated_decision_economics,True,False,REVIEW_EFFECTIVENESS_PESSIMISM,0.8,0.6,25.0,25.0,,0.91296,0.997585,1.0,1297,2000
969,0.3695,115648.1,533434.76,23504.67,24225.0,581164.43,0.8,D2_est,D2_cost_aware_abstention,full_estimated_decision_economics_plus_abstention,True,False,REVIEW_EFFECTIVENESS_PESSIMISM,0.8,0.6,25.0,25.0,0.99031,0.4845,0.997585,0.4845,1297,2000
2000,0.5085,95738.22,553344.64,41986.95,50000.0,645331.58,0.8,B_topk_probability,B_topk_probability,probability_only,True,False,JOINT_MODERATE_MISSPECIFICATION,0.8,0.9,25.0,25.0,,0.260239,1.0,1.0,1297,2000
2000,0.3015,177207.73,471875.13,60507.94,50000.0,582383.07,0.8,C_oracle,C_expected_exposure,probability_plus_true_exposure,False,True,JOINT_MODERATE_MISSPECIFICATION,0.8,0.9,25.0,25.0,,0.716002,0.366992,1.0,1297,2000
2000,0.303,176227.34,472855.52,60155.77,50000.0,583011.29,0.8,C_est,C_expected_exposure,probability_plus_estimated_exposure,True,False,JOINT_MODERATE_MISSPECIFICATION,0.8,0.9,25.0,25.0,,0.635992,0.363261,1.0,1297,2000
2000,0.3405,174393.59,474689.27,49241.16,50000.0,573930.43,0.8,D1_oracle,D1_cost_aware_topk,full_true_decision_economics,False,True,JOINT_MODERATE_MISSPECIFICATION,0.8,0.9,25.0,25.0,,1.0,1.0,1.0,1297,2000
1466,0.3527,148431.74,500651.12,36327.22,36650.0,573628.34,0.8,D2_oracle,D2_cost_aware_abstention,full_true_decision_economics_plus_abstention,False,True,JOINT_MODERATE_MISSPECIFICATION,0.8,0.9,25.0,25.0,0.98534,0.733,1.0,0.733,1297,2000
2000,0.324,166812.82,482270.04,51628.32,50000.0,583898.36,0.8,D1_est,D1_cost_aware_topk,full_estimated_decision_economics,True,False,JOINT_MODERATE_MISSPECIFICATION,0.8,0.9,25.0,25.0,,0.708672,0.831489,1.0,1297,2000
1799,0.3263,157032.66,492050.2,46527.5,44975.0,583552.7,0.8,D2_est,D2_cost_aware_abstention,full_estimated_decision_economics_plus_abstention,True,False,JOINT_MODERATE_MISSPECIFICATION,0.8,0.9,25.0,25.0,0.98201,0.702824,0.831489,0.8995,1297,2000
2000,0.519,104663.89,558350.87,41563.85,50000.0,649914.72,0.8,B_topk_probability,B_topk_probability,probability_only,True,False,ORACLE,0.8,0.8,25.0,25.0,,0.243394,1.0,1.0,1314,2000
2000,0.2975,180156.69,482858.07,60243.18,50000.0,593101.25,0.8,C_oracle,C_expected_exposure,probability_plus_true_exposure,False,True,ORACLE,0.8,0.8,25.0,25.0,,0.707942,0.365923,1.0,1314,2000
2000,0.2975,180156.69,482858.07,60243.18,50000.0,593101.25,0.8,C_est,C_expected_exposure,probability_plus_estimated_exposure,True,False,ORACLE,0.8,0.8,25.0,25.0,,0.707942,0.365923,1.0,1314,2000
2000,0.333,173908.94,489105.82,49187.81,50000.0,588293.63,0.8,D1_oracle,D1_cost_aware_topk,full_true_decision_economics,False,True,ORACLE,0.8,0.8,25.0,25.0,,1.0,1.0,1.0,1314,2000
1476,0.3449,148661.14,514353.62,36646.57,36900.0,587900.19,0.8,D2_oracle,D2_cost_aware_abstention,full_true_decision_economics_plus_abstention,False,True,ORACLE,0.8,0.8,25.0,25.0,0.98524,0.738,1.0,0.738,1314,2000
2000,0.333,173908.94,489105.82,49187.81,50000.0,588293.63,0.8,D1_est,D1_cost_aware_topk,full_estimated_decision_economics,True,False,ORACLE,0.8,0.8,25.0,25.0,,1.0,1.0,1.0,1314,2000
1476,0.3449,148661.14,514353.62,36646.57,36900.0,587900.19,0.8,D2_est,D2_cost_aware_abstention,full_estimated_decision_economics_plus_abstention,True,False,ORACLE,0.8,0.8,25.0,25.0,0.98524,0.738,1.0,0.738,1314,2000
2000,0.519,104663.89,558350.87,41563.85,50000.0,649914.72,0.8,B_topk_probability,B_topk_probability,probability_only,True,False,VALUE_NOISE_LOW,0.8,0.8,25.0,25.0,,0.243394,1.0,1.0,1314,2000
2000,0.2975,180156.69,482858.07,60243.18,50000.0,593101.25,0.8,C_oracle,C_expected_exposure,probability_plus_true_exposure,False,True,VALUE_NOISE_LOW,0.8,0.8,25.0,25.0,,0.707942,0.365923,1.0,1314,2000
2000,0.296,179167.33,483847.43,60180.33,50000.0,594027.77,0.8,C_est,C_expected_exposure,probability_plus_estimated_exposure,True,False,VALUE_NOISE_LOW,0.8,0.8,25.0,25.0,,0.664586,0.363804,1.0,1314,2000
2000,0.333,173908.94,489105.82,49187.81,50000.0,588293.63,0.8,D1_oracle,D1_cost_aware_topk,full_true_decision_economics,False,True,VALUE_NOISE_LOW,0.8,0.8,25.0,25.0,,1.0,1.0,1.0,1314,2000
1476,0.3449,148661.14,514353.62,36646.57,36900.0,587900.19,0.8,D2_oracle,D2_cost_aware_abstention,full_true_decision_economics_plus_abstention,False,True,VALUE_NOISE_LOW,0.8,0.8,25.0,25.0,0.98524,0.738,1.0,0.738,1314,2000
2000,0.336,176490.89,486523.87,49360.61,50000.0,585884.48,0.8,D1_est,D1_cost_aware_topk,full_estimated_decision_economics,True,False,VALUE_NOISE_LOW,0.8,0.8,25.0,25.0,,0.819009,0.998324,1.0,1314,2000
1498,0.3385,151122.9,511891.86,37835.62,37450.0,587177.48,0.8,D2_est,D2_cost_aware_abstention,full_estimated_decision_economics_plus_abstention,True,False,VALUE_NOISE_LOW,0.8,0.8,25.0,25.0,0.98502,0.715547,0.998324,0.749,1314,2000
2000,0.519,104663.89,558350.87,41563.85,50000.0,649914.72,0.8,B_topk_probability,B_topk_probability,probability_only,True,False,VALUE_NOISE_HIGH,0.8,0.8,25.0,25.0,,0.243394,1.0,1.0,1314,2000
2000,0.2975,180156.69,482858.07,60243.18,50000.0,593101.25,0.8,C_oracle,C_expected_exposure,probability_plus_true_exposure,False,True,VALUE_NOISE_HIGH,0.8,0.8,25.0,25.0,,0.707942,0.365923,1.0,1314,2000
2000,0.282,167808.19,495206.57,61870.96,50000.0,607077.53,0.8,C_est,C_expected_exposure,probability_plus_estimated_exposure,True,False,VALUE_NOISE_HIGH,0.8,0.8,25.0,25.0,,0.529052,0.355185,1.0,1314,2000
2000,0.333,173908.94,489105.82,49187.81,50000.0,588293.63,0.8,D1_oracle,D1_cost_aware_topk,full_true_decision_economics,False,True,VALUE_NOISE_HIGH,0.8,0.8,25.0,25.0,,1.0,1.0,1.0,1314,2000
1476,0.3449,148661.14,514353.62,36646.57,36900.0,587900.19,0.8,D2_oracle,D2_cost_aware_abstention,full_true_decision_economics_plus_abstention,False,True,VALUE_NOISE_HIGH,0.8,0.8,25.0,25.0,0.98524,0.738,1.0,0.738,1314,2000
2000,0.328,169984.99,493029.77,50627.79,50000.0,593657.56,0.8,D1_est,D1_cost_aware_topk,full_estimated_decision_economics,True,False,VALUE_NOISE_HIGH,0.8,0.8,25.0,25.0,,0.614857,0.991017,1.0,1314,2000
1492,0.3284,145788.89,517225.87,38242.63,37300.0,592768.5,0.8,D2_est,D2_cost_aware_abstention,full_estimated_decision_economics_plus_abstention,True,False,VALUE_NOISE_HIGH,0.8,0.8,25.0,25.0,0.98508,0.57085,0.991017,0.746,1314,2000
2000,0.519,104663.89,558350.87,41563.85,50000.0,649914.72,0.8,B_topk_probability,B_topk_probability,probability_only,True,False,FP_COST_NOISE_LOW,0.8,0.8,25.0,25.0,,0.243394,1.0,1.0,1314,2000
2000,0.2975,180156.69,482858.07,60243.18,50000.0,593101.25,0.8,C_oracle,C_expected_exposure,probability_plus_true_exposure,False,True,FP_COST_NOISE_LOW,0.8,0.8,25.0,25.0,,0.707942,0.365923,1.0,1314,2000
2000,0.2975,180156.69,482858.07,60243.18,50000.0,593101.25,0.8,C_est,C_expected_exposure,probability_plus_estimated_exposure,True,False,FP_COST_NOISE_LOW,0.8,0.8,25.0,25.0,,0.707942,0.365923,1.0,1314,2000
2000,0.333,173908.94,489105.82,49187.81,50000.0,588293.63,0.8,D1_oracle,D1_cost_aware_topk,full_true_decision_economics,False,True,FP_COST_NOISE_LOW,0.8,0.8,25.0,25.0,,1.0,1.0,1.0,1314,2000
1476,0.3449,148661.14,514353.62,36646.57,36900.0,587900.19,0.8,D2_oracle,D2_cost_aware_abstention,full_true_decision_economics_plus_abstention,False,True,FP_COST_NOISE_LOW,0.8,0.8,25.0,25.0,0.98524,0.738,1.0,0.738,1314,2000
2000,0.3275,171165.68,491849.08,49913.07,50000.0,591762.15,0.8,D1_est,D1_cost_aware_topk,full_estimated_decision_economics,True,False,FP_COST_NOISE_LOW,0.8,0.8,25.0,25.0,,0.877934,0.910913,1.0,1314,2000
1503,0.3453,150880.72,512134.04,37443.65,37575.0,587152.7,0.8,D2_est,D2_cost_aware_abstention,full_estimated_decision_economics_plus_abstention,True,False,FP_COST_NOISE_LOW,0.8,0.8,25.0,25.0,0.98497,0.743654,0.910913,0.7515,1314,2000
2000,0.519,104663.89,558350.87,41563.85,50000.0,649914.72,0.8,B_topk_probability,B_topk_probability,probability_only,True,False,FP_COST_NOISE_HIGH,0.8,0.8,25.0,25.0,,0.243394,1.0,1.0,1314,2000
2000,0.2975,180156.69,482858.07,60243.18,50000.0,593101.25,0.8,C_oracle,C_expected_exposure,probability_plus_true_exposure,False,True,FP_COST_NOISE_HIGH,0.8,0.8,25.0,25.0,,0.707942,0.365923,1.0,1314,2000
2000,0.2975,180156.69,482858.07,60243.18,50000.0,593101.25,0.8,C_est,C_expected_exposure,probability_plus_estimated_exposure,True,False,FP_COST_NOISE_HIGH,0.8,0.8,25.0,25.0,,0.707942,0.365923,1.0,1314,2000
2000,0.333,173908.94,489105.82,49187.81,50000.0,588293.63,0.8,D1_oracle,D1_cost_aware_topk,full_true_decision_economics,False,True,FP_COST_NOISE_HIGH,0.8,0.8,25.0,25.0,,1.0,1.0,1.0,1314,2000
1476,0.3449,148661.14,514353.62,36646.57,36900.0,587900.19,0.8,D2_oracle,D2_cost_aware_abstention,full_true_decision_economics_plus_abstention,False,True,FP_COST_NOISE_HIGH,0.8,0.8,25.0,25.0,0.98524,0.738,1.0,0.738,1314,2000
2000,0.322,169837.29,493177.47,51253.31,50000.0,594430.78,0.8,D1_est,D1_cost_aware_topk,full_estimated_decision_economics,True,False,FP_COST_NOISE_HIGH,0.8,0.8,25.0,25.0,,0.761339,0.693229,1.0,1314,2000
1592,0.3317,150695.72,512319.04,40844.64,39800.0,592963.68,0.8,D2_est,D2_cost_aware_abstention,full_estimated_decision_economics_plus_abstention,True,False,FP_COST_NOISE_HIGH,0.8,0.8,25.0,25.0,0.98408,0.731084,0.693229,0.796,1314,2000
2000,0.519,104663.89,558350.87,41563.85,50000.0,649914.72,0.8,B_topk_probability,B_topk_probability,probability_only,True,False,REVIEW_EFFECTIVENESS_OPTIMISM,0.8,1.0,25.0,25.0,,0.243394,1.0,1.0,1314,2000
2000,0.2975,180156.69,482858.07,60243.18,50000.0,593101.25,0.8,C_oracle,C_expected_exposure,probability_plus_true_exposure,False,True,REVIEW_EFFECTIVENESS_OPTIMISM,0.8,1.0,25.0,25.0,,0.707942,0.365923,1.0,1314,2000
2000,0.2975,180156.69,482858.07,60243.18,50000.0,593101.25,0.8,C_est,C_expected_exposure,probability_plus_estimated_exposure,True,False,REVIEW_EFFECTIVENESS_OPTIMISM,0.8,1.0,25.0,25.0,,0.707942,0.365923,1.0,1314,2000
2000,0.333,173908.94,489105.82,49187.81,50000.0,588293.63,0.8,D1_oracle,D1_cost_aware_topk,full_true_decision_economics,False,True,REVIEW_EFFECTIVENESS_OPTIMISM,0.8,1.0,25.0,25.0,,1.0,1.0,1.0,1314,2000
1476,0.3449,148661.14,514353.62,36646.57,36900.0,587900.19,0.8,D2_oracle,D2_cost_aware_abstention,full_true_decision_economics_plus_abstention,False,True,REVIEW_EFFECTIVENESS_OPTIMISM,0.8,1.0,25.0,25.0,0.98524,0.738,1.0,0.738,1314,2000
2000,0.3255,175083.55,487931.21,51283.09,50000.0,589214.29,0.8,D1_est,D1_cost_aware_topk,full_estimated_decision_economics,True,False,REVIEW_EFFECTIVENESS_OPTIMISM,0.8,1.0,25.0,25.0,,0.929571,0.998339,1.0,1314,2000
2000,0.3255,175083.55,487931.21,51283.09,50000.0,589214.29,0.8,D2_est,D2_cost_aware_abstention,full_estimated_decision_economics_plus_abstention,True,False,REVIEW_EFFECTIVENESS_OPTIMISM,0.8,1.0,25.0,25.0,0.97989,0.929571,0.998339,1.0,1314,2000
2000,0.519,104663.89,558350.87,41563.85,50000.0,649914.72,0.8,B_topk_probability,B_topk_probability,probability_only,True,False,REVIEW_EFFECTIVENESS_PESSIMISM,0.8,0.6,25.0,25.0,,0.243394,1.0,1.0,1314,2000
2000,0.2975,180156.69,482858.07,60243.18,50000.0,593101.25,0.8,C_oracle,C_expected_exposure,probability_plus_true_exposure,False,True,REVIEW_EFFECTIVENESS_PESSIMISM,0.8,0.6,25.0,25.0,,0.707942,0.365923,1.0,1314,2000
2000,0.2975,180156.69,482858.07,60243.18,50000.0,593101.25,0.8,C_est,C_expected_exposure,probability_plus_estimated_exposure,True,False,REVIEW_EFFECTIVENESS_PESSIMISM,0.8,0.6,25.0,25.0,,0.707942,0.365923,1.0,1314,2000
2000,0.333,173908.94,489105.82,49187.81,50000.0,588293.63,0.8,D1_oracle,D1_cost_aware_topk,full_true_decision_economics,False,True,REVIEW_EFFECTIVENESS_PESSIMISM,0.8,0.6,25.0,25.0,,1.0,1.0,1.0,1314,2000
1476,0.3449,148661.14,514353.62,36646.57,36900.0,587900.19,0.8,D2_oracle,D2_cost_aware_abstention,full_true_decision_economics_plus_abstention,False,True,REVIEW_EFFECTIVENESS_PESSIMISM,0.8,0.6,25.0,25.0,0.98524,0.738,1.0,0.738,1314,2000
2000,0.3465,170324.62,492690.14,46839.35,50000.0,589529.49,0.8,D1_est,D1_cost_aware_topk,full_estimated_decision_economics,True,False,REVIEW_EFFECTIVENESS_PESSIMISM,0.8,0.6,25.0,25.0,,0.913876,0.997681,1.0,1314,2000
981,0.3721,121781.36,541233.4,23396.19,24525.0,589154.59,0.8,D2_est,D2_cost_aware_abstention,full_estimated_decision_economics_plus_abstention,True,False,REVIEW_EFFECTIVENESS_PESSIMISM,0.8,0.6,25.0,25.0,0.99019,0.4905,0.997681,0.4905,1314,2000
2000,0.519,104663.89,558350.87,41563.85,50000.0,649914.72,0.8,B_topk_probability,B_topk_probability,probability_only,True,False,JOINT_MODERATE_MISSPECIFICATION,0.8,0.9,25.0,25.0,,0.243394,1.0,1.0,1314,2000
2000,0.2975,180156.69,482858.07,60243.18,50000.0,593101.25,0.8,C_oracle,C_expected_exposure,probability_plus_true_exposure,False,True,JOINT_MODERATE_MISSPECIFICATION,0.8,0.9,25.0,25.0,,0.707942,0.365923,1.0,1314,2000
2000,0.2915,175316.58,487698.18,61065.6,50000.0,598763.78,0.8,C_est,C_expected_exposure,probability_plus_estimated_exposure,True,False,JOINT_MODERATE_MISSPECIFICATION,0.8,0.9,25.0,25.0,,0.617469,0.361507,1.0,1314,2000
2000,0.333,173908.94,489105.82,49187.81,50000.0,588293.63,0.8,D1_oracle,D1_cost_aware_topk,full_true_decision_economics,False,True,JOINT_MODERATE_MISSPECIFICATION,0.8,0.9,25.0,25.0,,1.0,1.0,1.0,1314,2000
1476,0.3449,148661.14,514353.62,36646.57,36900.0,587900.19,0.8,D2_oracle,D2_cost_aware_abstention,full_true_decision_economics_plus_abstention,False,True,JOINT_MODERATE_MISSPECIFICATION,0.8,0.9,25.0,25.0,0.98524,0.738,1.0,0.738,1314,2000
2000,0.3235,173521.27,489493.49,51576.02,50000.0,591069.51,0.8,D1_est,D1_cost_aware_topk,full_estimated_decision_economics,True,False,JOINT_MODERATE_MISSPECIFICATION,0.8,0.9,25.0,25.0,,0.707942,0.831609,1.0,1314,2000
1795,0.3281,163841.77,499172.99,46229.85,44875.0,590277.84,0.8,D2_est,D2_cost_aware_abstention,full_estimated_decision_economics_plus_abstention,True,False,JOINT_MODERATE_MISSPECIFICATION,0.8,0.9,25.0,25.0,0.98205,0.697987,0.831609,0.8975,1314,2000
2000,0.5225,110926.91,574761.8,40877.9,50000.0,665639.7,0.8,B_topk_probability,B_topk_probability,probability_only,True,False,ORACLE,0.8,0.8,25.0,25.0,,0.255887,1.0,1.0,1331,2000
2000,0.325,202393.43,483295.28,58546.42,50000.0,591841.7,0.8,C_oracle,C_expected_exposure,probability_plus_true_exposure,False,True,ORACLE,0.8,0.8,25.0,25.0,,0.727862,0.366624,1.0,1331,2000
2000,0.325,202393.43,483295.28,58546.42,50000.0,591841.7,0.8,C_est,C_expected_exposure,probability_plus_estimated_exposure,True,False,ORACLE,0.8,0.8,25.0,25.0,,0.727862,0.366624,1.0,1331,2000
2000,0.3575,196375.82,489312.9,48463.92,50000.0,587776.81,0.8,D1_oracle,D1_cost_aware_topk,full_true_decision_economics,False,True,ORACLE,0.8,0.8,25.0,25.0,,1.0,1.0,1.0,1331,2000
1538,0.3719,175102.62,510586.09,36729.02,38450.0,585765.12,0.8,D2_oracle,D2_cost_aware_abstention,full_true_decision_economics_plus_abstention,False,True,ORACLE,0.8,0.8,25.0,25.0,0.98462,0.769,1.0,0.769,1331,2000
2000,0.3575,196375.82,489312.9,48463.92,50000.0,587776.81,0.8,D1_est,D1_cost_aware_topk,full_estimated_decision_economics,True,False,ORACLE,0.8,0.8,25.0,25.0,,1.0,1.0,1.0,1331,2000
1538,0.3719,175102.62,510586.09,36729.02,38450.0,585765.12,0.8,D2_est,D2_cost_aware_abstention,full_estimated_decision_economics_plus_abstention,True,False,ORACLE,0.8,0.8,25.0,25.0,0.98462,0.769,1.0,0.769,1331,2000
2000,0.5225,110926.91,574761.8,40877.9,50000.0,665639.7,0.8,B_topk_probability,B_topk_probability,probability_only,True,False,VALUE_NOISE_LOW,0.8,0.8,25.0,25.0,,0.255887,1.0,1.0,1331,2000
2000,0.325,202393.43,483295.28,58546.42,50000.0,591841.7,0.8,C_oracle,C_expected_exposure,probability_plus_true_exposure,False,True,VALUE_NOISE_LOW,0.8,0.8,25.0,25.0,,0.727862,0.366624,1.0,1331,2000
2000,0.311,196443.53,489245.18,59749.62,50000.0,598994.8,0.8,C_est,C_expected_exposure,probability_plus_estimated_exposure,True,False,VALUE_NOISE_LOW,0.8,0.8,25.0,25.0,,0.664586,0.364415,1.0,1331,2000
2000,0.3575,196375.82,489312.9,48463.92,50000.0,587776.81,0.8,D1_oracle,D1_cost_aware_topk,full_true_decision_economics,False,True,VALUE_NOISE_LOW,0.8,0.8,25.0,25.0,,1.0,1.0,1.0,1331,2000
1538,0.3719,175102.62,510586.09,36729.02,38450.0,585765.12,0.8,D2_oracle,D2_cost_aware_abstention,full_true_decision_economics_plus_abstention,False,True,VALUE_NOISE_LOW,0.8,0.8,25.0,25.0,0.98462,0.769,1.0,0.769,1331,2000
2000,0.3485,192758.92,492929.79,49096.26,50000.0,592026.05,0.8,D1_est,D1_cost_aware_topk,full_estimated_decision_economics,True,False,VALUE_NOISE_LOW,0.8,0.8,25.0,25.0,,0.788909,0.998196,1.0,1331,2000
1553,0.3619,173765.21,511923.5,37776.58,38825.0,588525.09,0.8,D2_est,D2_cost_aware_abstention,full_estimated_decision_economics_plus_abstention,True,False,VALUE_NOISE_LOW,0.8,0.8,25.0,25.0,0.98447,0.728954,0.998196,0.7765,1331,2000
2000,0.5225,110926.91,574761.8,40877.9,50000.0,665639.7,0.8,B_topk_probability,B_topk_probability,probability_only,True,False,VALUE_NOISE_HIGH,0.8,0.8,25.0,25.0,,0.255887,1.0,1.0,1331,2000
2000,0.325,202393.43,483295.28,58546.42,50000.0,591841.7,0.8,C_oracle,C_expected_exposure,probability_plus_true_exposure,False,True,VALUE_NOISE_HIGH,0.8,0.8,25.0,25.0,,0.727862,0.366624,1.0,1331,2000
2000,0.2985,188318.78,497369.94,61262.4,50000.0,608632.34,0.8,C_est,C_expected_exposure,probability_plus_estimated_exposure,True,False,VALUE_NOISE_HIGH,0.8,0.8,25.0,25.0,,0.519757,0.355615,1.0,1331,2000
2000,0.3575,196375.82,489312.9,48463.92,50000.0,587776.81,0.8,D1_oracle,D1_cost_aware_topk,full_true_decision_economics,False,True,VALUE_NOISE_HIGH,0.8,0.8,25.0,25.0,,1.0,1.0,1.0,1331,2000
1538,0.3719,175102.62,510586.09,36729.02,38450.0,585765.12,0.8,D2_oracle,D2_cost_aware_abstention,full_true_decision_economics_plus_abstention,False,True,VALUE_NOISE_HIGH,0.8,0.8,25.0,25.0,0.98462,0.769,1.0,0.769,1331,2000
2000,0.335,182810.89,502877.82,50590.56,50000.0,603468.38,0.8,D1_est,D1_cost_aware_topk,full_estimated_decision_economics,True,False,VALUE_NOISE_HIGH,0.8,0.8,25.0,25.0,,0.592991,0.990785,1.0,1331,2000
1558,0.3421,163475.95,522212.76,39633.79,38950.0,600796.56,0.8,D2_est,D2_cost_aware_abstention,full_estimated_decision_economics_plus_abstention,True,False,VALUE_NOISE_HIGH,0.8,0.8,25.0,25.0,0.98442,0.570861,0.990785,0.779,1331,2000
2000,0.5225,110926.91,574761.8,40877.9,50000.0,665639.7,0.8,B_topk_probability,B_topk_probability,probability_only,True,False,FP_COST_NOISE_LOW,0.8,0.8,25.0,25.0,,0.255887,1.0,1.0,1331,2000
2000,0.325,202393.43,483295.28,58546.42,50000.0,591841.7,0.8,C_oracle,C_expected_exposure,probability_plus_true_exposure,False,True,FP_COST_NOISE_LOW,0.8,0.8,25.0,25.0,,0.727862,0.366624,1.0,1331,2000
2000,0.325,202393.43,483295.28,58546.42,50000.0,591841.7,0.8,C_est,C_expected_exposure,probability_plus_estimated_exposure,True,False,FP_COST_NOISE_LOW,0.8,0.8,25.0,25.0,,0.727862,0.366624,1.0,1331,2000
2000,0.3575,196375.82,489312.9,48463.92,50000.0,587776.81,0.8,D1_oracle,D1_cost_aware_topk,full_true_decision_economics,False,True,FP_COST_NOISE_LOW,0.8,0.8,25.0,25.0,,1.0,1.0,1.0,1331,2000
1538,0.3719,175102.62,510586.09,36729.02,38450.0,585765.12,0.8,D2_oracle,D2_cost_aware_abstention,full_true_decision_economics_plus_abstention,False,True,FP_COST_NOISE_LOW,0.8,0.8,25.0,25.0,0.98462,0.769,1.0,0.769,1331,2000
2000,0.3585,196195.32,489493.4,48567.77,50000.0,588061.17,0.8,D1_est,D1_cost_aware_topk,full_estimated_decision_economics,True,False,FP_COST_NOISE_LOW,0.8,0.8,25.0,25.0,,0.880583,0.911444,1.0,1331,2000
1574,0.3736,175881.24,509807.47,37956.08,39350.0,587113.55,0.8,D2_est,D2_cost_aware_abstention,full_estimated_decision_economics_plus_abstention,True,False,FP_COST_NOISE_LOW,0.8,0.8,25.0,25.0,0.98426,0.77988,0.911444,0.787,1331,2000
2000,0.5225,110926.91,574761.8,40877.9,50000.0,665639.7,0.8,B_topk_probability,B_topk_probability,probability_only,True,False,FP_COST_NOISE_HIGH,0.8,0.8,25.0,25.0,,0.255887,1.0,1.0,1331,2000
2000,0.325,202393.43,483295.28,58546.42,50000.0,591841.7,0.8,C_oracle,C_expected_exposure,probability_plus_true_exposure,False,True,FP_COST_NOISE_HIGH,0.8,0.8,25.0,25.0,,0.727862,0.366624,1.0,1331,2000
2000,0.325,202393.43,483295.28,58546.42,50000.0,591841.7,0.8,C_est,C_expected_exposure,probability_plus_estimated_exposure,True,False,FP_COST_NOISE_HIGH,0.8,0.8,25.0,25.0,,0.727862,0.366624,1.0,1331,2000
2000,0.3575,196375.82,489312.9,48463.92,50000.0,587776.81,0.8,D1_oracle,D1_cost_aware_topk,full_true_decision_economics,False,True,FP_COST_NOISE_HIGH,0.8,0.8,25.0,25.0,,1.0,1.0,1.0,1331,2000
1538,0.3719,175102.62,510586.09,36729.02,38450.0,585765.12,0.8,D2_oracle,D2_cost_aware_abstention,full_true_decision_economics_plus_abstention,False,True,FP_COST_NOISE_HIGH,0.8,0.8,25.0,25.0,0.98462,0.769,1.0,0.769,1331,2000
2000,0.35,194074.16,491614.55,50362.76,50000.0,591977.31,0.8,D1_est,D1_cost_aware_topk,full_estimated_decision_economics,True,False,FP_COST_NOISE_HIGH,0.8,0.8,25.0,25.0,,0.764446,0.697445,1.0,1331,2000
1704,0.3674,182151.36,503537.35,42193.87,42600.0,588331.23,0.8,D2_est,D2_cost_aware_abstention,full_estimated_decision_economics_plus_abstention,True,False,FP_COST_NOISE_HIGH,0.8,0.8,25.0,25.0,0.98296,0.762131,0.697445,0.852,1331,2000
2000,0.5225,110926.91,574761.8,40877.9,50000.0,665639.7,0.8,B_topk_probability,B_topk_probability,probability_only,True,False,REVIEW_EFFECTIVENESS_OPTIMISM,0.8,1.0,25.0,25.0,,0.255887,1.0,1.0,1331,2000
2000,0.325,202393.43,483295.28,58546.42,50000.0,591841.7,0.8,C_oracle,C_expected_exposure,probability_plus_true_exposure,False,True,REVIEW_EFFECTIVENESS_OPTIMISM,0.8,1.0,25.0,25.0,,0.727862,0.366624,1.0,1331,2000
2000,0.325,202393.43,483295.28,58546.42,50000.0,591841.7,0.8,C_est,C_expected_exposure,probability_plus_estimated_exposure,True,False,REVIEW_EFFECTIVENESS_OPTIMISM,0.8,1.0,25.0,25.0,,0.727862,0.366624,1.0,1331,2000
2000,0.3575,196375.82,489312.9,48463.92,50000.0,587776.81,0.8,D1_oracle,D1_cost_aware_topk,full_true_decision_economics,False,True,REVIEW_EFFECTIVENESS_OPTIMISM,0.8,1.0,25.0,25.0,,1.0,1.0,1.0,1331,2000
1538,0.3719,175102.62,510586.09,36729.02,38450.0,585765.12,0.8,D2_oracle,D2_cost_aware_abstention,full_true_decision_economics_plus_abstention,False,True,REVIEW_EFFECTIVENESS_OPTIMISM,0.8,1.0,25.0,25.0,0.98462,0.769,1.0,0.769,1331,2000
2000,0.352,198124.43,487564.28,50153.51,50000.0,587717.79,0.8,D1_est,D1_cost_aware_topk,full_estimated_decision_economics,True,False,REVIEW_EFFECTIVENESS_OPTIMISM,0.8,1.0,25.0,25.0,,0.942691,0.998288,1.0,1331,2000
2000,0.352,198124.43,487564.28,50153.51,50000.0,587717.79,0.8,D2_est,D2_cost_aware_abstention,full_estimated_decision_economics_plus_abstention,True,False,REVIEW_EFFECTIVENESS_OPTIMISM,0.8,1.0,25.0,25.0,0.97902,0.942691,0.998288,1.0,1331,2000
2000,0.5225,110926.91,574761.8,40877.9,50000.0,665639.7,0.8,B_topk_probability,B_topk_probability,probability_only,True,False,REVIEW_EFFECTIVENESS_PESSIMISM,0.8,0.6,25.0,25.0,,0.255887,1.0,1.0,1331,2000
2000,0.325,202393.43,483295.28,58546.42,50000.0,591841.7,0.8,C_oracle,C_expected_exposure,probability_plus_true_exposure,False,True,REVIEW_EFFECTIVENESS_PESSIMISM,0.8,0.6,25.0,25.0,,0.727862,0.366624,1.0,1331,2000
2000,0.325,202393.43,483295.28,58546.42,50000.0,591841.7,0.8,C_est,C_expected_exposure,probability_plus_estimated_exposure,True,False,REVIEW_EFFECTIVENESS_PESSIMISM,0.8,0.6,25.0,25.0,,0.727862,0.366624,1.0,1331,2000
2000,0.3575,196375.82,489312.9,48463.92,50000.0,587776.81,0.8,D1_oracle,D1_cost_aware_topk,full_true_decision_economics,False,True,REVIEW_EFFECTIVENESS_PESSIMISM,0.8,0.6,25.0,25.0,,1.0,1.0,1.0,1331,2000
1538,0.3719,175102.62,510586.09,36729.02,38450.0,585765.12,0.8,D2_oracle,D2_cost_aware_abstention,full_true_decision_economics_plus_abstention,False,True,REVIEW_EFFECTIVENESS_PESSIMISM,0.8,0.6,25.0,25.0,0.98462,0.769,1.0,0.769,1331,2000
2000,0.369,193627.72,492060.99,45717.69,50000.0,587778.68,0.8,D1_est,D1_cost_aware_topk,full_estimated_decision_economics,True,False,REVIEW_EFFECTIVENESS_PESSIMISM,0.8,0.6,25.0,25.0,,0.91296,0.997671,1.0,1331,2000
1016,0.3907,139200.46,546488.25,23357.76,25400.0,595246.02,0.8,D2_est,D2_cost_aware_abstention,full_estimated_decision_economics_plus_abstention,True,False,REVIEW_EFFECTIVENESS_PESSIMISM,0.8,0.6,25.0,25.0,0.98984,0.508,0.997671,0.508,1331,2000
2000,0.5225,110926.91,574761.8,40877.9,50000.0,665639.7,0.8,B_topk_probability,B_topk_probability,probability_only,True,False,JOINT_MODERATE_MISSPECIFICATION,0.8,0.9,25.0,25.0,,0.255887,1.0,1.0,1331,2000
2000,0.325,202393.43,483295.28,58546.42,50000.0,591841.7,0.8,C_oracle,C_expected_exposure,probability_plus_true_exposure,False,True,JOINT_MODERATE_MISSPECIFICATION,0.8,0.9,25.0,25.0,,0.727862,0.366624,1.0,1331,2000
2000,0.308,194779.12,490909.59,60019.69,50000.0,600929.28,0.8,C_est,C_expected_exposure,probability_plus_estimated_exposure,True,False,JOINT_MODERATE_MISSPECIFICATION,0.8,0.9,25.0,25.0,,0.613554,0.362076,1.0,1331,2000
2000,0.3575,196375.82,489312.9,48463.92,50000.0,587776.81,0.8,D1_oracle,D1_cost_aware_topk,full_true_decision_economics,False,True,JOINT_MODERATE_MISSPECIFICATION,0.8,0.9,25.0,25.0,,1.0,1.0,1.0,1331,2000
1538,0.3719,175102.62,510586.09,36729.02,38450.0,585765.12,0.8,D2_oracle,D2_cost_aware_abstention,full_true_decision_economics_plus_abstention,False,True,JOINT_MODERATE_MISSPECIFICATION,0.8,0.9,25.0,25.0,0.98462,0.769,1.0,0.769,1331,2000
2000,0.3355,191885.3,493803.41,51182.56,50000.0,594985.98,0.8,D1_est,D1_cost_aware_topk,full_estimated_decision_economics,True,False,JOINT_MODERATE_MISSPECIFICATION,0.8,0.9,25.0,25.0,,0.682793,0.831608,1.0,1331,2000
1894,0.3353,185602.06,500086.66,48824.17,47350.0,596260.83,0.8,D2_est,D2_cost_aware_abstention,full_estimated_decision_economics_plus_abstention,True,False,JOINT_MODERATE_MISSPECIFICATION,0.8,0.9,25.0,25.0,0.98106,0.679896,0.831608,0.947,1331,2000
2000,0.523,106756.95,579396.09,41967.11,50000.0,671363.2,0.8,B_topk_probability,B_topk_probability,probability_only,True,False,ORACLE,0.8,0.8,25.0,25.0,,0.255099,1.0,1.0,1348,2000
2000,0.329,213685.03,472468.01,56858.46,50000.0,579326.47,0.8,C_oracle,C_expected_exposure,probability_plus_true_exposure,False,True,ORACLE,0.8,0.8,25.0,25.0,,0.736111,0.373335,1.0,1348,2000
2000,0.329,213685.03,472468.01,56858.46,50000.0,579326.47,0.8,C_est,C_expected_exposure,probability_plus_estimated_exposure,True,False,ORACLE,0.8,0.8,25.0,25.0,,0.736111,0.373335,1.0,1348,2000
2000,0.351,206048.38,480104.67,47325.1,50000.0,577429.76,0.8,D1_oracle,D1_cost_aware_topk,full_true_decision_economics,False,True,ORACLE,0.8,0.8,25.0,25.0,,1.0,1.0,1.0,1348,2000
1547,0.3723,186674.76,499478.29,35729.29,38675.0,573882.58,0.8,D2_oracle,D2_cost_aware_abstention,full_true_decision_economics_plus_abstention,False,True,ORACLE,0.8,0.8,25.0,25.0,0.98453,0.7735,1.0,0.7735,1348,2000
2000,0.351,206048.38,480104.67,47325.1,50000.0,577429.76,0.8,D1_est,D1_cost_aware_topk,full_estimated_decision_economics,True,False,ORACLE,0.8,0.8,25.0,25.0,,1.0,1.0,1.0,1348,2000
1547,0.3723,186674.76,499478.29,35729.29,38675.0,573882.58,0.8,D2_est,D2_cost_aware_abstention,full_estimated_decision_economics_plus_abstention,True,False,ORACLE,0.8,0.8,25.0,25.0,0.98453,0.7735,1.0,0.7735,1348,2000
2000,0.523,106756.95,579396.09,41967.11,50000.0,671363.2,0.8,B_topk_probability,B_topk_probability,probability_only,True,False,VALUE_NOISE_LOW,0.8,0.8,25.0,25.0,,0.255099,1.0,1.0,1348,2000
2000,0.329,213685.03,472468.01,56858.46,50000.0,579326.47,0.8,C_oracle,C_expected_exposure,probability_plus_true_exposure,False,True,VALUE_NOISE_LOW,0.8,0.8,25.0,25.0,,0.736111,0.373335,1.0,1348,2000
2000,0.324,208957.77,477195.27,57654.15,50000.0,584849.42,0.8,C_est,C_expected_exposure,probability_plus_estimated_exposure,True,False,VALUE_NOISE_LOW,0.8,0.8,25.0,25.0,,0.682086,0.371294,1.0,1348,2000
2000,0.351,206048.38,480104.67,47325.1,50000.0,577429.76,0.8,D1_oracle,D1_cost_aware_topk,full_true_decision_economics,False,True,VALUE_NOISE_LOW,0.8,0.8,25.0,25.0,,1.0,1.0,1.0,1348,2000
1547,0.3723,186674.76,499478.29,35729.29,38675.0,573882.58,0.8,D2_oracle,D2_cost_aware_abstention,full_true_decision_economics_plus_abstention,False,True,VALUE_NOISE_LOW,0.8,0.8,25.0,25.0,0.98453,0.7735,1.0,0.7735,1348,2000
2000,0.349,204697.43,481455.62,48107.17,50000.0,579562.78,0.8,D1_est,D1_cost_aware_topk,full_estimated_decision_economics,True,False,VALUE_NOISE_LOW,0.8,0.8,25.0,25.0,,0.822323,0.998196,1.0,1348,2000
1533,0.3679,181697.71,504455.33,36248.88,38325.0,579029.21,0.8,D2_est,D2_cost_aware_abstention,full_estimated_decision_economics_plus_abstention,True,False,VALUE_NOISE_LOW,0.8,0.8,25.0,25.0,0.98467,0.72594,0.998196,0.7665,1348,2000
2000,0.523,106756.95,579396.09,41967.11,50000.0,671363.2,0.8,B_topk_probability,B_topk_probability,probability_only,True,False,VALUE_NOISE_HIGH,0.8,0.8,25.0,25.0,,0.255099,1.0,1.0,1348,2000
2000,0.329,213685.03,472468.01,56858.46,50000.0,579326.47,0.8,C_oracle,C_expected_exposure,probability_plus_true_exposure,False,True,VALUE_NOISE_HIGH,0.8,0.8,25.0,25.0,,0.736111,0.373335,1.0,1348,2000
2000,0.3045,192797.68,493355.37,60158.19,50000.0,603513.56,0.8,C_est,C_expected_exposure,probability_plus_estimated_exposure,True,False,VALUE_NOISE_HIGH,0.8,0.8,25.0,25.0,,0.516875,0.362509,1.0,1348,2000
2000,0.351,206048.38,480104.67,47325.1,50000.0,577429.76,0.8,D1_oracle,D1_cost_aware_topk,full_true_decision_economics,False,True,VALUE_NOISE_HIGH,0.8,0.8,25.0,25.0,,1.0,1.0,1.0,1348,2000
1547,0.3723,186674.76,499478.29,35729.29,38675.0,573882.58,0.8,D2_oracle,D2_cost_aware_abstention,full_true_decision_economics_plus_abstention,False,True,VALUE_NOISE_HIGH,0.8,0.8,25.0,25.0,0.98453,0.7735,1.0,0.7735,1348,2000
2000,0.3365,191907.14,494245.9,49721.22,50000.0,593967.13,0.8,D1_est,D1_cost_aware_topk,full_estimated_decision_economics,True,False,VALUE_NOISE_HIGH,0.8,0.8,25.0,25.0,,0.614205,0.990577,1.0,1348,2000
1547,0.3523,172321.99,513831.06,38116.55,38675.0,590622.61,0.8,D2_est,D2_cost_aware_abstention,full_estimated_decision_economics_plus_abstention,True,False,VALUE_NOISE_HIGH,0.8,0.8,25.0,25.0,0.98453,0.569469,0.990577,0.7735,1348,2000
2000,0.523,106756.95,579396.09,41967.11,50000.0,671363.2,0.8,B_topk_probability,B_topk_probability,probability_only,True,False,FP_COST_NOISE_LOW,0.8,0.8,25.0,25.0,,0.255099,1.0,1.0,1348,2000
2000,0.329,213685.03,472468.01,56858.46,50000.0,579326.47,0.8,C_oracle,C_expected_exposure,probability_plus_true_exposure,False,True,FP_COST_NOISE_LOW,0.8,0.8,25.0,25.0,,0.736111,0.373335,1.0,1348,2000
2000,0.329,213685.03,472468.01,56858.46,50000.0,579326.47,0.8,C_est,C_expected_exposure,probability_plus_estimated_exposure,True,False,FP_COST_NOISE_LOW,0.8,0.8,25.0,25.0,,0.736111,0.373335,1.0,1348,2000
2000,0.351,206048.38,480104.67,47325.1,50000.0,577429.76,0.8,D1_oracle,D1_cost_aware_topk,full_true_decision_economics,False,True,FP_COST_NOISE_LOW,0.8,0.8,25.0,25.0,,1.0,1.0,1.0,1348,2000
1547,0.3723,186674.76,499478.29,35729.29,38675.0,573882.58,0.8,D2_oracle,D2_cost_aware_abstention,full_true_decision_economics_plus_abstention,False,True,FP_COST_NOISE_LOW,0.8,0.8,25.0,25.0,0.98453,0.7735,1.0,0.7735,1348,2000
2000,0.352,205916.53,480236.52,47183.76,50000.0,577420.28,0.8,D1_est,D1_cost_aware_topk,full_estimated_decision_economics,True,False,FP_COST_NOISE_LOW,0.8,0.8,25.0,25.0,,0.890359,0.91114,1.0,1348,2000
1580,0.369,188918.3,497234.74,36879.72,39500.0,573614.46,0.8,D2_est,D2_cost_aware_abstention,full_estimated_decision_economics_plus_abstention,True,False,FP_COST_NOISE_LOW,0.8,0.8,25.0,25.0,0.9842,0.781981,0.91114,0.79,1348,2000
2000,0.523,106756.95,579396.09,41967.11,50000.0,671363.2,0.8,B_topk_probability,B_topk_probability,probability_only,True,False,FP_COST_NOISE_HIGH,0.8,0.8,25.0,25.0,,0.255099,1.0,1.0,1348,2000
2000,0.329,213685.03,472468.01,56858.46,50000.0,579326.47,0.8,C_oracle,C_expected_exposure,probability_plus_true_exposure,False,True,FP_COST_NOISE_HIGH,0.8,0.8,25.0,25.0,,0.736111,0.373335,1.0,1348,2000
2000,0.329,213685.03,472468.01,56858.46,50000.0,579326.47,0.8,C_est,C_expected_exposure,probability_plus_estimated_exposure,True,False,FP_COST_NOISE_HIGH,0.8,0.8,25.0,25.0,,0.736111,0.373335,1.0,1348,2000
2000,0.351,206048.38,480104.67,47325.1,50000.0,577429.76,0.8,D1_oracle,D1_cost_aware_topk,full_true_decision_economics,False,True,FP_COST_NOISE_HIGH,0.8,0.8,25.0,25.0,,1.0,1.0,1.0,1348,2000
1547,0.3723,186674.76,499478.29,35729.29,38675.0,573882.58,0.8,D2_oracle,D2_cost_aware_abstention,full_true_decision_economics_plus_abstention,False,True,FP_COST_NOISE_HIGH,0.8,0.8,25.0,25.0,0.98453,0.7735,1.0,0.7735,1348,2000
2000,0.348,203997.43,482155.61,48791.71,50000.0,580947.32,0.8,D1_est,D1_cost_aware_topk,full_estimated_decision_economics,True,False,FP_COST_NOISE_HIGH,0.8,0.8,25.0,25.0,,0.775411,0.694506,1.0,1348,2000
1692,0.3587,191935.21,494217.83,40575.04,42300.0,577092.87,0.8,D2_est,D2_cost_aware_abstention,full_estimated_decision_economics_plus_abstention,True,False,FP_COST_NOISE_HIGH,0.8,0.8,25.0,25.0,0.98308,0.76145,0.694506,0.846,1348,2000
2000,0.523,106756.95,579396.09,41967.11,50000.0,671363.2,0.8,B_topk_probability,B_topk_probability,probability_only,True,False,REVIEW_EFFECTIVENESS_OPTIMISM,0.8,1.0,25.0,25.0,,0.255099,1.0,1.0,1348,2000
2000,0.329,213685.03,472468.01,56858.46,50000.0,579326.47,0.8,C_oracle,C_expected_exposure,probability_plus_true_exposure,False,True,REVIEW_EFFECTIVENESS_OPTIMISM,0.8,1.0,25.0,25.0,,0.736111,0.373335,1.0,1348,2000
2000,0.329,213685.03,472468.01,56858.46,50000.0,579326.47,0.8,C_est,C_expected_exposure,probability_plus_estimated_exposure,True,False,REVIEW_EFFECTIVENESS_OPTIMISM,0.8,1.0,25.0,25.0,,0.736111,0.373335,1.0,1348,2000
2000,0.351,206048.38,480104.67,47325.1,50000.0,577429.76,0.8,D1_oracle,D1_cost_aware_topk,full_true_decision_economics,False,True,REVIEW_EFFECTIVENESS_OPTIMISM,0.8,1.0,25.0,25.0,,1.0,1.0,1.0,1348,2000
1547,0.3723,186674.76,499478.29,35729.29,38675.0,573882.58,0.8,D2_oracle,D2_cost_aware_abstention,full_true_decision_economics_plus_abstention,False,True,REVIEW_EFFECTIVENESS_OPTIMISM,0.8,1.0,25.0,25.0,0.98453,0.7735,1.0,0.7735,1348,2000
2000,0.344,207523.15,478629.9,49052.54,50000.0,577682.44,0.8,D1_est,D1_cost_aware_topk,full_estimated_decision_economics,True,False,REVIEW_EFFECTIVENESS_OPTIMISM,0.8,1.0,25.0,25.0,,0.943635,0.998268,1.0,1348,2000
2000,0.344,207523.15,478629.9,49052.54,50000.0,577682.44,0.8,D2_est,D2_cost_aware_abstention,full_estimated_decision_economics_plus_abstention,True,False,REVIEW_EFFECTIVENESS_OPTIMISM,0.8,1.0,25.0,25.0,0.979,0.943635,0.998268,1.0,1348,2000
2000,0.523,106756.95,579396.09,41967.11,50000.0,671363.2,0.8,B_topk_probability,B_topk_probability,probability_only,True,False,REVIEW_EFFECTIVENESS_PESSIMISM,0.8,0.6,25.0,25.0,,0.255099,1.0,1.0,1348,2000
2000,0.329,213685.03,472468.01,56858.46,50000.0,579326.47,0.8,C_oracle,C_expected_exposure,probability_plus_true_exposure,False,True,REVIEW_EFFECTIVENESS_PESSIMISM,0.8,0.6,25.0,25.0,,0.736111,0.373335,1.0,1348,2000
2000,0.329,213685.03,472468.01,56858.46,50000.0,579326.47,0.8,C_est,C_expected_exposure,probability_plus_estimated_exposure,True,False,REVIEW_EFFECTIVENESS_PESSIMISM,0.8,0.6,25.0,25.0,,0.736111,0.373335,1.0,1348,2000
2000,0.351,206048.38,480104.67,47325.1,50000.0,577429.76,0.8,D1_oracle,D1_cost_aware_topk,full_true_decision_economics,False,True,REVIEW_EFFECTIVENESS_PESSIMISM,0.8,0.6,25.0,25.0,,1.0,1.0,1.0,1348,2000
1547,0.3723,186674.76,499478.29,35729.29,38675.0,573882.58,0.8,D2_oracle,D2_cost_aware_abstention,full_true_decision_economics_plus_abstention,False,True,REVIEW_EFFECTIVENESS_PESSIMISM,0.8,0.6,25.0,25.0,0.98453,0.7735,1.0,0.7735,1348,2000
2000,0.361,203671.32,482481.72,44896.58,50000.0,577378.3,0.8,D1_est,D1_cost_aware_topk,full_estimated_decision_economics,True,False,REVIEW_EFFECTIVENESS_PESSIMISM,0.8,0.6,25.0,25.0,,0.916627,0.997629,1.0,1348,2000
1043,0.4084,155583.47,530569.57,22852.17,26075.0,579496.75,0.8,D2_est,D2_cost_aware_abstention,full_estimated_decision_economics_plus_abstention,True,False,REVIEW_EFFECTIVENESS_PESSIMISM,0.8,0.6,25.0,25.0,0.98957,0.5215,0.997629,0.5215,1348,2000
2000,0.523,106756.95,579396.09,41967.11,50000.0,671363.2,0.8,B_topk_probability,B_topk_probability,probability_only,True,False,JOINT_MODERATE_MISSPECIFICATION,0.8,0.9,25.0,25.0,,0.255099,1.0,1.0,1348,2000
2000,0.329,213685.03,472468.01,56858.46,50000.0,579326.47,0.8,C_oracle,C_expected_exposure,probability_plus_true_exposure,False,True,JOINT_MODERATE_MISSPECIFICATION,0.8,0.9,25.0,25.0,,0.736111,0.373335,1.0,1348,2000
2000,0.3165,204209.25,481943.8,58625.38,50000.0,590569.18,0.8,C_est,C_expected_exposure,probability_plus_estimated_exposure,True,False,JOINT_MODERATE_MISSPECIFICATION,0.8,0.9,25.0,25.0,,0.625356,0.368981,1.0,1348,2000
2000,0.351,206048.38,480104.67,47325.1,50000.0,577429.76,0.8,D1_oracle,D1_cost_aware_topk,full_true_decision_economics,False,True,JOINT_MODERATE_MISSPECIFICATION,0.8,0.9,25.0,25.0,,1.0,1.0,1.0,1348,2000
1547,0.3723,186674.76,499478.29,35729.29,38675.0,573882.58,0.8,D2_oracle,D2_cost_aware_abstention,full_true_decision_economics_plus_abstention,False,True,JOINT_MODERATE_MISSPECIFICATION,0.8,0.9,25.0,25.0,0.98453,0.7735,1.0,0.7735,1348,2000
2000,0.3405,199103.67,487049.37,50120.76,50000.0,587170.13,0.8,D1_est,D1_cost_aware_topk,full_estimated_decision_economics,True,False,JOINT_MODERATE_MISSPECIFICATION,0.8,0.9,25.0,25.0,,0.705757,0.833539,1.0,1348,2000
1900,0.3426,195766.79,490386.25,47506.37,47500.0,585392.62,0.8,D2_est,D2_cost_aware_abstention,full_estimated_decision_economics_plus_abstention,True,False,JOINT_MODERATE_MISSPECIFICATION,0.8,0.9,25.0,25.0,0.981,0.699346,0.833539,0.95,1348,2000
2000,0.509,97658.14,581209.54,42063.03,50000.0,673272.57,0.8,B_topk_probability,B_topk_probability,probability_only,True,False,ORACLE,0.8,0.8,25.0,25.0,,0.255099,1.0,1.0,1365,2000
2000,0.2955,205192.79,473674.89,59838.54,50000.0,583513.43,0.8,C_oracle,C_expected_exposure,probability_plus_true_exposure,False,True,ORACLE,0.8,0.8,25.0,25.0,,0.72637,0.37082,1.0,1365,2000
2000,0.2955,205192.79,473674.89,59838.54,50000.0,583513.43,0.8,C_est,C_expected_exposure,probability_plus_estimated_exposure,True,False,ORACLE,0.8,0.8,25.0,25.0,,0.72637,0.37082,1.0,1365,2000
2000,0.335,203323.71,475543.96,49271.43,50000.0,574815.4,0.8,D1_oracle,D1_cost_aware_topk,full_true_decision_economics,False,True,ORACLE,0.8,0.8,25.0,25.0,,1.0,1.0,1.0,1365,2000
1514,0.3408,179604.47,499263.21,37658.06,37850.0,574771.27,0.8,D2_oracle,D2_cost_aware_abstention,full_true_decision_economics_plus_abstention,False,True,ORACLE,0.8,0.8,25.0,25.0,0.98486,0.757,1.0,0.757,1365,2000
2000,0.335,203323.71,475543.96,49271.43,50000.0,574815.4,0.8,D1_est,D1_cost_aware_topk,full_estimated_decision_economics,True,False,ORACLE,0.8,0.8,25.0,25.0,,1.0,1.0,1.0,1365,2000
1514,0.3408,179604.47,499263.21,37658.06,37850.0,574771.27,0.8,D2_est,D2_cost_aware_abstention,full_estimated_decision_economics_plus_abstention,True,False,ORACLE,0.8,0.8,25.0,25.0,0.98486,0.757,1.0,0.757,1365,2000
2000,0.509,97658.14,581209.54,42063.03,50000.0,673272.57,0.8,B_topk_probability,B_topk_probability,probability_only,True,False,VALUE_NOISE_LOW,0.8,0.8,25.0,25.0,,0.255099,1.0,1.0,1365,2000
2000,0.2955,205192.79,473674.89,59838.54,50000.0,583513.43,0.8,C_oracle,C_expected_exposure,probability_plus_true_exposure,False,True,VALUE_NOISE_LOW,0.8,0.8,25.0,25.0,,0.72637,0.37082,1.0,1365,2000
2000,0.2965,205183.04,473684.64,59794.8,50000.0,583479.44,0.8,C_est,C_expected_exposure,probability_plus_estimated_exposure,True,False,VALUE_NOISE_LOW,0.8,0.8,25.0,25.0,,0.665973,0.369044,1.0,1365,2000
2000,0.335,203323.71,475543.96,49271.43,50000.0,574815.4,0.8,D1_oracle,D1_cost_aware_topk,full_true_decision_economics,False,True,VALUE_NOISE_LOW,0.8,0.8,25.0,25.0,,1.0,1.0,1.0,1365,2000
1514,0.3408,179604.47,499263.21,37658.06,37850.0,574771.27,0.8,D2_oracle,D2_cost_aware_abstention,full_true_decision_economics_plus_abstention,False,True,VALUE_NOISE_LOW,0.8,0.8,25.0,25.0,0.98486,0.757,1.0,0.757,1365,2000
2000,0.329,199323.28,479544.4,50024.42,50000.0,579568.82,0.8,D1_est,D1_cost_aware_topk,full_estimated_decision_economics,True,False,VALUE_NOISE_LOW,0.8,0.8,25.0,25.0,,0.801802,0.998241,1.0,1365,2000
1512,0.3353,178030.59,500837.09,38230.58,37800.0,576867.67,0.8,D2_est,D2_cost_aware_abstention,full_estimated_decision_economics_plus_abstention,True,False,VALUE_NOISE_LOW,0.8,0.8,25.0,25.0,0.98488,0.708171,0.998241,0.756,1365,2000
2000,0.509,97658.14,581209.54,42063.03,50000.0,673272.57,0.8,B_topk_probability,B_topk_probability,probability_only,True,False,VALUE_NOISE_HIGH,0.8,0.8,25.0,25.0,,0.255099,1.0,1.0,1365,2000
2000,0.2955,205192.79,473674.89,59838.54,50000.0,583513.43,0.8,C_oracle,C_expected_exposure,probability_plus_true_exposure,False,True,VALUE_NOISE_HIGH,0.8,0.8,25.0,25.0,,0.72637,0.37082,1.0,1365,2000
2000,0.2915,196985.57,481882.1,60463.25,50000.0,592345.36,0.8,C_est,C_expected_exposure,probability_plus_estimated_exposure,True,False,VALUE_NOISE_HIGH,0.8,0.8,25.0,25.0,,0.526718,0.36069,1.0,1365,2000
2000,0.335,203323.71,475543.96,49271.43,50000.0,574815.4,0.8,D1_oracle,D1_cost_aware_topk,full_true_decision_economics,False,True,VALUE_NOISE_HIGH,0.8,0.8,25.0,25.0,,1.0,1.0,1.0,1365,2000
1514,0.3408,179604.47,499263.21,37658.06,37850.0,574771.27,0.8,D2_oracle,D2_cost_aware_abstention,full_true_decision_economics_plus_abstention,False,True,VALUE_NOISE_HIGH,0.8,0.8,25.0,25.0,0.98486,0.757,1.0,0.757,1365,2000
2000,0.329,194680.96,484186.72,50298.87,50000.0,584485.59,0.8,D1_est,D1_cost_aware_topk,full_estimated_decision_economics,True,False,VALUE_NOISE_HIGH,0.8,0.8,25.0,25.0,,0.607717,0.990992,1.0,1365,2000
1535,0.3316,174733.71,504133.97,39164.54,38375.0,581673.5,0.8,D2_est,D2_cost_aware_abstention,full_estimated_decision_economics_plus_abstention,True,False,VALUE_NOISE_HIGH,0.8,0.8,25.0,25.0,0.98465,0.561396,0.990992,0.7675,1365,2000
2000,0.509,97658.14,581209.54,42063.03,50000.0,673272.57,0.8,B_topk_probability,B_topk_probability,probability_only,True,False,FP_COST_NOISE_LOW,0.8,0.8,25.0,25.0,,0.255099,1.0,1.0,1365,2000
2000,0.2955,205192.79,473674.89,59838.54,50000.0,583513.43,0.8,C_oracle,C_expected_exposure,probability_plus_true_exposure,False,True,FP_COST_NOISE_LOW,0.8,0.8,25.0,25.0,,0.72637,0.37082,1.0,1365,2000
2000,0.2955,205192.79,473674.89,59838.54,50000.0,583513.43,0.8,C_est,C_expected_exposure,probability_plus_estimated_exposure,True,False,FP_COST_NOISE_LOW,0.8,0.8,25.0,25.0,,0.72637,0.37082,1.0,1365,2000
2000,0.335,203323.71,475543.96,49271.43,50000.0,574815.4,0.8,D1_oracle,D1_cost_aware_topk,full_true_decision_economics,False,True,FP_COST_NOISE_LOW,0.8,0.8,25.0,25.0,,1.0,1.0,1.0,1365,2000
1514,0.3408,179604.47,499263.21,37658.06,37850.0,574771.27,0.8,D2_oracle,D2_cost_aware_abstention,full_true_decision_economics_plus_abstention,False,True,FP_COST_NOISE_LOW,0.8,0.8,25.0,25.0,0.98486,0.757,1.0,0.757,1365,2000
2000,0.338,203983.32,474884.36,49171.15,50000.0,574055.51,0.8,D1_est,D1_cost_aware_topk,full_estimated_decision_economics,True,False,FP_COST_NOISE_LOW,0.8,0.8,25.0,25.0,,0.885014,0.910423,1.0,1365,2000
1548,0.3359,179850.69,499016.99,38570.81,38700.0,576287.8,0.8,D2_est,D2_cost_aware_abstention,full_estimated_decision_economics_plus_abstention,True,False,FP_COST_NOISE_LOW,0.8,0.8,25.0,25.0,0.98452,0.768694,0.910423,0.774,1365,2000
2000,0.509,97658.14,581209.54,42063.03,50000.0,673272.57,0.8,B_topk_probability,B_topk_probability,probability_only,True,False,FP_COST_NOISE_HIGH,0.8,0.8,25.0,25.0,,0.255099,1.0,1.0,1365,2000
2000,0.2955,205192.79,473674.89,59838.54,50000.0,583513.43,0.8,C_oracle,C_expected_exposure,probability_plus_true_exposure,False,True,FP_COST_NOISE_HIGH,0.8,0.8,25.0,25.0,,0.72637,0.37082,1.0,1365,2000
2000,0.2955,205192.79,473674.89,59838.54,50000.0,583513.43,0.8,C_est,C_expected_exposure,probability_plus_estimated_exposure,True,False,FP_COST_NOISE_HIGH,0.8,0.8,25.0,25.0,,0.72637,0.37082,1.0,1365,2000
2000,0.335,203323.71,475543.96,49271.43,50000.0,574815.4,0.8,D1_oracle,D1_cost_aware_topk,full_true_decision_economics,False,True,FP_COST_NOISE_HIGH,0.8,0.8,25.0,25.0,,1.0,1.0,1.0,1365,2000
1514,0.3408,179604.47,499263.21,37658.06,37850.0,574771.27,0.8,D2_oracle,D2_cost_aware_abstention,full_true_decision_economics_plus_abstention,False,True,FP_COST_NOISE_HIGH,0.8,0.8,25.0,25.0,0.98486,0.757,1.0,0.757,1365,2000
2000,0.3265,201303.34,477564.33,51024.02,50000.0,578588.35,0.8,D1_est,D1_cost_aware_topk,full_estimated_decision_economics,True,False,FP_COST_NOISE_HIGH,0.8,0.8,25.0,25.0,,0.771479,0.692046,1.0,1365,2000
1678,0.3319,186360.72,492506.96,42671.28,41950.0,577128.24,0.8,D2_est,D2_cost_aware_abstention,full_estimated_decision_economics_plus_abstention,True,False,FP_COST_NOISE_HIGH,0.8,0.8,25.0,25.0,0.98322,0.753098,0.692046,0.839,1365,2000
2000,0.509,97658.14,581209.54,42063.03,50000.0,673272.57,0.8,B_topk_probability,B_topk_probability,probability_only,True,False,REVIEW_EFFECTIVENESS_OPTIMISM,0.8,1.0,25.0,25.0,,0.255099,1.0,1.0,1365,2000
2000,0.2955,205192.79,473674.89,59838.54,50000.0,583513.43,0.8,C_oracle,C_expected_exposure,probability_plus_true_exposure,False,True,REVIEW_EFFECTIVENESS_OPTIMISM,0.8,1.0,25.0,25.0,,0.72637,0.37082,1.0,1365,2000
2000,0.2955,205192.79,473674.89,59838.54,50000.0,583513.43,0.8,C_est,C_expected_exposure,probability_plus_estimated_exposure,True,False,REVIEW_EFFECTIVENESS_OPTIMISM,0.8,1.0,25.0,25.0,,0.72637,0.37082,1.0,1365,2000
2000,0.335,203323.71,475543.96,49271.43,50000.0,574815.4,0.8,D1_oracle,D1_cost_aware_topk,full_true_decision_economics,False,True,REVIEW_EFFECTIVENESS_OPTIMISM,0.8,1.0,25.0,25.0,,1.0,1.0,1.0,1365,2000
1514,0.3408,179604.47,499263.21,37658.06,37850.0,574771.27,0.8,D2_oracle,D2_cost_aware_abstention,full_true_decision_economics_plus_abstention,False,True,REVIEW_EFFECTIVENESS_OPTIMISM,0.8,1.0,25.0,25.0,0.98486,0.757,1.0,0.757,1365,2000
2000,0.33,204459.78,474407.89,50767.63,50000.0,575175.52,0.8,D1_est,D1_cost_aware_topk,full_estimated_decision_economics,True,False,REVIEW_EFFECTIVENESS_OPTIMISM,0.8,1.0,25.0,25.0,,0.949318,0.998302,1.0,1365,2000
2000,0.33,204459.78,474407.89,50767.63,50000.0,575175.52,0.8,D2_est,D2_cost_aware_abstention,full_estimated_decision_economics_plus_abstention,True,False,REVIEW_EFFECTIVENESS_OPTIMISM,0.8,1.0,25.0,25.0,0.97917,0.949318,0.998302,1.0,1365,2000
2000,0.509,97658.14,581209.54,42063.03,50000.0,673272.57,0.8,B_topk_probability,B_topk_probability,probability_only,True,False,REVIEW_EFFECTIVENESS_PESSIMISM,0.8,0.6,25.0,25.0,,0.255099,1.0,1.0,1365,2000
2000,0.2955,205192.79,473674.89,59838.54,50000.0,583513.43,0.8,C_oracle,C_expected_exposure,probability_plus_true_exposure,False,True,REVIEW_EFFECTIVENESS_PESSIMISM,0.8,0.6,25.0,25.0,,0.72637,0.37082,1.0,1365,2000
2000,0.2955,205192.79,473674.89,59838.54,50000.0,583513.43,0.8,C_est,C_expected_exposure,probability_plus_estimated_exposure,True,False,REVIEW_EFFECTIVENESS_PESSIMISM,0.8,0.6,25.0,25.0,,0.72637,0.37082,1.0,1365,2000
2000,0.335,203323.71,475543.96,49271.43,50000.0,574815.4,0.8,D1_oracle,D1_cost_aware_topk,full_true_decision_economics,False,True,REVIEW_EFFECTIVENESS_PESSIMISM,0.8,0.6,25.0,25.0,,1.0,1.0,1.0,1365,2000
1514,0.3408,179604.47,499263.21,37658.06,37850.0,574771.27,0.8,D2_oracle,D2_cost_aware_abstention,full_true_decision_economics_plus_abstention,False,True,REVIEW_EFFECTIVENESS_PESSIMISM,0.8,0.6,25.0,25.0,0.98486,0.757,1.0,0.757,1365,2000
2000,0.3475,199382.0,479485.68,46756.49,50000.0,576242.17,0.8,D1_est,D1_cost_aware_topk,full_estimated_decision_economics,True,False,REVIEW_EFFECTIVENESS_PESSIMISM,0.8,0.6,25.0,25.0,,0.91022,0.997627,1.0,1365,2000
1005,0.3582,149762.01,529105.67,24282.33,25125.0,578513.0,0.8,D2_est,D2_cost_aware_abstention,full_estimated_decision_economics_plus_abstention,True,False,REVIEW_EFFECTIVENESS_PESSIMISM,0.8,0.6,25.0,25.0,0.98995,0.5025,0.997627,0.5025,1365,2000
2000,0.509,97658.14,581209.54,42063.03,50000.0,673272.57,0.8,B_topk_probability,B_topk_probability,probability_only,True,False,JOINT_MODERATE_MISSPECIFICATION,0.8,0.9,25.0,25.0,,0.255099,1.0,1.0,1365,2000
2000,0.2955,205192.79,473674.89,59838.54,50000.0,583513.43,0.8,C_oracle,C_expected_exposure,probability_plus_true_exposure,False,True,JOINT_MODERATE_MISSPECIFICATION,0.8,0.9,25.0,25.0,,0.72637,0.37082,1.0,1365,2000
2000,0.296,202083.37,476784.3,59708.11,50000.0,586492.41,0.8,C_est,C_expected_exposure,probability_plus_estimated_exposure,True,False,JOINT_MODERATE_MISSPECIFICATION,0.8,0.9,25.0,25.0,,0.624036,0.366872,1.0,1365,2000
2000,0.335,203323.71,475543.96,49271.43,50000.0,574815.4,0.8,D1_oracle,D1_cost_aware_topk,full_true_decision_economics,False,True,JOINT_MODERATE_MISSPECIFICATION,0.8,0.9,25.0,25.0,,1.0,1.0,1.0,1365,2000
1514,0.3408,179604.47,499263.21,37658.06,37850.0,574771.27,0.8,D2_oracle,D2_cost_aware_abstention,full_true_decision_economics_plus_abstention,False,True,JOINT_MODERATE_MISSPECIFICATION,0.8,0.9,25.0,25.0,0.98486,0.757,1.0,0.757,1365,2000
2000,0.327,199258.57,479609.11,51113.4,50000.0,580722.51,0.8,D1_est,D1_cost_aware_topk,full_estimated_decision_economics,True,False,JOINT_MODERATE_MISSPECIFICATION,0.8,0.9,25.0,25.0,,0.695634,0.831746,1.0,1365,2000
1838,0.327,192986.22,485881.45,47315.62,45950.0,579147.07,0.8,D2_est,D2_cost_aware_abstention,full_estimated_decision_economics_plus_abstention,True,False,JOINT_MODERATE_MISSPECIFICATION,0.8,0.9,25.0,25.0,0.98162,0.689261,0.831746,0.919,1365,2000
