prevalence,calibration,fp_cost_regime,capacity,comparison,left_policy,right_policy,n_seeds,df,mean_paired_delta,sd_paired_delta,se_paired_delta,t_crit,ci95_low,ci95_high,interval_method,zero_status,ref_mean_cost_right,practical_band_abs,mean_abs_within_1pct_band,ci_within_1pct_practical_band,practical_band_note
baseline,calibrated_by_construction_T1.0,baseline,500,delta_B_D1,B_topk_probability,D1_cost_aware_topk,10,9,66744.37100000001,9620.448179807694,3042.252835981342,2.2621571627409915,59862.31695621573,73626.4250437843,student_t_df_n_minus_1,excludes_0_positive,568715.212,5687.152120000001,False,False,project pre-specified 1% band of |mean cost of right policy|; not an industry standard
baseline,calibrated_by_construction_T1.0,baseline,1000,delta_B_D1,B_topk_probability,D1_cost_aware_topk,10,9,83007.78600000002,11647.349102121589,3683.215186582133,2.2621571627409915,74675.77438375686,91339.79761624319,student_t_df_n_minus_1,excludes_0_positive,545664.851,5456.64851,False,False,project pre-specified 1% band of |mean cost of right policy|; not an industry standard
baseline,calibrated_by_construction_T1.0,baseline,2000,delta_B_D1,B_topk_probability,D1_cost_aware_topk,10,9,93666.03900000002,11362.76178908048,3593.2207763424085,2.2621571627409915,85537.6088834873,101794.46911651274,student_t_df_n_minus_1,excludes_0_positive,528609.469,5286.094690000001,False,False,project pre-specified 1% band of |mean cost of right policy|; not an industry standard
baseline,calibrated_by_construction_T1.0,baseline,5000,delta_B_D1,B_topk_probability,D1_cost_aware_topk,10,9,114891.552,14453.598956284452,4570.629308849132,2.2621571627409915,104552.07017075302,125231.03382924697,student_t_df_n_minus_1,excludes_0_positive,582513.95,5825.139499999999,False,False,project pre-specified 1% band of |mean cost of right policy|; not an industry standard
baseline,calibrated_by_construction_T1.0,baseline,10000,delta_B_D1,B_topk_probability,D1_cost_aware_topk,10,9,129302.18800000001,10697.311793901867,3382.7870109711603,2.2621571627409915,121649.7921331044,136954.5838668956,student_t_df_n_minus_1,excludes_0_positive,746777.587,7467.77587,False,False,project pre-specified 1% band of |mean cost of right policy|; not an industry standard
baseline,calibrated_by_construction_T1.0,high,500,delta_B_D1,B_topk_probability,D1_cost_aware_topk,10,9,58861.68999999999,12997.834938053704,4110.276305516328,2.2621571627409915,49563.59901463165,68159.78098536833,student_t_df_n_minus_1,excludes_0_positive,593192.9800000001,5931.929800000001,False,False,project pre-specified 1% band of |mean cost of right policy|; not an industry standard
baseline,calibrated_by_construction_T1.0,high,1000,delta_B_D1,B_topk_probability,D1_cost_aware_topk,10,9,68801.47300000001,13722.627075558315,4339.47570398598,2.2621571627409915,58984.896953687625,78618.0490463124,student_t_df_n_minus_1,excludes_0_positive,590432.626,5904.326260000001,False,False,project pre-specified 1% band of |mean cost of right policy|; not an industry standard
baseline,calibrated_by_construction_T1.0,high,2000,delta_B_D1,B_topk_probability,D1_cost_aware_topk,10,9,91490.70899999999,6811.475819460792,2153.9777816657966,2.2621571627409915,86618.07273281975,96363.34526718022,student_t_df_n_minus_1,excludes_0_positive,620584.8,6205.848000000001,False,False,project pre-specified 1% band of |mean cost of right policy|; not an industry standard
baseline,calibrated_by_construction_T1.0,high,5000,delta_B_D1,B_topk_probability,D1_cost_aware_topk,10,9,160696.66100000002,12370.340066929344,3911.8450042336476,2.2621571627409915,151847.4528041403,169545.86919585973,student_t_df_n_minus_1,excludes_0_positive,796003.339,7960.0333900000005,False,False,project pre-specified 1% band of |mean cost of right policy|; not an industry standard
baseline,calibrated_by_construction_T1.0,high,10000,delta_B_D1,B_topk_probability,D1_cost_aware_topk,10,9,329354.192,10416.71608372045,3294.0548563865827,2.2621571627409915,321902.5222121633,336805.86178783665,student_t_df_n_minus_1,excludes_0_positive,1183311.3220000002,11833.113220000001,False,False,project pre-specified 1% band of |mean cost of right policy|; not an industry standard
baseline,calibrated_by_construction_T1.0,low,500,delta_B_D1,B_topk_probability,D1_cost_aware_topk,10,9,68418.028,11072.071385772397,3501.29639950176,2.2621571627409915,60497.54527098786,76338.51072901215,student_t_df_n_minus_1,excludes_0_positive,566432.2950000002,5664.322950000002,False,False,project pre-specified 1% band of |mean cost of right policy|; not an industry standard
baseline,calibrated_by_construction_T1.0,low,1000,delta_B_D1,B_topk_probability,D1_cost_aware_topk,10,9,83594.47699999997,5765.072326280554,1823.0759426651946,2.2621571627409915,79470.39269807911,87718.56130192082,student_t_df_n_minus_1,excludes_0_positive,527050.215,5270.502149999999,False,False,project pre-specified 1% band of |mean cost of right policy|; not an industry standard
baseline,calibrated_by_construction_T1.0,low,2000,delta_B_D1,B_topk_probability,D1_cost_aware_topk,10,9,105527.595,11559.107774237056,3655.310828594848,2.2621571627409915,97258.70742704946,113796.48257295054,student_t_df_n_minus_1,excludes_0_positive,491772.745,4917.72745,False,False,project pre-specified 1% band of |mean cost of right policy|; not an industry standard
baseline,calibrated_by_construction_T1.0,low,5000,delta_B_D1,B_topk_probability,D1_cost_aware_topk,10,9,109188.14199999999,10363.76575829869,3277.310493268595,2.2621571627409915,101774.35059312623,116601.93340687375,student_t_df_n_minus_1,excludes_0_positive,493169.02800000005,4931.690280000001,False,False,project pre-specified 1% band of |mean cost of right policy|; not an industry standard
baseline,calibrated_by_construction_T1.0,low,10000,delta_B_D1,B_topk_probability,D1_cost_aware_topk,10,9,105180.357,9565.949803379624,3025.0189361519483,2.2621571627409915,98337.28874615674,112023.42525384326,student_t_df_n_minus_1,excludes_0_positive,582074.466,5820.74466,False,False,project pre-specified 1% band of |mean cost of right policy|; not an industry standard
baseline,temperature_T1.5,baseline,500,delta_B_D1,B_topk_probability,D1_cost_aware_topk,10,9,59072.994000000006,7539.578113564316,2384.2239435618885,2.2621571627409915,53679.5047284929,64466.48327150711,student_t_df_n_minus_1,excludes_0_positive,570079.043,5700.79043,False,False,project pre-specified 1% band of |mean cost of right policy|; not an industry standard
baseline,temperature_T1.5,baseline,1000,delta_B_D1,B_topk_probability,D1_cost_aware_topk,10,9,77969.02100000004,10608.922013773168,3354.8357082623425,2.2621571627409915,70379.85537273512,85558.18662726495,student_t_df_n_minus_1,excludes_0_positive,553518.4659999999,5535.184659999999,False,False,project pre-specified 1% band of |mean cost of right policy|; not an industry standard
baseline,temperature_T1.5,baseline,2000,delta_B_D1,B_topk_probability,D1_cost_aware_topk,10,9,77676.65100000001,11640.544449113544,3681.063366362879,2.2621571627409915,69349.50713927876,86003.79486072126,student_t_df_n_minus_1,excludes_0_positive,535302.223,5353.0222300000005,False,False,project pre-specified 1% band of |mean cost of right policy|; not an industry standard
baseline,temperature_T1.5,baseline,5000,delta_B_D1,B_topk_probability,D1_cost_aware_topk,10,9,92886.63200000001,13255.87305122175,4191.875121590659,2.2621571627409915,83403.95166837794,102369.31233162209,student_t_df_n_minus_1,excludes_0_positive,597018.441,5970.18441,False,False,project pre-specified 1% band of |mean cost of right policy|; not an industry standard
baseline,temperature_T1.5,baseline,10000,delta_B_D1,B_topk_probability,D1_cost_aware_topk,10,9,111178.43699999999,8802.431223315545,2783.5731612659365,2.2621571627409915,104881.55703522867,117475.31696477131,student_t_df_n_minus_1,excludes_0_positive,767526.5999999999,7675.265999999999,False,False,project pre-specified 1% band of |mean cost of right policy|; not an industry standard
baseline,temperature_T1.5,high,500,delta_B_D1,B_topk_probability,D1_cost_aware_topk,10,9,53528.52000000002,11075.620577659136,3502.4187525232683,2.2621571627409915,45605.498332061135,61451.5416679389,student_t_df_n_minus_1,excludes_0_positive,598448.977,5984.489769999999,False,False,project pre-specified 1% band of |mean cost of right policy|; not an industry standard
baseline,temperature_T1.5,high,1000,delta_B_D1,B_topk_probability,D1_cost_aware_topk,10,9,63731.15400000002,12995.549531041768,4109.553596362504,2.2621571627409915,54434.69789632058,73027.61010367946,student_t_df_n_minus_1,excludes_0_positive,596370.5990000002,5963.705990000001,False,False,project pre-specified 1% band of |mean cost of right policy|; not an industry standard
baseline,temperature_T1.5,high,2000,delta_B_D1,B_topk_probability,D1_cost_aware_topk,10,9,81497.74499999998,12093.88064639419,3824.420859283506,2.2621571627409915,72846.30395983574,90149.18604016422,student_t_df_n_minus_1,excludes_0_positive,631279.8759999999,6312.79876,False,False,project pre-specified 1% band of |mean cost of right policy|; not an industry standard
baseline,temperature_T1.5,high,5000,delta_B_D1,B_topk_probability,D1_cost_aware_topk,10,9,136182.09799999997,12397.900810464105,3920.560476591408,2.2621571627409915,127313.17403591948,145051.02196408046,student_t_df_n_minus_1,excludes_0_positive,822070.4400000001,8220.7044,False,False,project pre-specified 1% band of |mean cost of right policy|; not an industry standard
baseline,temperature_T1.5,high,10000,delta_B_D1,B_topk_probability,D1_cost_aware_topk,10,9,304828.122,7563.357431608159,2391.743624184297,2.2621571627409915,299417.6220291114,310238.6219708886,student_t_df_n_minus_1,excludes_0_positive,1209859.651,12098.596510000001,False,False,project pre-specified 1% band of |mean cost of right policy|; not an industry standard
baseline,temperature_T1.5,low,500,delta_B_D1,B_topk_probability,D1_cost_aware_topk,10,9,62546.46399999998,9701.039276115587,3067.7379783276347,2.2621571627409915,55606.75855891355,69486.1694410864,student_t_df_n_minus_1,excludes_0_positive,569790.893,5697.9089300000005,False,False,project pre-specified 1% band of |mean cost of right policy|; not an industry standard
baseline,temperature_T1.5,low,1000,delta_B_D1,B_topk_probability,D1_cost_aware_topk,10,9,85250.22,7109.627519266461,2248.261627629466,2.2621571627409915,80164.29885534229,90336.14114465771,student_t_df_n_minus_1,excludes_0_positive,536809.9389999999,5368.099389999999,False,False,project pre-specified 1% band of |mean cost of right policy|; not an industry standard
baseline,temperature_T1.5,low,2000,delta_B_D1,B_topk_probability,D1_cost_aware_topk,10,9,91739.36200000001,14270.884326743982,4512.849869730955,2.2621571627409915,81530.58634281337,101948.13765718664,student_t_df_n_minus_1,excludes_0_positive,507306.049,5073.06049,False,False,project pre-specified 1% band of |mean cost of right policy|; not an industry standard
baseline,temperature_T1.5,low,5000,delta_B_D1,B_topk_probability,D1_cost_aware_topk,10,9,94488.19100000002,13111.392565002792,4146.186380200611,2.2621571627409915,85108.86578197006,103867.51621802998,student_t_df_n_minus_1,excludes_0_positive,505475.31500000006,5054.7531500000005,False,False,project pre-specified 1% band of |mean cost of right policy|; not an industry standard
baseline,temperature_T1.5,low,10000,delta_B_D1,B_topk_probability,D1_cost_aware_topk,10,9,90660.915,15299.837405511684,4838.233403165813,2.2621571627409915,79716.07065201573,101605.75934798426,student_t_df_n_minus_1,excludes_0_positive,595305.3200000001,5953.053200000001,False,False,project pre-specified 1% band of |mean cost of right policy|; not an industry standard
baseline,temperature_T2.5,baseline,500,delta_B_D1,B_topk_probability,D1_cost_aware_topk,10,9,45254.958,18404.43257478767,5819.992597932624,2.2621571627409915,32089.22005748716,58420.69594251284,student_t_df_n_minus_1,excludes_0_positive,598442.1369999999,5984.421369999999,False,False,project pre-specified 1% band of |mean cost of right policy|; not an industry standard
baseline,temperature_T2.5,baseline,1000,delta_B_D1,B_topk_probability,D1_cost_aware_topk,10,9,45320.21799999997,5446.963999364532,1722.481257093187,2.2621571627409915,41423.69468657951,49216.74131342043,student_t_df_n_minus_1,excludes_0_positive,583517.0229999999,5835.17023,False,False,project pre-specified 1% band of |mean cost of right policy|; not an industry standard
baseline,temperature_T2.5,baseline,2000,delta_B_D1,B_topk_probability,D1_cost_aware_topk,10,9,47782.69500000001,9303.799833015952,2942.119836662464,2.2621571627409915,41127.15753785166,54438.23246214836,student_t_df_n_minus_1,excludes_0_positive,579407.6429999999,5794.076429999999,False,False,project pre-specified 1% band of |mean cost of right policy|; not an industry standard
baseline,temperature_T2.5,baseline,5000,delta_B_D1,B_topk_probability,D1_cost_aware_topk,10,9,40312.84900000001,10992.106312959773,3476.00922316685,2.2621571627409915,32449.569838059368,48176.12816194065,student_t_df_n_minus_1,excludes_0_positive,650410.861,6504.10861,False,False,project pre-specified 1% band of |mean cost of right policy|; not an industry standard
baseline,temperature_T2.5,baseline,10000,delta_B_D1,B_topk_probability,D1_cost_aware_topk,10,9,39596.67200000002,8783.091476377655,2777.4573962964364,2.2621571627409915,33313.62685676009,45879.71714323995,student_t_df_n_minus_1,excludes_0_positive,841962.631,8419.626310000001,False,False,project pre-specified 1% band of |mean cost of right policy|; not an industry standard
baseline,temperature_T2.5,high,500,delta_B_D1,B_topk_probability,D1_cost_aware_topk,10,9,19597.976000000013,9611.8577081346,3039.536290315128,2.2621571627409915,12722.067209452463,26473.884790547563,student_t_df_n_minus_1,excludes_0_positive,624870.208,6248.70208,False,False,project pre-specified 1% band of |mean cost of right policy|; not an industry standard
baseline,temperature_T2.5,high,1000,delta_B_D1,B_topk_probability,D1_cost_aware_topk,10,9,23263.408000000007,13362.431518287729,4225.571867581112,2.2621571627409915,13704.500333074566,32822.315666925446,student_t_df_n_minus_1,excludes_0_positive,636173.3910000001,6361.733910000001,False,False,project pre-specified 1% band of |mean cost of right policy|; not an industry standard
baseline,temperature_T2.5,high,2000,delta_B_D1,B_topk_probability,D1_cost_aware_topk,10,9,17224.588,7210.026016374378,2280.0104200813507,2.2621571627409915,12066.846097088875,22382.329902911122,student_t_df_n_minus_1,excludes_0_positive,688977.837,6889.778370000001,False,False,project pre-specified 1% band of |mean cost of right policy|; not an industry standard
baseline,temperature_T2.5,high,5000,delta_B_D1,B_topk_probability,D1_cost_aware_topk,10,9,48346.85599999999,8992.811483217765,2843.7766855485206,2.2621571627409915,41913.78620155057,54779.92579844942,student_t_df_n_minus_1,excludes_0_positive,907534.517,9075.34517,False,False,project pre-specified 1% band of |mean cost of right policy|; not an industry standard
baseline,temperature_T2.5,high,10000,delta_B_D1,B_topk_probability,D1_cost_aware_topk,10,9,173868.08500000002,11275.053449551742,3565.4849640721895,2.2621571627409915,165802.3976498788,181933.77235012123,student_t_df_n_minus_1,excludes_0_positive,1334876.215,13348.76215,False,False,project pre-specified 1% band of |mean cost of right policy|; not an industry standard
baseline,temperature_T2.5,low,500,delta_B_D1,B_topk_probability,D1_cost_aware_topk,10,9,45561.13199999997,11650.853216753207,3684.323284923956,2.2621571627409915,37226.61369115582,53895.65030884412,student_t_df_n_minus_1,excludes_0_positive,588747.404,5887.47404,False,False,project pre-specified 1% band of |mean cost of right policy|; not an industry standard
baseline,temperature_T2.5,low,1000,delta_B_D1,B_topk_probability,D1_cost_aware_topk,10,9,47369.42499999995,9247.235210156678,2924.232532340091,2.2621571627409915,40754.35143144659,53984.49856855332,student_t_df_n_minus_1,excludes_0_positive,566180.4299999999,5661.8043,False,False,project pre-specified 1% band of |mean cost of right policy|; not an industry standard
baseline,temperature_T2.5,low,2000,delta_B_D1,B_topk_probability,D1_cost_aware_topk,10,9,61851.29300000002,13211.211247604144,4177.751819206381,2.2621571627409915,52400.561798028095,71302.02420197194,student_t_df_n_minus_1,excludes_0_positive,540505.573,5405.05573,False,False,project pre-specified 1% band of |mean cost of right policy|; not an industry standard
baseline,temperature_T2.5,low,5000,delta_B_D1,B_topk_probability,D1_cost_aware_topk,10,9,44138.28200000001,15101.731640841574,4775.586859769127,2.2621571627409915,33335.15397888151,54941.4100211185,student_t_df_n_minus_1,excludes_0_positive,551267.1619999999,5512.671619999999,False,False,project pre-specified 1% band of |mean cost of right policy|; not an industry standard
baseline,temperature_T2.5,low,10000,delta_B_D1,B_topk_probability,D1_cost_aware_topk,10,9,41929.961999999985,10498.757305796638,3319.998568765027,2.2621571627409915,34419.60345737834,49440.32054262163,student_t_df_n_minus_1,excludes_0_positive,646389.949,6463.899490000001,False,False,project pre-specified 1% band of |mean cost of right policy|; not an industry standard
high,calibrated_by_construction_T1.0,baseline,500,delta_B_D1,B_topk_probability,D1_cost_aware_topk,10,9,114503.19700000001,12786.536636820654,4043.4579157542476,2.2621571627409915,105356.25971363479,123650.13428636524,student_t_df_n_minus_1,excludes_0_positive,966771.541,9667.71541,False,False,project pre-specified 1% band of |mean cost of right policy|; not an industry standard
high,calibrated_by_construction_T1.0,baseline,1000,delta_B_D1,B_topk_probability,D1_cost_aware_topk,10,9,145256.85599999997,12566.316832003487,3973.818298844251,2.2621571627409915,136267.45447183822,154246.25752816172,student_t_df_n_minus_1,excludes_0_positive,922535.0619999999,9225.35062,False,False,project pre-specified 1% band of |mean cost of right policy|; not an industry standard
high,calibrated_by_construction_T1.0,baseline,2000,delta_B_D1,B_topk_probability,D1_cost_aware_topk,10,9,174016.67900000003,9159.71933534168,2896.5575827563353,2.2621571627409915,167464.21051687605,180569.14748312402,student_t_df_n_minus_1,excludes_0_positive,861555.53,8615.5553,False,False,project pre-specified 1% band of |mean cost of right policy|; not an industry standard
high,calibrated_by_construction_T1.0,baseline,5000,delta_B_D1,B_topk_probability,D1_cost_aware_topk,10,9,192761.511,19254.29451298098,6088.742540070236,2.2621571627409915,178987.81845089432,206535.20354910567,student_t_df_n_minus_1,excludes_0_positive,822717.677,8227.17677,False,False,project pre-specified 1% band of |mean cost of right policy|; not an industry standard
high,calibrated_by_construction_T1.0,baseline,10000,delta_B_D1,B_topk_probability,D1_cost_aware_topk,10,9,196278.37000000002,12048.245744796182,3809.98983629877,2.2621571627409915,187659.57420184638,204897.16579815367,student_t_df_n_minus_1,excludes_0_positive,917547.0630000001,9175.470630000002,False,False,project pre-specified 1% band of |mean cost of right policy|; not an industry standard
high,calibrated_by_construction_T1.0,high,500,delta_B_D1,B_topk_probability,D1_cost_aware_topk,10,9,96655.17499999999,13016.835134246769,4116.284695112342,2.2621571627409915,87343.49209307048,105966.8579069295,student_t_df_n_minus_1,excludes_0_positive,994413.8230000001,9944.13823,False,False,project pre-specified 1% band of |mean cost of right policy|; not an industry standard
high,calibrated_by_construction_T1.0,high,1000,delta_B_D1,B_topk_probability,D1_cost_aware_topk,10,9,130761.13699999996,7606.1284494719785,2405.269007613639,2.2621571627409915,125320.04048610784,136202.23351389208,student_t_df_n_minus_1,excludes_0_positive,957550.8379999999,9575.50838,False,False,project pre-specified 1% band of |mean cost of right policy|; not an industry standard
high,calibrated_by_construction_T1.0,high,2000,delta_B_D1,B_topk_probability,D1_cost_aware_topk,10,9,156216.178,10014.462141041426,3166.8509907217294,2.2621571627409915,149052.26334800545,163380.09265199458,student_t_df_n_minus_1,excludes_0_positive,946920.1110000001,9469.201110000002,False,False,project pre-specified 1% band of |mean cost of right policy|; not an industry standard
high,calibrated_by_construction_T1.0,high,5000,delta_B_D1,B_topk_probability,D1_cost_aware_topk,10,9,189535.25699999998,15307.213318439151,4840.565871633201,2.2621571627409915,178585.13624176534,200485.37775823462,student_t_df_n_minus_1,excludes_0_positive,1033771.371,10337.71371,False,False,project pre-specified 1% band of |mean cost of right policy|; not an industry standard
high,calibrated_by_construction_T1.0,high,10000,delta_B_D1,B_topk_probability,D1_cost_aware_topk,10,9,271528.128,11349.441955077,3589.0086749917728,2.2621571627409915,263409.22631872783,279647.0296812722,student_t_df_n_minus_1,excludes_0_positive,1331655.997,13316.55997,False,False,project pre-specified 1% band of |mean cost of right policy|; not an industry standard
high,calibrated_by_construction_T1.0,low,500,delta_B_D1,B_topk_probability,D1_cost_aware_topk,10,9,122204.12999999998,15299.74487377124,4838.204142060247,2.2621571627409915,111259.35184523526,133148.9081547647,student_t_df_n_minus_1,excludes_0_positive,961634.2469999999,9616.34247,False,False,project pre-specified 1% band of |mean cost of right policy|; not an industry standard
high,calibrated_by_construction_T1.0,low,1000,delta_B_D1,B_topk_probability,D1_cost_aware_topk,10,9,150517.15599999996,11157.576131361917,3528.3353741833716,2.2621571627409915,142535.50686073862,158498.8051392613,student_t_df_n_minus_1,excludes_0_positive,906104.521,9061.04521,False,False,project pre-specified 1% band of |mean cost of right policy|; not an industry standard
high,calibrated_by_construction_T1.0,low,2000,delta_B_D1,B_topk_probability,D1_cost_aware_topk,10,9,183341.982,11083.804990893288,3505.006891236463,2.2621571627409915,175413.10555553288,191270.8584444671,student_t_df_n_minus_1,excludes_0_positive,826058.14,8260.581400000001,False,False,project pre-specified 1% band of |mean cost of right policy|; not an industry standard
high,calibrated_by_construction_T1.0,low,5000,delta_B_D1,B_topk_probability,D1_cost_aware_topk,10,9,205870.449,16495.01297000631,5216.181101923862,2.2621571627409915,194070.62755812873,217670.27044187125,student_t_df_n_minus_1,excludes_0_positive,739947.403,7399.47403,False,False,project pre-specified 1% band of |mean cost of right policy|; not an industry standard
high,calibrated_by_construction_T1.0,low,10000,delta_B_D1,B_topk_probability,D1_cost_aware_topk,10,9,199380.338,7140.692261465354,2258.085161656911,2.2621571627409915,194272.19447747865,204488.48152252132,student_t_df_n_minus_1,excludes_0_positive,758765.826,7587.65826,False,False,project pre-specified 1% band of |mean cost of right policy|; not an industry standard
high,temperature_T1.5,baseline,500,delta_B_D1,B_topk_probability,D1_cost_aware_topk,10,9,114088.448,12415.297666279654,3926.0618454416763,2.2621571627409915,105207.07907497,122969.81692503001,student_t_df_n_minus_1,excludes_0_positive,978685.543,9786.85543,False,False,project pre-specified 1% band of |mean cost of right policy|; not an industry standard
high,temperature_T1.5,baseline,1000,delta_B_D1,B_topk_probability,D1_cost_aware_topk,10,9,131527.729,18254.394111372163,5772.54626983014,2.2621571627409915,118469.32210844995,144586.13589155005,student_t_df_n_minus_1,excludes_0_positive,927934.924,9279.34924,False,False,project pre-specified 1% band of |mean cost of right policy|; not an industry standard
high,temperature_T1.5,baseline,2000,delta_B_D1,B_topk_probability,D1_cost_aware_topk,10,9,162082.532,15138.276664669005,4787.143411013108,2.2621571627409915,151253.26124370837,172911.80275629164,student_t_df_n_minus_1,excludes_0_positive,876287.589,8762.875890000001,False,False,project pre-specified 1% band of |mean cost of right policy|; not an industry standard
high,temperature_T1.5,baseline,5000,delta_B_D1,B_topk_probability,D1_cost_aware_topk,10,9,168127.04200000002,25672.522211670337,8118.3643470141615,2.2621571627409915,149762.02594266084,186492.0580573392,student_t_df_n_minus_1,excludes_0_positive,838040.594,8380.40594,False,False,project pre-specified 1% band of |mean cost of right policy|; not an industry standard
high,temperature_T1.5,baseline,10000,delta_B_D1,B_topk_probability,D1_cost_aware_topk,10,9,164490.85599999997,19138.844777658775,6052.234128182059,2.2621571627409915,150799.75121634745,178181.9607836525,student_t_df_n_minus_1,excludes_0_positive,943776.777,9437.76777,False,False,project pre-specified 1% band of |mean cost of right policy|; not an industry standard
high,temperature_T1.5,high,500,delta_B_D1,B_topk_probability,D1_cost_aware_topk,10,9,95596.807,19172.336877559937,6062.825260113017,2.2621571627409915,81881.74341138832,109311.87058861168,student_t_df_n_minus_1,excludes_0_positive,1002705.951,10027.059510000001,False,False,project pre-specified 1% band of |mean cost of right policy|; not an industry standard
high,temperature_T1.5,high,1000,delta_B_D1,B_topk_probability,D1_cost_aware_topk,10,9,113142.61200000001,18782.631444495437,5939.589581610406,2.2621571627409915,99706.32688421826,126578.89711578176,student_t_df_n_minus_1,excludes_0_positive,963594.354,9635.94354,False,False,project pre-specified 1% band of |mean cost of right policy|; not an industry standard
high,temperature_T1.5,high,2000,delta_B_D1,B_topk_probability,D1_cost_aware_topk,10,9,128769.356,6956.156426004861,2199.7298066591884,2.2621571627409915,123793.22146177106,133745.49053822894,student_t_df_n_minus_1,excludes_0_positive,957398.701,9573.98701,False,False,project pre-specified 1% band of |mean cost of right policy|; not an industry standard
high,temperature_T1.5,high,5000,delta_B_D1,B_topk_probability,D1_cost_aware_topk,10,9,155686.696,15629.01122030737,4942.327303249893,2.2621571627409915,144506.37489034288,166867.0171096571,student_t_df_n_minus_1,excludes_0_positive,1054212.542,10542.125419999998,False,False,project pre-specified 1% band of |mean cost of right policy|; not an industry standard
high,temperature_T1.5,high,10000,delta_B_D1,B_topk_probability,D1_cost_aware_topk,10,9,234066.34500000003,19957.745634516767,6311.193316735536,2.2621571627409915,219789.43383310366,248343.2561668964,student_t_df_n_minus_1,excludes_0_positive,1377828.4849999999,13778.284849999998,False,False,project pre-specified 1% band of |mean cost of right policy|; not an industry standard
high,temperature_T1.5,low,500,delta_B_D1,B_topk_probability,D1_cost_aware_topk,10,9,107802.66900000004,13881.848679692323,4389.825996162894,2.2621571627409915,97872.19267959354,117733.14532040653,student_t_df_n_minus_1,excludes_0_positive,968668.4290000001,9686.684290000001,False,False,project pre-specified 1% band of |mean cost of right policy|; not an industry standard
high,temperature_T1.5,low,1000,delta_B_D1,B_topk_probability,D1_cost_aware_topk,10,9,139339.82,10649.67631124689,3367.7233487080434,2.2621571627409915,131721.50050459002,146958.13949541,student_t_df_n_minus_1,excludes_0_positive,907322.303,9073.22303,False,False,project pre-specified 1% band of |mean cost of right policy|; not an industry standard
high,temperature_T1.5,low,2000,delta_B_D1,B_topk_probability,D1_cost_aware_topk,10,9,175912.48500000002,14820.501944055026,4686.6542210167245,2.2621571627409915,165310.53658463672,186514.4334153633,student_t_df_n_minus_1,excludes_0_positive,840841.3399999999,8408.4134,False,False,project pre-specified 1% band of |mean cost of right policy|; not an industry standard
high,temperature_T1.5,low,5000,delta_B_D1,B_topk_probability,D1_cost_aware_topk,10,9,189677.61500000002,14215.888509482995,4495.458665298243,2.2621571627409915,179508.18098048953,199847.0490195105,student_t_df_n_minus_1,excludes_0_positive,768234.732,7682.34732,False,False,project pre-specified 1% band of |mean cost of right policy|; not an industry standard
high,temperature_T1.5,low,10000,delta_B_D1,B_topk_probability,D1_cost_aware_topk,10,9,174415.678,21283.281008580856,6730.364406852117,2.2621571627409915,159190.53594918246,189640.82005081757,student_t_df_n_minus_1,excludes_0_positive,774083.749,7740.83749,False,False,project pre-specified 1% band of |mean cost of right policy|; not an industry standard
high,temperature_T2.5,baseline,500,delta_B_D1,B_topk_probability,D1_cost_aware_topk,10,9,82933.04899999998,10653.353218479006,3368.886088867906,2.2621571627409915,75312.09920360896,90553.99879639101,student_t_df_n_minus_1,excludes_0_positive,1002911.9349999998,10029.119349999999,False,False,project pre-specified 1% band of |mean cost of right policy|; not an industry standard
high,temperature_T2.5,baseline,1000,delta_B_D1,B_topk_probability,D1_cost_aware_topk,10,9,101043.178,14074.782873113327,4450.837145136678,2.2621571627409915,90974.6848719354,111111.6711280646,student_t_df_n_minus_1,excludes_0_positive,965690.322,9656.90322,False,False,project pre-specified 1% band of |mean cost of right policy|; not an industry standard
high,temperature_T2.5,baseline,2000,delta_B_D1,B_topk_probability,D1_cost_aware_topk,10,9,110619.138,13984.349522512503,4422.239608702763,2.2621571627409915,100615.33699381613,120622.93900618388,student_t_df_n_minus_1,excludes_0_positive,922383.7640000001,9223.837640000002,False,False,project pre-specified 1% band of |mean cost of right policy|; not an industry standard
high,temperature_T2.5,baseline,5000,delta_B_D1,B_topk_probability,D1_cost_aware_topk,10,9,96651.388,13615.116261018107,4305.477799281279,2.2621571627409915,86911.72055733354,106391.05544266647,student_t_df_n_minus_1,excludes_0_positive,912627.0179999999,9126.27018,False,False,project pre-specified 1% band of |mean cost of right policy|; not an industry standard
high,temperature_T2.5,baseline,10000,delta_B_D1,B_topk_probability,D1_cost_aware_topk,10,9,81965.22299999998,13363.976975209665,4226.0605839710115,2.2621571627409915,72405.20977979258,91525.23622020739,student_t_df_n_minus_1,excludes_0_positive,1028993.2640000001,10289.93264,False,False,project pre-specified 1% band of |mean cost of right policy|; not an industry standard
high,temperature_T2.5,high,500,delta_B_D1,B_topk_probability,D1_cost_aware_topk,10,9,71631.43099999995,14904.20322653047,4713.122890586678,2.2621571627409915,60969.606294180776,82293.25570581913,student_t_df_n_minus_1,excludes_0_positive,1019709.335,10197.09335,False,False,project pre-specified 1% band of |mean cost of right policy|; not an industry standard
high,temperature_T2.5,high,1000,delta_B_D1,B_topk_probability,D1_cost_aware_topk,10,9,71998.14099999997,9670.783969145274,3058.1704101942587,2.2621571627409915,65080.07890169648,78916.20309830348,student_t_df_n_minus_1,excludes_0_positive,1010963.7880000001,10109.63788,False,False,project pre-specified 1% band of |mean cost of right policy|; not an industry standard
high,temperature_T2.5,high,2000,delta_B_D1,B_topk_probability,D1_cost_aware_topk,10,9,65674.846,11569.444619615,3658.5796261163764,2.2621571627409915,57398.563893322585,73951.12810667742,student_t_df_n_minus_1,excludes_0_positive,1022895.436,10228.95436,False,False,project pre-specified 1% band of |mean cost of right policy|; not an industry standard
high,temperature_T2.5,high,5000,delta_B_D1,B_topk_probability,D1_cost_aware_topk,10,9,53012.76599999999,15744.524717346636,4978.8558783634135,2.2621571627409915,41749.811512505104,64275.72048749487,student_t_df_n_minus_1,excludes_0_positive,1161512.586,11615.125859999998,False,False,project pre-specified 1% band of |mean cost of right policy|; not an industry standard
high,temperature_T2.5,high,10000,delta_B_D1,B_topk_probability,D1_cost_aware_topk,10,9,87468.48899999994,16565.025700143386,5238.321071167849,2.2621571627409915,75618.58346812053,99318.39453187936,student_t_df_n_minus_1,excludes_0_positive,1513974.314,15139.74314,False,False,project pre-specified 1% band of |mean cost of right policy|; not an industry standard
high,temperature_T2.5,low,500,delta_B_D1,B_topk_probability,D1_cost_aware_topk,10,9,95456.10900000003,13221.785401034556,4181.095660123199,2.2621571627409915,85997.81350434705,104914.404495653,student_t_df_n_minus_1,excludes_0_positive,994596.793,9945.967929999999,False,False,project pre-specified 1% band of |mean cost of right policy|; not an industry standard
high,temperature_T2.5,low,1000,delta_B_D1,B_topk_probability,D1_cost_aware_topk,10,9,108553.14300000001,15024.532953811142,4751.174491430061,2.2621571627409915,97805.23959277921,119301.04640722081,student_t_df_n_minus_1,excludes_0_positive,950095.3930000002,9500.953930000001,False,False,project pre-specified 1% band of |mean cost of right policy|; not an industry standard
high,temperature_T2.5,low,2000,delta_B_D1,B_topk_probability,D1_cost_aware_topk,10,9,129185.425,14123.431196098896,4466.221095634871,2.2621571627409915,119082.13095812466,139288.71904187533,student_t_df_n_minus_1,excludes_0_positive,880969.091,8809.690910000001,False,False,project pre-specified 1% band of |mean cost of right policy|; not an industry standard
high,temperature_T2.5,low,5000,delta_B_D1,B_topk_probability,D1_cost_aware_topk,10,9,120936.49100000001,19406.92308440265,6137.007932241251,2.2621571627409915,107053.61454828217,134819.36745171784,student_t_df_n_minus_1,excludes_0_positive,824458.401,8244.58401,False,False,project pre-specified 1% band of |mean cost of right policy|; not an industry standard
high,temperature_T2.5,low,10000,delta_B_D1,B_topk_probability,D1_cost_aware_topk,10,9,97680.61000000002,22663.418462251746,7166.8021906226295,2.2621571627409915,81468.1770905352,113893.04290946483,student_t_df_n_minus_1,excludes_0_positive,849486.901,8494.86901,False,False,project pre-specified 1% band of |mean cost of right policy|; not an industry standard
low,calibrated_by_construction_T1.0,baseline,500,delta_B_D1,B_topk_probability,D1_cost_aware_topk,10,9,34861.621999999996,3082.018059781242,974.6196858681714,2.2621571627409915,32656.879096664936,37066.36490333505,student_t_df_n_minus_1,excludes_0_positive,326391.965,3263.9196500000003,False,False,project pre-specified 1% band of |mean cost of right policy|; not an industry standard
low,calibrated_by_construction_T1.0,baseline,1000,delta_B_D1,B_topk_probability,D1_cost_aware_topk,10,9,45101.526999999995,5701.606555066641,1803.006303615683,2.2621571627409915,41022.84337580862,49180.21062419137,student_t_df_n_minus_1,excludes_0_positive,317880.539,3178.80539,False,False,project pre-specified 1% band of |mean cost of right policy|; not an industry standard
low,calibrated_by_construction_T1.0,baseline,2000,delta_B_D1,B_topk_probability,D1_cost_aware_topk,10,9,55103.538000000015,7922.488910487394,2505.3109694566006,2.2621571627409915,49436.130845550186,60770.945154449844,student_t_df_n_minus_1,excludes_0_positive,339283.01,3392.8301,False,False,project pre-specified 1% band of |mean cost of right policy|; not an industry standard
low,calibrated_by_construction_T1.0,baseline,5000,delta_B_D1,B_topk_probability,D1_cost_aware_topk,10,9,77003.982,6602.7473002326215,2087.9720283262695,2.2621571627409915,72280.6611205189,81727.30287948111,student_t_df_n_minus_1,excludes_0_positive,433289.24400000006,4332.8924400000005,False,False,project pre-specified 1% band of |mean cost of right policy|; not an industry standard
low,calibrated_by_construction_T1.0,baseline,10000,delta_B_D1,B_topk_probability,D1_cost_aware_topk,10,9,130018.41200000001,9361.71674424065,2960.434772113646,2.2621571627409915,123321.44327543564,136715.3807245644,student_t_df_n_minus_1,excludes_0_positive,641750.612,6417.50612,False,False,project pre-specified 1% band of |mean cost of right policy|; not an industry standard
low,calibrated_by_construction_T1.0,high,500,delta_B_D1,B_topk_probability,D1_cost_aware_topk,10,9,34650.751000000004,6887.464276008911,2178.0074415230756,2.2621571627409915,29723.755865655396,39577.74613434461,student_t_df_n_minus_1,excludes_0_positive,346725.289,3467.2528899999998,False,False,project pre-specified 1% band of |mean cost of right policy|; not an industry standard
low,calibrated_by_construction_T1.0,high,1000,delta_B_D1,B_topk_probability,D1_cost_aware_topk,10,9,45209.86299999999,6612.031314287026,2090.907891350363,2.2621571627409915,40479.900736950105,49939.825263049876,student_t_df_n_minus_1,excludes_0_positive,369977.538,3699.77538,False,False,project pre-specified 1% band of |mean cost of right policy|; not an industry standard
low,calibrated_by_construction_T1.0,high,2000,delta_B_D1,B_topk_probability,D1_cost_aware_topk,10,9,76308.561,9550.122920646336,3020.01403638219,2.2621571627409915,69476.81461601969,83140.30738398031,student_t_df_n_minus_1,excludes_0_positive,422203.654,4222.03654,False,False,project pre-specified 1% band of |mean cost of right policy|; not an industry standard
low,calibrated_by_construction_T1.0,high,5000,delta_B_D1,B_topk_probability,D1_cost_aware_topk,10,9,194030.608,7310.716986614449,2311.851700658436,2.2621571627409915,188800.8361161606,199260.37988383943,student_t_df_n_minus_1,excludes_0_positive,644610.1420000001,6446.101420000001,False,False,project pre-specified 1% band of |mean cost of right policy|; not an industry standard
low,calibrated_by_construction_T1.0,high,10000,delta_B_D1,B_topk_probability,D1_cost_aware_topk,10,9,427930.81100000005,5274.321650477766,1667.8869527848253,2.2621571627409915,424157.7885831156,431703.8334168845,student_t_df_n_minus_1,excludes_0_positive,1060755.098,10607.55098,False,False,project pre-specified 1% band of |mean cost of right policy|; not an industry standard
low,calibrated_by_construction_T1.0,low,500,delta_B_D1,B_topk_probability,D1_cost_aware_topk,10,9,39377.276999999995,7045.129243169121,2227.865481867267,2.2621571627409915,34337.495142570544,44417.058857429445,student_t_df_n_minus_1,excludes_0_positive,313917.00200000004,3139.1700200000005,False,False,project pre-specified 1% band of |mean cost of right policy|; not an industry standard
low,calibrated_by_construction_T1.0,low,1000,delta_B_D1,B_topk_probability,D1_cost_aware_topk,10,9,50533.27099999999,7900.145897379145,2498.2454883352943,2.2621571627409915,44881.84707427694,56184.694925723044,student_t_df_n_minus_1,excludes_0_positive,305991.41,3059.9141,False,False,project pre-specified 1% band of |mean cost of right policy|; not an industry standard
low,calibrated_by_construction_T1.0,low,2000,delta_B_D1,B_topk_probability,D1_cost_aware_topk,10,9,54838.022,7542.454077927166,2385.133403347497,2.2621571627409915,49442.47538752466,60233.568612475334,student_t_df_n_minus_1,excludes_0_positive,306931.029,3069.31029,False,False,project pre-specified 1% band of |mean cost of right policy|; not an industry standard
low,calibrated_by_construction_T1.0,low,5000,delta_B_D1,B_topk_probability,D1_cost_aware_topk,10,9,60241.596999999994,7768.894424894495,2456.740128405053,2.2621571627409915,54684.06472153528,65799.12927846471,student_t_df_n_minus_1,excludes_0_positive,352796.022,3527.96022,False,False,project pre-specified 1% band of |mean cost of right policy|; not an industry standard
low,calibrated_by_construction_T1.0,low,10000,delta_B_D1,B_topk_probability,D1_cost_aware_topk,10,9,64288.94,6623.649576328758,2094.581908400818,2.2621571627409915,59550.6665329634,69027.2134670366,student_t_df_n_minus_1,excludes_0_positive,482557.92199999996,4825.57922,False,False,project pre-specified 1% band of |mean cost of right policy|; not an industry standard
low,temperature_T1.5,baseline,500,delta_B_D1,B_topk_probability,D1_cost_aware_topk,10,9,32803.359000000004,7087.542749206688,2241.277810130469,2.2621571627409915,27733.236348120918,37873.48165187909,student_t_df_n_minus_1,excludes_0_positive,331688.151,3316.88151,False,False,project pre-specified 1% band of |mean cost of right policy|; not an industry standard
low,temperature_T1.5,baseline,1000,delta_B_D1,B_topk_probability,D1_cost_aware_topk,10,9,39239.14199999999,6844.357633015508,2164.375924108787,2.2621571627409915,34342.983500413146,44135.30049958684,student_t_df_n_minus_1,excludes_0_positive,333893.929,3338.9392900000003,False,False,project pre-specified 1% band of |mean cost of right policy|; not an industry standard
low,temperature_T1.5,baseline,2000,delta_B_D1,B_topk_probability,D1_cost_aware_topk,10,9,42380.634999999995,7231.65510512751,2286.8501384987335,2.2621571627409915,37207.42057907986,47553.84942092013,student_t_df_n_minus_1,excludes_0_positive,342891.26599999995,3428.9126599999995,False,False,project pre-specified 1% band of |mean cost of right policy|; not an industry standard
low,temperature_T1.5,baseline,5000,delta_B_D1,B_topk_probability,D1_cost_aware_topk,10,9,63590.493,9592.470654717881,3033.4055657235103,2.2621571627409915,56728.452872000176,70452.53312799984,student_t_df_n_minus_1,excludes_0_positive,451084.108,4510.84108,False,False,project pre-specified 1% band of |mean cost of right policy|; not an industry standard
low,temperature_T1.5,baseline,10000,delta_B_D1,B_topk_probability,D1_cost_aware_topk,10,9,110177.964,11705.347710099764,3701.5559568151575,2.2621571627409915,101804.46267900402,118551.465320996,student_t_df_n_minus_1,excludes_0_positive,669373.177,6693.73177,False,False,project pre-specified 1% band of |mean cost of right policy|; not an industry standard
low,temperature_T1.5,high,500,delta_B_D1,B_topk_probability,D1_cost_aware_topk,10,9,25579.47100000001,11001.206141313638,3478.8868415583293,2.2621571627409915,17709.68221300345,33449.25978699657,student_t_df_n_minus_1,excludes_0_positive,355947.803,3559.47803,False,False,project pre-specified 1% band of |mean cost of right policy|; not an industry standard
low,temperature_T1.5,high,1000,delta_B_D1,B_topk_probability,D1_cost_aware_topk,10,9,38011.559,9356.888434631626,2958.907926552347,2.2621571627409915,31318.044240058513,44705.073759941486,student_t_df_n_minus_1,excludes_0_positive,375762.299,3757.62299,False,False,project pre-specified 1% band of |mean cost of right policy|; not an industry standard
low,temperature_T1.5,high,2000,delta_B_D1,B_topk_probability,D1_cost_aware_topk,10,9,64136.949999999975,9415.087854531965,2977.3121990909067,2.2621571627409915,57401.80188311035,70872.0981168896,student_t_df_n_minus_1,excludes_0_positive,441770.08100000006,4417.700810000001,False,False,project pre-specified 1% band of |mean cost of right policy|; not an industry standard
low,temperature_T1.5,high,5000,delta_B_D1,B_topk_probability,D1_cost_aware_topk,10,9,174130.018,8424.889610378435,2664.184020428441,2.2621571627409915,168103.2150353277,180156.8209646723,student_t_df_n_minus_1,excludes_0_positive,665686.454,6656.8645400000005,False,False,project pre-specified 1% band of |mean cost of right policy|; not an industry standard
low,temperature_T1.5,high,10000,delta_B_D1,B_topk_probability,D1_cost_aware_topk,10,9,398836.61600000004,12529.401833810492,3962.1447514331644,2.2621571627409915,389873.6218707289,407799.61012927117,student_t_df_n_minus_1,excludes_0_positive,1093403.8800000001,10934.038800000002,False,False,project pre-specified 1% band of |mean cost of right policy|; not an industry standard
low,temperature_T1.5,low,500,delta_B_D1,B_topk_probability,D1_cost_aware_topk,10,9,29122.389999999996,8532.65199680616,2698.2614791491233,2.2621571627409915,23018.498467994705,35226.28153200529,student_t_df_n_minus_1,excludes_0_positive,324477.24299999996,3244.7724299999995,False,False,project pre-specified 1% band of |mean cost of right policy|; not an industry standard
low,temperature_T1.5,low,1000,delta_B_D1,B_topk_probability,D1_cost_aware_topk,10,9,37887.15200000002,11005.399137529217,3480.212783384499,2.2621571627409915,30014.36372420401,45759.94027579602,student_t_df_n_minus_1,excludes_0_positive,305865.775,3058.6577500000003,False,False,project pre-specified 1% band of |mean cost of right policy|; not an industry standard
low,temperature_T1.5,low,2000,delta_B_D1,B_topk_probability,D1_cost_aware_topk,10,9,49292.458000000006,10378.112958548656,3281.8474763522377,2.2621571627409915,41868.403224346344,56716.51277565367,student_t_df_n_minus_1,excludes_0_positive,308463.552,3084.6355200000003,False,False,project pre-specified 1% band of |mean cost of right policy|; not an industry standard
low,temperature_T1.5,low,5000,delta_B_D1,B_topk_probability,D1_cost_aware_topk,10,9,48559.270000000004,8658.688979966882,2738.11787276954,2.2621571627409915,42365.21704168526,54753.32295831475,student_t_df_n_minus_1,excludes_0_positive,359529.26900000003,3595.29269,False,False,project pre-specified 1% band of |mean cost of right policy|; not an industry standard
low,temperature_T1.5,low,10000,delta_B_D1,B_topk_probability,D1_cost_aware_topk,10,9,49397.47400000001,9707.984387002949,3069.9342152282843,2.2621571627409915,42452.8003258777,56342.147674122316,student_t_df_n_minus_1,excludes_0_positive,496017.475,4960.17475,False,False,project pre-specified 1% band of |mean cost of right policy|; not an industry standard
low,temperature_T2.5,baseline,500,delta_B_D1,B_topk_probability,D1_cost_aware_topk,10,9,13887.139999999996,5241.903826145178,1657.6355366170046,2.2621571627409915,10137.307897627832,17636.97210237216,student_t_df_n_minus_1,excludes_0_positive,351012.26599999995,3510.1226599999995,False,False,project pre-specified 1% band of |mean cost of right policy|; not an industry standard
low,temperature_T2.5,baseline,1000,delta_B_D1,B_topk_probability,D1_cost_aware_topk,10,9,16194.348999999998,8919.920705985936,2820.726597901268,2.2621571627409915,9813.422122423617,22575.27587757638,student_t_df_n_minus_1,excludes_0_positive,348119.18499999994,3481.1918499999992,False,False,project pre-specified 1% band of |mean cost of right policy|; not an industry standard
low,temperature_T2.5,baseline,2000,delta_B_D1,B_topk_probability,D1_cost_aware_topk,10,9,19702.132999999994,10251.323510163125,3241.7531323347744,2.2621571627409915,12368.77793185084,27035.48806814915,student_t_df_n_minus_1,excludes_0_positive,375166.052,3751.6605200000004,False,False,project pre-specified 1% band of |mean cost of right policy|; not an industry standard
low,temperature_T2.5,baseline,5000,delta_B_D1,B_topk_probability,D1_cost_aware_topk,10,9,15089.475,11727.37503079891,3708.521607231185,2.2621571627409915,6700.2162830222405,23478.73371697776,student_t_df_n_minus_1,excludes_0_positive,490361.88,4903.6188,False,False,project pre-specified 1% band of |mean cost of right policy|; not an industry standard
low,temperature_T2.5,baseline,10000,delta_B_D1,B_topk_probability,D1_cost_aware_topk,10,9,39968.17299999999,6995.187631179078,2212.0725574763765,2.2621571627409915,34964.11721960202,44972.228780397956,student_t_df_n_minus_1,excludes_0_positive,728245.4119999999,7282.454119999999,False,False,project pre-specified 1% band of |mean cost of right policy|; not an industry standard
low,temperature_T2.5,high,500,delta_B_D1,B_topk_probability,D1_cost_aware_topk,10,9,7810.594,9178.14912166959,2902.3855929149777,2.2621571627409915,1244.9416419511235,14376.246358048877,student_t_df_n_minus_1,excludes_0_positive,376317.609,3763.17609,False,False,project pre-specified 1% band of |mean cost of right policy|; not an industry standard
low,temperature_T2.5,high,1000,delta_B_D1,B_topk_probability,D1_cost_aware_topk,10,9,7998.992000000016,9667.373939343966,3057.0920640881404,2.2621571627409915,1083.3692900643864,14914.614709935646,student_t_df_n_minus_1,excludes_0_positive,409102.47299999994,4091.0247299999996,False,False,project pre-specified 1% band of |mean cost of right policy|; not an industry standard
low,temperature_T2.5,high,2000,delta_B_D1,B_topk_probability,D1_cost_aware_topk,10,9,18241.215000000004,7953.723649268873,2515.1882611235874,2.2621571627409915,12551.46385945722,23930.966140542787,student_t_df_n_minus_1,excludes_0_positive,484361.20599999995,4843.6120599999995,False,False,project pre-specified 1% band of |mean cost of right policy|; not an industry standard
low,temperature_T2.5,high,5000,delta_B_D1,B_topk_probability,D1_cost_aware_topk,10,9,88022.95700000001,13904.581738997693,4397.01482072176,2.2621571627409915,78076.21842862599,97969.69557137403,student_t_df_n_minus_1,excludes_0_positive,749629.297,7496.29297,False,False,project pre-specified 1% band of |mean cost of right policy|; not an industry standard
low,temperature_T2.5,high,10000,delta_B_D1,B_topk_probability,D1_cost_aware_topk,10,9,279572.86100000003,16035.365071744422,5070.82767390217,2.2621571627409915,268101.851856457,291043.87014354306,student_t_df_n_minus_1,excludes_0_positive,1210653.742,12106.53742,False,False,project pre-specified 1% band of |mean cost of right policy|; not an industry standard
low,temperature_T2.5,low,500,delta_B_D1,B_topk_probability,D1_cost_aware_topk,10,9,26291.748,7312.186376195407,2312.3163624430313,2.2621571627409915,21060.924978176303,31522.571021823696,student_t_df_n_minus_1,excludes_0_positive,332316.89499999996,3323.1689499999998,False,False,project pre-specified 1% band of |mean cost of right policy|; not an industry standard
low,temperature_T2.5,low,1000,delta_B_D1,B_topk_probability,D1_cost_aware_topk,10,9,27295.766000000014,8881.11087315871,2808.4538511668275,2.2621571627409915,20942.602004355453,33648.929995644576,student_t_df_n_minus_1,excludes_0_positive,329327.81999999995,3293.2781999999997,False,False,project pre-specified 1% band of |mean cost of right policy|; not an industry standard
low,temperature_T2.5,low,2000,delta_B_D1,B_topk_probability,D1_cost_aware_topk,10,9,23952.150000000005,6480.971232945471,2049.4630546137378,2.2621571627409915,19315.942471232505,28588.357528767505,student_t_df_n_minus_1,excludes_0_positive,336178.67000000004,3361.7867000000006,False,False,project pre-specified 1% band of |mean cost of right policy|; not an industry standard
low,temperature_T2.5,low,5000,delta_B_D1,B_topk_probability,D1_cost_aware_topk,10,9,23964.72199999999,10674.308156220286,3375.512622016853,2.2621571627409915,16328.781944181941,31600.66205581804,student_t_df_n_minus_1,excludes_0_positive,390171.88600000006,3901.718860000001,False,False,project pre-specified 1% band of |mean cost of right policy|; not an industry standard
low,temperature_T2.5,low,10000,delta_B_D1,B_topk_probability,D1_cost_aware_topk,10,9,22300.75499999997,14716.05520122928,4653.625260865203,2.2621571627409915,11773.523283421335,32827.9867165786,student_t_df_n_minus_1,excludes_0_positive,529546.9809999999,5295.46981,False,False,project pre-specified 1% band of |mean cost of right policy|; not an industry standard
baseline,calibrated_by_construction_T1.0,baseline,500,delta_C_D1,C_expected_exposure,D1_cost_aware_topk,10,9,692.8019999999902,2138.454823250772,676.2387914845235,2.2621571627409915,-836.9564258800364,2222.5604258800167,student_t_df_n_minus_1,includes_0,568715.212,5687.152120000001,True,True,project pre-specified 1% band of |mean cost of right policy|; not an industry standard
baseline,calibrated_by_construction_T1.0,baseline,1000,delta_C_D1,C_expected_exposure,D1_cost_aware_topk,10,9,1999.0710000000313,2478.6751816397054,783.825915371304,2.2621571627409915,225.93359120082187,3772.2084087992407,student_t_df_n_minus_1,excludes_0_positive,545664.851,5456.64851,True,True,project pre-specified 1% band of |mean cost of right policy|; not an industry standard
baseline,calibrated_by_construction_T1.0,baseline,2000,delta_C_D1,C_expected_exposure,D1_cost_aware_topk,10,9,5617.535999999998,1717.2238132404273,543.033850211936,2.2621571627409915,4389.108086132248,6845.9639138677485,student_t_df_n_minus_1,excludes_0_positive,528609.469,5286.094690000001,False,False,project pre-specified 1% band of |mean cost of right policy|; not an industry standard
baseline,calibrated_by_construction_T1.0,baseline,5000,delta_C_D1,C_expected_exposure,D1_cost_aware_topk,10,9,18747.661000000022,4366.700902609943,1380.8720712960521,2.2621571627409915,15623.911353088668,21871.410646911376,student_t_df_n_minus_1,excludes_0_positive,582513.95,5825.139499999999,False,False,project pre-specified 1% band of |mean cost of right policy|; not an industry standard
baseline,calibrated_by_construction_T1.0,baseline,10000,delta_C_D1,C_expected_exposure,D1_cost_aware_topk,10,9,58589.39600000002,5521.649528821795,1746.0988952272419,2.2621571627409915,54639.44587730758,62539.34612269246,student_t_df_n_minus_1,excludes_0_positive,746777.587,7467.77587,False,False,project pre-specified 1% band of |mean cost of right policy|; not an industry standard
baseline,calibrated_by_construction_T1.0,high,500,delta_C_D1,C_expected_exposure,D1_cost_aware_topk,10,9,6410.931999999983,3731.6565743731153,1180.0534220560564,2.2621571627409915,3741.465698878857,9080.39830112111,student_t_df_n_minus_1,excludes_0_positive,593192.9800000001,5931.929800000001,False,False,project pre-specified 1% band of |mean cost of right policy|; not an industry standard
baseline,calibrated_by_construction_T1.0,high,1000,delta_C_D1,C_expected_exposure,D1_cost_aware_topk,10,9,12716.818000000005,3776.9913506911316,1194.3895370939758,2.2621571627409915,10014.92115355997,15418.71484644004,student_t_df_n_minus_1,excludes_0_positive,590432.626,5904.326260000001,False,False,project pre-specified 1% band of |mean cost of right policy|; not an industry standard
baseline,calibrated_by_construction_T1.0,high,2000,delta_C_D1,C_expected_exposure,D1_cost_aware_topk,10,9,37332.13199999998,6165.376005309004,1949.6630808126824,2.2621571627409915,32921.6876968079,41742.576303192065,student_t_df_n_minus_1,excludes_0_positive,620584.8,6205.848000000001,False,False,project pre-specified 1% band of |mean cost of right policy|; not an industry standard
baseline,calibrated_by_construction_T1.0,high,5000,delta_C_D1,C_expected_exposure,D1_cost_aware_topk,10,9,122152.50499999998,6930.886112226204,2191.7386317864193,2.2621571627409915,117194.44775524818,127110.56224475177,student_t_df_n_minus_1,excludes_0_positive,796003.339,7960.0333900000005,False,False,project pre-specified 1% band of |mean cost of right policy|; not an industry standard
baseline,calibrated_by_construction_T1.0,high,10000,delta_C_D1,C_expected_exposure,D1_cost_aware_topk,10,9,313807.55600000004,14361.428546786272,4541.482466160665,2.2621571627409915,303534.0089097121,324081.103090288,student_t_df_n_minus_1,excludes_0_positive,1183311.3220000002,11833.113220000001,False,False,project pre-specified 1% band of |mean cost of right policy|; not an industry standard
baseline,calibrated_by_construction_T1.0,low,500,delta_C_D1,C_expected_exposure,D1_cost_aware_topk,10,9,235.49899999998743,1302.7490705977798,411.96542827564775,2.2621571627409915,-696.4315443754293,1167.4295443754042,student_t_df_n_minus_1,includes_0,566432.2950000002,5664.322950000002,True,True,project pre-specified 1% band of |mean cost of right policy|; not an industry standard
baseline,calibrated_by_construction_T1.0,low,1000,delta_C_D1,C_expected_exposure,D1_cost_aware_topk,10,9,-273.2699999999953,2811.511564811117,889.0780212707236,2.2621571627409915,-2284.5042140531505,1737.9642140531596,student_t_df_n_minus_1,includes_0,527050.215,5270.502149999999,True,True,project pre-specified 1% band of |mean cost of right policy|; not an industry standard
baseline,calibrated_by_construction_T1.0,low,2000,delta_C_D1,C_expected_exposure,D1_cost_aware_topk,10,9,1904.7460000000021,1958.4006588722093,619.3006653210622,2.2621571627409915,503.79056405369965,3305.7014359463046,student_t_df_n_minus_1,excludes_0_positive,491772.745,4917.72745,True,True,project pre-specified 1% band of |mean cost of right policy|; not an industry standard
baseline,calibrated_by_construction_T1.0,low,5000,delta_C_D1,C_expected_exposure,D1_cost_aware_topk,10,9,3159.5130000000004,1356.2847231073624,428.8948880710068,2.2621571627409915,2189.2853568871765,4129.740643112824,student_t_df_n_minus_1,excludes_0_positive,493169.02800000005,4931.690280000001,True,True,project pre-specified 1% band of |mean cost of right policy|; not an industry standard
baseline,calibrated_by_construction_T1.0,low,10000,delta_C_D1,C_expected_exposure,D1_cost_aware_topk,10,9,9406.112999999988,4033.317227929401,1275.4468966253398,2.2621571627409915,6520.851667103207,12291.37433289677,student_t_df_n_minus_1,excludes_0_positive,582074.466,5820.74466,False,False,project pre-specified 1% band of |mean cost of right policy|; not an industry standard
baseline,temperature_T1.5,baseline,500,delta_C_D1,C_expected_exposure,D1_cost_aware_topk,10,9,2131.6540000000155,2694.8654156632624,852.1912701112308,2.2621571627409915,203.86341429255162,4059.4445857074793,student_t_df_n_minus_1,excludes_0_positive,570079.043,5700.79043,True,True,project pre-specified 1% band of |mean cost of right policy|; not an industry standard
baseline,temperature_T1.5,baseline,1000,delta_C_D1,C_expected_exposure,D1_cost_aware_topk,10,9,4847.433000000031,1675.9649908306576,529.9866649728091,2.2621571627409915,3648.5198696745806,6046.346130325481,student_t_df_n_minus_1,excludes_0_positive,553518.4659999999,5535.184659999999,True,False,project pre-specified 1% band of |mean cost of right policy|; not an industry standard
baseline,temperature_T1.5,baseline,2000,delta_C_D1,C_expected_exposure,D1_cost_aware_topk,10,9,11189.891000000003,2411.855854230913,762.6957887380738,2.2621571627409915,9464.553258513779,12915.228741486228,student_t_df_n_minus_1,excludes_0_positive,535302.223,5353.0222300000005,False,False,project pre-specified 1% band of |mean cost of right policy|; not an industry standard
baseline,temperature_T1.5,baseline,5000,delta_C_D1,C_expected_exposure,D1_cost_aware_topk,10,9,28235.12300000002,4630.104895617734,1464.1677275648206,2.2621571627409915,24922.94548763506,31547.300512364982,student_t_df_n_minus_1,excludes_0_positive,597018.441,5970.18441,False,False,project pre-specified 1% band of |mean cost of right policy|; not an industry standard
baseline,temperature_T1.5,baseline,10000,delta_C_D1,C_expected_exposure,D1_cost_aware_topk,10,9,67778.162,3633.2869835171705,1148.9462260956907,2.2621571627409915,65179.0650650334,70377.2589349666,student_t_df_n_minus_1,excludes_0_positive,767526.5999999999,7675.265999999999,False,False,project pre-specified 1% band of |mean cost of right policy|; not an industry standard
baseline,temperature_T1.5,high,500,delta_C_D1,C_expected_exposure,D1_cost_aware_topk,10,9,9339.506000000018,5157.711377947044,1631.0115468078204,2.2621571627409915,5649.901546875442,13029.110453124593,student_t_df_n_minus_1,excludes_0_positive,598448.977,5984.489769999999,False,False,project pre-specified 1% band of |mean cost of right policy|; not an industry standard
baseline,temperature_T1.5,high,1000,delta_C_D1,C_expected_exposure,D1_cost_aware_topk,10,9,24826.259,4656.348825813461,1472.4667869821171,2.2621571627409915,21495.30771093019,28157.210289069808,student_t_df_n_minus_1,excludes_0_positive,596370.5990000002,5963.705990000001,False,False,project pre-specified 1% band of |mean cost of right policy|; not an industry standard
baseline,temperature_T1.5,high,2000,delta_C_D1,C_expected_exposure,D1_cost_aware_topk,10,9,52921.64799999999,6255.306501446581,1978.1016007030544,2.2621571627409915,48446.87129534015,57396.424704659825,student_t_df_n_minus_1,excludes_0_positive,631279.8759999999,6312.79876,False,False,project pre-specified 1% band of |mean cost of right policy|; not an industry standard
baseline,temperature_T1.5,high,5000,delta_C_D1,C_expected_exposure,D1_cost_aware_topk,10,9,149245.19300000003,4253.162297883127,1344.9680119666223,2.2621571627409915,146202.66397807223,152287.72202192782,student_t_df_n_minus_1,excludes_0_positive,822070.4400000001,8220.7044,False,False,project pre-specified 1% band of |mean cost of right policy|; not an industry standard
baseline,temperature_T1.5,high,10000,delta_C_D1,C_expected_exposure,D1_cost_aware_topk,10,9,352053.91799999995,9939.916423020835,3143.2775648459574,2.2621571627409915,344943.3301422006,359164.5058577993,student_t_df_n_minus_1,excludes_0_positive,1209859.651,12098.596510000001,False,False,project pre-specified 1% band of |mean cost of right policy|; not an industry standard
baseline,temperature_T1.5,low,500,delta_C_D1,C_expected_exposure,D1_cost_aware_topk,10,9,28.446999999997207,969.2004362136342,306.48808876638236,2.2621571627409915,-664.8772252976715,721.7712252976659,student_t_df_n_minus_1,includes_0,569790.893,5697.9089300000005,True,True,project pre-specified 1% band of |mean cost of right policy|; not an industry standard
baseline,temperature_T1.5,low,1000,delta_C_D1,C_expected_exposure,D1_cost_aware_topk,10,9,1126.6449999999604,2390.552775425475,755.9591637181495,2.2621571627409915,-583.4534369447415,2836.7434369446623,student_t_df_n_minus_1,includes_0,536809.9389999999,5368.099389999999,True,True,project pre-specified 1% band of |mean cost of right policy|; not an industry standard
baseline,temperature_T1.5,low,2000,delta_C_D1,C_expected_exposure,D1_cost_aware_topk,10,9,2391.676999999996,1939.9477973277149,613.4653581382287,2.2621571627409915,1003.9219459941344,3779.432054005858,student_t_df_n_minus_1,excludes_0_positive,507306.049,5073.06049,True,True,project pre-specified 1% band of |mean cost of right policy|; not an industry standard
baseline,temperature_T1.5,low,5000,delta_C_D1,C_expected_exposure,D1_cost_aware_topk,10,9,6838.259000000003,1433.8875602164057,453.4350598865681,2.2621571627409915,5812.517631439712,7864.000368560293,student_t_df_n_minus_1,excludes_0_positive,505475.31500000006,5054.7531500000005,False,False,project pre-specified 1% band of |mean cost of right policy|; not an industry standard
baseline,temperature_T1.5,low,10000,delta_C_D1,C_expected_exposure,D1_cost_aware_topk,10,9,14972.820000000007,2272.743535793002,718.7046110530304,2.2621571627409915,13346.997216211415,16598.642783788597,student_t_df_n_minus_1,excludes_0_positive,595305.3200000001,5953.053200000001,False,False,project pre-specified 1% band of |mean cost of right policy|; not an industry standard
baseline,temperature_T2.5,baseline,500,delta_C_D1,C_expected_exposure,D1_cost_aware_topk,10,9,1762.0630000000006,1392.4950638097046,440.34560321801706,2.2621571627409915,765.9320395988607,2758.1939604011404,student_t_df_n_minus_1,excludes_0_positive,598442.1369999999,5984.421369999999,True,True,project pre-specified 1% band of |mean cost of right policy|; not an industry standard
baseline,temperature_T2.5,baseline,1000,delta_C_D1,C_expected_exposure,D1_cost_aware_topk,10,9,3779.3759999999893,1836.7881985514255,580.8434286740094,2.2621571627409915,2465.416877394043,5093.335122605936,student_t_df_n_minus_1,excludes_0_positive,583517.0229999999,5835.17023,True,True,project pre-specified 1% band of |mean cost of right policy|; not an industry standard
baseline,temperature_T2.5,baseline,2000,delta_C_D1,C_expected_exposure,D1_cost_aware_topk,10,9,10920.206999999984,2489.3575772344307,787.2039854659321,2.2621571627409915,9139.42786573997,12700.986134259998,student_t_df_n_minus_1,excludes_0_positive,579407.6429999999,5794.076429999999,False,False,project pre-specified 1% band of |mean cost of right policy|; not an industry standard
baseline,temperature_T2.5,baseline,5000,delta_C_D1,C_expected_exposure,D1_cost_aware_topk,10,9,27443.038,2389.5151251796433,755.6310298990034,2.2621571627409915,25733.68185332462,29152.394146675382,student_t_df_n_minus_1,excludes_0_positive,650410.861,6504.10861,False,False,project pre-specified 1% band of |mean cost of right policy|; not an industry standard
baseline,temperature_T2.5,baseline,10000,delta_C_D1,C_expected_exposure,D1_cost_aware_topk,10,9,58062.040000000015,3236.4857835003736,1023.4666690615785,2.2621571627409915,55746.7975437557,60377.28245624433,student_t_df_n_minus_1,excludes_0_positive,841962.631,8419.626310000001,False,False,project pre-specified 1% band of |mean cost of right policy|; not an industry standard
baseline,temperature_T2.5,high,500,delta_C_D1,C_expected_exposure,D1_cost_aware_topk,10,9,9895.276000000013,3537.3033146301464,1118.593524909447,2.2621571627409915,7364.841645430413,12425.710354569612,student_t_df_n_minus_1,excludes_0_positive,624870.208,6248.70208,False,False,project pre-specified 1% band of |mean cost of right policy|; not an industry standard
baseline,temperature_T2.5,high,1000,delta_C_D1,C_expected_exposure,D1_cost_aware_topk,10,9,23515.456999999995,2983.162851218482,943.3589241052412,2.2621571627409915,21381.430852799687,25649.483147200302,student_t_df_n_minus_1,excludes_0_positive,636173.3910000001,6361.733910000001,False,False,project pre-specified 1% band of |mean cost of right policy|; not an industry standard
baseline,temperature_T2.5,high,2000,delta_C_D1,C_expected_exposure,D1_cost_aware_topk,10,9,50604.97699999999,7678.021000165274,2428.003428312632,2.2621571627409915,45112.45165348289,56097.502346517096,student_t_df_n_minus_1,excludes_0_positive,688977.837,6889.778370000001,False,False,project pre-specified 1% band of |mean cost of right policy|; not an industry standard
baseline,temperature_T2.5,high,5000,delta_C_D1,C_expected_exposure,D1_cost_aware_topk,10,9,142627.09099999996,4859.562500558282,1536.7285933707442,2.2621571627409915,139150.76940531743,146103.41259468248,student_t_df_n_minus_1,excludes_0_positive,907534.517,9075.34517,False,False,project pre-specified 1% band of |mean cost of right policy|; not an industry standard
baseline,temperature_T2.5,high,10000,delta_C_D1,C_expected_exposure,D1_cost_aware_topk,10,9,328311.75,8956.682715800114,2832.3517661390947,2.2621571627409915,321904.52516482637,334718.97483517363,student_t_df_n_minus_1,excludes_0_positive,1334876.215,13348.76215,False,False,project pre-specified 1% band of |mean cost of right policy|; not an industry standard
baseline,temperature_T2.5,low,500,delta_C_D1,C_expected_exposure,D1_cost_aware_topk,10,9,514.4580000000075,1010.7880258029688,319.63923931624277,2.2621571627409915,-208.61619471231302,1237.532194712328,student_t_df_n_minus_1,includes_0,588747.404,5887.47404,True,True,project pre-specified 1% band of |mean cost of right policy|; not an industry standard
baseline,temperature_T2.5,low,1000,delta_C_D1,C_expected_exposure,D1_cost_aware_topk,10,9,1426.5649999999673,1575.9740157351036,498.3667422964968,2.2621571627409915,299.18110424205315,2553.9488957578815,student_t_df_n_minus_1,excludes_0_positive,566180.4299999999,5661.8043,True,True,project pre-specified 1% band of |mean cost of right policy|; not an industry standard
baseline,temperature_T2.5,low,2000,delta_C_D1,C_expected_exposure,D1_cost_aware_topk,10,9,3491.3670000000157,1085.5587504245912,343.28381852679854,2.2621571627409915,2714.80505106654,4267.9289489334915,student_t_df_n_minus_1,excludes_0_positive,540505.573,5405.05573,True,True,project pre-specified 1% band of |mean cost of right policy|; not an industry standard
baseline,temperature_T2.5,low,5000,delta_C_D1,C_expected_exposure,D1_cost_aware_topk,10,9,6327.377000000013,1556.0140717376546,492.0548537963623,2.2621571627409915,5214.271588023101,7440.4824119769255,student_t_df_n_minus_1,excludes_0_positive,551267.1619999999,5512.671619999999,False,False,project pre-specified 1% band of |mean cost of right policy|; not an industry standard
baseline,temperature_T2.5,low,10000,delta_C_D1,C_expected_exposure,D1_cost_aware_topk,10,9,12279.608999999997,1330.4683768963262,420.73104258197355,2.2621571627409915,11327.8492584357,13231.368741564293,student_t_df_n_minus_1,excludes_0_positive,646389.949,6463.899490000001,False,False,project pre-specified 1% band of |mean cost of right policy|; not an industry standard
high,calibrated_by_construction_T1.0,baseline,500,delta_C_D1,C_expected_exposure,D1_cost_aware_topk,10,9,156.6090000000084,1709.630299200164,540.6325702307661,2.2621571627409915,-1066.3868411585913,1379.604841158608,student_t_df_n_minus_1,includes_0,966771.541,9667.71541,True,True,project pre-specified 1% band of |mean cost of right policy|; not an industry standard
high,calibrated_by_construction_T1.0,baseline,1000,delta_C_D1,C_expected_exposure,D1_cost_aware_topk,10,9,1140.7519999999902,2249.2881535662063,711.2873679303797,2.2621571627409915,-468.2918141309053,2749.7958141308854,student_t_df_n_minus_1,includes_0,922535.0619999999,9225.35062,True,True,project pre-specified 1% band of |mean cost of right policy|; not an industry standard
high,calibrated_by_construction_T1.0,baseline,2000,delta_C_D1,C_expected_exposure,D1_cost_aware_topk,10,9,3625.469000000018,3060.71397077891,967.8827413959401,2.2621571627409915,1435.966123857805,5814.97187614223,student_t_df_n_minus_1,excludes_0_positive,861555.53,8615.5553,True,True,project pre-specified 1% band of |mean cost of right policy|; not an industry standard
high,calibrated_by_construction_T1.0,baseline,5000,delta_C_D1,C_expected_exposure,D1_cost_aware_topk,10,9,13421.157000000017,3787.7262399376423,1197.784207138838,2.2621571627409915,10711.580876402855,16130.73312359718,student_t_df_n_minus_1,excludes_0_positive,822717.677,8227.17677,False,False,project pre-specified 1% band of |mean cost of right policy|; not an industry standard
high,calibrated_by_construction_T1.0,baseline,10000,delta_C_D1,C_expected_exposure,D1_cost_aware_topk,10,9,35492.70999999998,6270.781937768558,1982.995363359289,2.2621571627409915,31006.862835094587,39978.55716490537,student_t_df_n_minus_1,excludes_0_positive,917547.0630000001,9175.470630000002,False,False,project pre-specified 1% band of |mean cost of right policy|; not an industry standard
high,calibrated_by_construction_T1.0,high,500,delta_C_D1,C_expected_exposure,D1_cost_aware_topk,10,9,3132.4680000000053,4856.4192496731275,1535.7346101653013,2.2621571627409915,-341.6050484546754,6606.5410484546865,student_t_df_n_minus_1,includes_0,994413.8230000001,9944.13823,True,True,project pre-specified 1% band of |mean cost of right policy|; not an industry standard
high,calibrated_by_construction_T1.0,high,1000,delta_C_D1,C_expected_exposure,D1_cost_aware_topk,10,9,12550.153999999991,5652.424718217451,1787.4536412202592,2.2621571627409915,8506.652942446115,16593.655057553868,student_t_df_n_minus_1,excludes_0_positive,957550.8379999999,9575.50838,False,False,project pre-specified 1% band of |mean cost of right policy|; not an industry standard
high,calibrated_by_construction_T1.0,high,2000,delta_C_D1,C_expected_exposure,D1_cost_aware_topk,10,9,22841.177999999993,8840.085884711993,2795.4806107194554,2.2621571627409915,16517.361513157415,29164.99448684257,student_t_df_n_minus_1,excludes_0_positive,946920.1110000001,9469.201110000002,False,False,project pre-specified 1% band of |mean cost of right policy|; not an industry standard
high,calibrated_by_construction_T1.0,high,5000,delta_C_D1,C_expected_exposure,D1_cost_aware_topk,10,9,84510.13,7947.749808295827,2513.299166738141,2.2621571627409915,78824.65228785235,90195.60771214766,student_t_df_n_minus_1,excludes_0_positive,1033771.371,10337.71371,False,False,project pre-specified 1% band of |mean cost of right policy|; not an industry standard
high,calibrated_by_construction_T1.0,high,10000,delta_C_D1,C_expected_exposure,D1_cost_aware_topk,10,9,227374.53199999998,11747.591129473478,3714.9144989526194,2.2621571627409915,218970.81155722396,235778.252442776,student_t_df_n_minus_1,excludes_0_positive,1331655.997,13316.55997,False,False,project pre-specified 1% band of |mean cost of right policy|; not an industry standard
high,calibrated_by_construction_T1.0,low,500,delta_C_D1,C_expected_exposure,D1_cost_aware_topk,10,9,-269.3090000000084,1216.5349331464383,384.70212419034146,2.2621571627409915,-1139.5656657588638,600.947665758847,student_t_df_n_minus_1,includes_0,961634.2469999999,9616.34247,True,True,project pre-specified 1% band of |mean cost of right policy|; not an industry standard
high,calibrated_by_construction_T1.0,low,1000,delta_C_D1,C_expected_exposure,D1_cost_aware_topk,10,9,84.50999999998604,1442.6543968439855,456.20737704834227,2.2621571627409915,-947.5027856852017,1116.5227856851739,student_t_df_n_minus_1,includes_0,906104.521,9061.04521,True,True,project pre-specified 1% band of |mean cost of right policy|; not an industry standard
high,calibrated_by_construction_T1.0,low,2000,delta_C_D1,C_expected_exposure,D1_cost_aware_topk,10,9,386.4460000000312,1852.2589662907176,585.7357149947711,2.2621571627409915,-938.5802431486062,1711.4722431486684,student_t_df_n_minus_1,includes_0,826058.14,8260.581400000001,True,True,project pre-specified 1% band of |mean cost of right policy|; not an industry standard
high,calibrated_by_construction_T1.0,low,5000,delta_C_D1,C_expected_exposure,D1_cost_aware_topk,10,9,3636.140000000014,2570.309519804991,812.8032374197437,2.2621571627409915,1797.451334571874,5474.828665428154,student_t_df_n_minus_1,excludes_0_positive,739947.403,7399.47403,True,True,project pre-specified 1% band of |mean cost of right policy|; not an industry standard
high,calibrated_by_construction_T1.0,low,10000,delta_C_D1,C_expected_exposure,D1_cost_aware_topk,10,9,8263.870999999996,4336.287452547524,1371.2544939259485,2.2621571627409915,5161.8778246246375,11365.864175375355,student_t_df_n_minus_1,excludes_0_positive,758765.826,7587.65826,False,False,project pre-specified 1% band of |mean cost of right policy|; not an industry standard
high,temperature_T1.5,baseline,500,delta_C_D1,C_expected_exposure,D1_cost_aware_topk,10,9,2375.9080000000076,2770.2716040601845,876.0368006118342,2.2621571627409915,394.17507667124505,4357.64092332877,student_t_df_n_minus_1,excludes_0_positive,978685.543,9786.85543,True,True,project pre-specified 1% band of |mean cost of right policy|; not an industry standard
high,temperature_T1.5,baseline,1000,delta_C_D1,C_expected_exposure,D1_cost_aware_topk,10,9,3360.3289999999806,2827.2153873986026,894.0440060054891,2.2621571627409915,1337.8609480090133,5382.797051990948,student_t_df_n_minus_1,excludes_0_positive,927934.924,9279.34924,True,True,project pre-specified 1% band of |mean cost of right policy|; not an industry standard
high,temperature_T1.5,baseline,2000,delta_C_D1,C_expected_exposure,D1_cost_aware_topk,10,9,8976.553000000025,2457.368735267004,777.088225433107,2.2621571627409915,7218.657304754835,10734.448695245215,student_t_df_n_minus_1,excludes_0_positive,876287.589,8762.875890000001,False,False,project pre-specified 1% band of |mean cost of right policy|; not an industry standard
high,temperature_T1.5,baseline,5000,delta_C_D1,C_expected_exposure,D1_cost_aware_topk,10,9,25833.977000000003,3110.75067302644,983.7057359665262,2.2621571627409915,23608.680023353925,28059.27397664608,student_t_df_n_minus_1,excludes_0_positive,838040.594,8380.40594,False,False,project pre-specified 1% band of |mean cost of right policy|; not an industry standard
high,temperature_T1.5,baseline,10000,delta_C_D1,C_expected_exposure,D1_cost_aware_topk,10,9,53412.952999999994,4814.642284670198,1522.5235738514614,2.2621571627409915,49968.7653919699,56857.14060803009,student_t_df_n_minus_1,excludes_0_positive,943776.777,9437.76777,False,False,project pre-specified 1% band of |mean cost of right policy|; not an industry standard
high,temperature_T1.5,high,500,delta_C_D1,C_expected_exposure,D1_cost_aware_topk,10,9,7561.323999999999,4572.921101854074,1446.0846242105706,2.2621571627409915,4290.053309412441,10832.594690587557,student_t_df_n_minus_1,excludes_0_positive,1002705.951,10027.059510000001,True,False,project pre-specified 1% band of |mean cost of right policy|; not an industry standard
high,temperature_T1.5,high,1000,delta_C_D1,C_expected_exposure,D1_cost_aware_topk,10,9,16137.66299999999,3813.141193041194,1205.8211209821968,2.2621571627409915,13409.906114185742,18865.419885814237,student_t_df_n_minus_1,excludes_0_positive,963594.354,9635.94354,False,False,project pre-specified 1% band of |mean cost of right policy|; not an industry standard
high,temperature_T1.5,high,2000,delta_C_D1,C_expected_exposure,D1_cost_aware_topk,10,9,41621.21000000001,3680.1138465330678,1163.7541803767842,2.2621571627409915,38988.615145190895,44253.80485480912,student_t_df_n_minus_1,excludes_0_positive,957398.701,9573.98701,False,False,project pre-specified 1% band of |mean cost of right policy|; not an industry standard
high,temperature_T1.5,high,5000,delta_C_D1,C_expected_exposure,D1_cost_aware_topk,10,9,126297.98899999999,8890.397636027144,2811.3905834422408,2.2621571627409915,119938.18165440354,132657.79634559643,student_t_df_n_minus_1,excludes_0_positive,1054212.542,10542.125419999998,False,False,project pre-specified 1% band of |mean cost of right policy|; not an industry standard
high,temperature_T1.5,high,10000,delta_C_D1,C_expected_exposure,D1_cost_aware_topk,10,9,275172.006,9163.583893800227,2897.7796634443225,2.2621571627409915,268616.77297829423,281727.23902170575,student_t_df_n_minus_1,excludes_0_positive,1377828.4849999999,13778.284849999998,False,False,project pre-specified 1% band of |mean cost of right policy|; not an industry standard
high,temperature_T1.5,low,500,delta_C_D1,C_expected_exposure,D1_cost_aware_topk,10,9,480.86899999998275,1132.7120859585664,358.19501248294995,2.2621571627409915,-329.42441314642133,1291.1624131463868,student_t_df_n_minus_1,includes_0,968668.4290000001,9686.684290000001,True,True,project pre-specified 1% band of |mean cost of right policy|; not an industry standard
high,temperature_T1.5,low,1000,delta_C_D1,C_expected_exposure,D1_cost_aware_topk,10,9,1501.3910000000149,1619.8841347210848,512.2523411289671,2.2621571627409915,342.5956973842799,2660.18630261575,student_t_df_n_minus_1,excludes_0_positive,907322.303,9073.22303,True,True,project pre-specified 1% band of |mean cost of right policy|; not an industry standard
high,temperature_T1.5,low,2000,delta_C_D1,C_expected_exposure,D1_cost_aware_topk,10,9,2957.094999999984,2487.848494146659,786.7267714923522,2.2621571627409915,1177.395398748464,4736.794601251504,student_t_df_n_minus_1,excludes_0_positive,840841.3399999999,8408.4134,True,True,project pre-specified 1% band of |mean cost of right policy|; not an industry standard
high,temperature_T1.5,low,5000,delta_C_D1,C_expected_exposure,D1_cost_aware_topk,10,9,6499.291000000003,1694.1884024082233,535.7494137051881,2.2621571627409915,5287.341626352525,7711.240373647481,student_t_df_n_minus_1,excludes_0_positive,768234.732,7682.34732,True,False,project pre-specified 1% band of |mean cost of right policy|; not an industry standard
high,temperature_T1.5,low,10000,delta_C_D1,C_expected_exposure,D1_cost_aware_topk,10,9,14344.244000000006,2591.472842875264,819.4956677957488,2.2621571627409915,12490.41600526064,16198.071994739372,student_t_df_n_minus_1,excludes_0_positive,774083.749,7740.83749,False,False,project pre-specified 1% band of |mean cost of right policy|; not an industry standard
high,temperature_T2.5,baseline,500,delta_C_D1,C_expected_exposure,D1_cost_aware_topk,10,9,1846.1520000000019,2083.236446220713,658.7772074732326,2.2621571627409915,355.8944214639205,3336.4095785360832,student_t_df_n_minus_1,excludes_0_positive,1002911.9349999998,10029.119349999999,True,True,project pre-specified 1% band of |mean cost of right policy|; not an industry standard
high,temperature_T2.5,baseline,1000,delta_C_D1,C_expected_exposure,D1_cost_aware_topk,10,9,5227.222000000009,2670.878109610323,844.6058179053476,2.2621571627409915,3316.590899332713,7137.853100667305,student_t_df_n_minus_1,excludes_0_positive,965690.322,9656.90322,True,True,project pre-specified 1% band of |mean cost of right policy|; not an industry standard
high,temperature_T2.5,baseline,2000,delta_C_D1,C_expected_exposure,D1_cost_aware_topk,10,9,8964.88400000002,3105.9678686761786,982.1932804315474,2.2621571627409915,6743.008435475724,11186.759564524316,student_t_df_n_minus_1,excludes_0_positive,922383.7640000001,9223.837640000002,True,False,project pre-specified 1% band of |mean cost of right policy|; not an industry standard
high,temperature_T2.5,baseline,5000,delta_C_D1,C_expected_exposure,D1_cost_aware_topk,10,9,25672.676000000014,2246.514601481844,710.4102937508104,2.2621571627409915,24065.616265506687,27279.73573449334,student_t_df_n_minus_1,excludes_0_positive,912627.0179999999,9126.27018,False,False,project pre-specified 1% band of |mean cost of right policy|; not an industry standard
high,temperature_T2.5,baseline,10000,delta_C_D1,C_expected_exposure,D1_cost_aware_topk,10,9,55556.714,3155.003345337941,997.6996596718673,2.2621571627409915,53299.76056860904,57813.66743139096,student_t_df_n_minus_1,excludes_0_positive,1028993.2640000001,10289.93264,False,False,project pre-specified 1% band of |mean cost of right policy|; not an industry standard
high,temperature_T2.5,high,500,delta_C_D1,C_expected_exposure,D1_cost_aware_topk,10,9,11762.208000000008,4576.196055774332,1447.1202555725822,2.2621571627409915,8488.594548508918,15035.821451491098,student_t_df_n_minus_1,excludes_0_positive,1019709.335,10197.09335,False,False,project pre-specified 1% band of |mean cost of right policy|; not an industry standard
high,temperature_T2.5,high,1000,delta_C_D1,C_expected_exposure,D1_cost_aware_topk,10,9,21900.56100000001,3898.892265190925,1232.937990961655,2.2621571627409915,19111.461492530612,24689.660507469405,student_t_df_n_minus_1,excludes_0_positive,1010963.7880000001,10109.63788,False,False,project pre-specified 1% band of |mean cost of right policy|; not an industry standard
high,temperature_T2.5,high,2000,delta_C_D1,C_expected_exposure,D1_cost_aware_topk,10,9,43264.95100000004,4469.409824470835,1413.3514842061197,2.2621571627409915,40067.727816532555,46462.17418346752,student_t_df_n_minus_1,excludes_0_positive,1022895.436,10228.95436,False,False,project pre-specified 1% band of |mean cost of right policy|; not an industry standard
high,temperature_T2.5,high,5000,delta_C_D1,C_expected_exposure,D1_cost_aware_topk,10,9,133122.162,7294.245676907559,2306.643015186455,2.2621571627409915,127904.1729813095,138340.15101869052,student_t_df_n_minus_1,excludes_0_positive,1161512.586,11615.125859999998,False,False,project pre-specified 1% band of |mean cost of right policy|; not an industry standard
high,temperature_T2.5,high,10000,delta_C_D1,C_expected_exposure,D1_cost_aware_topk,10,9,287818.215,7062.276397772824,2233.2878882611412,2.2621571627409915,282766.1668071074,292870.26319289266,student_t_df_n_minus_1,excludes_0_positive,1513974.314,15139.74314,False,False,project pre-specified 1% band of |mean cost of right policy|; not an industry standard
high,temperature_T2.5,low,500,delta_C_D1,C_expected_exposure,D1_cost_aware_topk,10,9,1169.9679999999935,1236.3336914693373,390.96304130469906,2.2621571627409915,285.5481557455664,2054.3878442544205,student_t_df_n_minus_1,excludes_0_positive,994596.793,9945.967929999999,True,True,project pre-specified 1% band of |mean cost of right policy|; not an industry standard
high,temperature_T2.5,low,1000,delta_C_D1,C_expected_exposure,D1_cost_aware_topk,10,9,1684.0430000000051,845.3498277314277,267.32308752622816,2.2621571627409915,1079.316162786511,2288.769837213499,student_t_df_n_minus_1,excludes_0_positive,950095.3930000002,9500.953930000001,True,True,project pre-specified 1% band of |mean cost of right policy|; not an industry standard
high,temperature_T2.5,low,2000,delta_C_D1,C_expected_exposure,D1_cost_aware_topk,10,9,3770.9930000000168,1843.7439318532242,583.0430246770461,2.2621571627409915,2452.0580455406644,5089.927954459369,student_t_df_n_minus_1,excludes_0_positive,880969.091,8809.690910000001,True,True,project pre-specified 1% band of |mean cost of right policy|; not an industry standard
high,temperature_T2.5,low,5000,delta_C_D1,C_expected_exposure,D1_cost_aware_topk,10,9,6119.374999999988,2146.007551230626,678.6271737809258,2.2621571627409915,4584.213678000791,7654.536321999185,student_t_df_n_minus_1,excludes_0_positive,824458.401,8244.58401,True,True,project pre-specified 1% band of |mean cost of right policy|; not an industry standard
high,temperature_T2.5,low,10000,delta_C_D1,C_expected_exposure,D1_cost_aware_topk,10,9,13990.090999999991,1483.3706648369932,469.082991516314,2.2621571627409915,12928.95155082139,15051.230449178593,student_t_df_n_minus_1,excludes_0_positive,849486.901,8494.86901,False,False,project pre-specified 1% band of |mean cost of right policy|; not an industry standard
low,calibrated_by_construction_T1.0,baseline,500,delta_C_D1,C_expected_exposure,D1_cost_aware_topk,10,9,1286.3390000000013,2222.4358360714086,702.795919556625,2.2621571627409915,-303.49582337015954,2876.173823370162,student_t_df_n_minus_1,includes_0,326391.965,3263.9196500000003,True,True,project pre-specified 1% band of |mean cost of right policy|; not an industry standard
low,calibrated_by_construction_T1.0,baseline,1000,delta_C_D1,C_expected_exposure,D1_cost_aware_topk,10,9,2625.3149999999964,2151.4767754433647,680.3566943355653,2.2621571627409915,1086.241230690014,4164.388769309979,student_t_df_n_minus_1,excludes_0_positive,317880.539,3178.80539,True,False,project pre-specified 1% band of |mean cost of right policy|; not an industry standard
low,calibrated_by_construction_T1.0,baseline,2000,delta_C_D1,C_expected_exposure,D1_cost_aware_topk,10,9,8255.903000000002,2407.9263772800487,761.4531790202874,2.2621571627409915,6533.37623698736,9978.429763012644,student_t_df_n_minus_1,excludes_0_positive,339283.01,3392.8301,False,False,project pre-specified 1% band of |mean cost of right policy|; not an industry standard
low,calibrated_by_construction_T1.0,baseline,5000,delta_C_D1,C_expected_exposure,D1_cost_aware_topk,10,9,32106.187000000016,4061.5550659296573,1284.3764850533064,2.2621571627409915,29200.72553468058,35011.64846531945,student_t_df_n_minus_1,excludes_0_positive,433289.24400000006,4332.8924400000005,False,False,project pre-specified 1% band of |mean cost of right policy|; not an industry standard
low,calibrated_by_construction_T1.0,baseline,10000,delta_C_D1,C_expected_exposure,D1_cost_aware_topk,10,9,94312.03400000001,5184.273574413282,1639.4112508568394,2.2621571627409915,90603.42809619605,98020.63990380398,student_t_df_n_minus_1,excludes_0_positive,641750.612,6417.50612,False,False,project pre-specified 1% band of |mean cost of right policy|; not an industry standard
low,calibrated_by_construction_T1.0,high,500,delta_C_D1,C_expected_exposure,D1_cost_aware_topk,10,9,8191.233000000002,3314.5517682990594,1048.1533010363712,2.2621571627409915,5820.14550240996,10562.320497590044,student_t_df_n_minus_1,excludes_0_positive,346725.289,3467.2528899999998,False,False,project pre-specified 1% band of |mean cost of right policy|; not an industry standard
low,calibrated_by_construction_T1.0,high,1000,delta_C_D1,C_expected_exposure,D1_cost_aware_topk,10,9,21123.631999999994,4144.27540403975,1310.5349527780186,2.2621571627409915,18158.99596955077,24088.268030449217,student_t_df_n_minus_1,excludes_0_positive,369977.538,3699.77538,False,False,project pre-specified 1% band of |mean cost of right policy|; not an industry standard
low,calibrated_by_construction_T1.0,high,2000,delta_C_D1,C_expected_exposure,D1_cost_aware_topk,10,9,53904.159,6778.297541883128,2143.4858890671253,2.2621571627409915,49055.25704281256,58753.06095718744,student_t_df_n_minus_1,excludes_0_positive,422203.654,4222.03654,False,False,project pre-specified 1% band of |mean cost of right policy|; not an industry standard
low,calibrated_by_construction_T1.0,high,5000,delta_C_D1,C_expected_exposure,D1_cost_aware_topk,10,9,180444.12799999997,11067.813268109981,3499.9498644659375,2.2621571627409915,172526.691344864,188361.56465513594,student_t_df_n_minus_1,excludes_0_positive,644610.1420000001,6446.101420000001,False,False,project pre-specified 1% band of |mean cost of right policy|; not an industry standard
low,calibrated_by_construction_T1.0,high,10000,delta_C_D1,C_expected_exposure,D1_cost_aware_topk,10,9,430138.74199999997,7421.818482216712,2346.9850784138694,2.2621571627409915,424829.4928940198,435447.9911059801,student_t_df_n_minus_1,excludes_0_positive,1060755.098,10607.55098,False,False,project pre-specified 1% band of |mean cost of right policy|; not an industry standard
low,calibrated_by_construction_T1.0,low,500,delta_C_D1,C_expected_exposure,D1_cost_aware_topk,10,9,1002.7159999999858,762.885383166384,241.24554044560503,2.2621571627409915,456.9806727016388,1548.4513272983327,student_t_df_n_minus_1,excludes_0_positive,313917.00200000004,3139.1700200000005,True,True,project pre-specified 1% band of |mean cost of right policy|; not an industry standard
low,calibrated_by_construction_T1.0,low,1000,delta_C_D1,C_expected_exposure,D1_cost_aware_topk,10,9,153.69100000000327,1549.719742401116,490.06441209169446,2.2621571627409915,-954.9117200176763,1262.2937200176827,student_t_df_n_minus_1,includes_0,305991.41,3059.9141,True,True,project pre-specified 1% band of |mean cost of right policy|; not an industry standard
low,calibrated_by_construction_T1.0,low,2000,delta_C_D1,C_expected_exposure,D1_cost_aware_topk,10,9,355.5609999999986,2420.2965600954894,765.3649742972341,2.2621571627409915,-1375.8148587175644,2086.936858717562,student_t_df_n_minus_1,includes_0,306931.029,3069.31029,True,True,project pre-specified 1% band of |mean cost of right policy|; not an industry standard
low,calibrated_by_construction_T1.0,low,5000,delta_C_D1,C_expected_exposure,D1_cost_aware_topk,10,9,5163.59800000001,2702.8588803618754,854.7190255956076,2.2621571627409915,3230.089234117905,7097.106765882115,student_t_df_n_minus_1,excludes_0_positive,352796.022,3527.96022,False,False,project pre-specified 1% band of |mean cost of right policy|; not an industry standard
low,calibrated_by_construction_T1.0,low,10000,delta_C_D1,C_expected_exposure,D1_cost_aware_topk,10,9,16073.703000000003,2971.7279288546047,939.7428841515363,2.2621571627409915,13947.856903481726,18199.54909651828,student_t_df_n_minus_1,excludes_0_positive,482557.92199999996,4825.57922,False,False,project pre-specified 1% band of |mean cost of right policy|; not an industry standard
low,temperature_T1.5,baseline,500,delta_C_D1,C_expected_exposure,D1_cost_aware_topk,10,9,3646.658999999991,2109.3100846983175,667.022415920936,2.2621571627409915,2137.7494641156445,5155.5685358843375,student_t_df_n_minus_1,excludes_0_positive,331688.151,3316.88151,False,False,project pre-specified 1% band of |mean cost of right policy|; not an industry standard
low,temperature_T1.5,baseline,1000,delta_C_D1,C_expected_exposure,D1_cost_aware_topk,10,9,5673.191000000003,2669.544067894785,844.1839568738696,2.2621571627409915,3763.514215286747,7582.86778471326,student_t_df_n_minus_1,excludes_0_positive,333893.929,3338.9392900000003,False,False,project pre-specified 1% band of |mean cost of right policy|; not an industry standard
low,temperature_T1.5,baseline,2000,delta_C_D1,C_expected_exposure,D1_cost_aware_topk,10,9,11795.180000000011,2546.6605767728256,805.3247849960226,2.2621571627409915,9973.40876928841,13616.951230711613,student_t_df_n_minus_1,excludes_0_positive,342891.26599999995,3428.9126599999995,False,False,project pre-specified 1% band of |mean cost of right policy|; not an industry standard
low,temperature_T1.5,baseline,5000,delta_C_D1,C_expected_exposure,D1_cost_aware_topk,10,9,34191.81700000002,2834.0961176872524,896.2198839732332,2.2621571627409915,32164.426770079066,36219.20722992097,student_t_df_n_minus_1,excludes_0_positive,451084.108,4510.84108,False,False,project pre-specified 1% band of |mean cost of right policy|; not an industry standard
low,temperature_T1.5,baseline,10000,delta_C_D1,C_expected_exposure,D1_cost_aware_topk,10,9,85120.98900000002,4163.795296330424,1316.7076847099877,2.2621571627409915,82142.38927979721,88099.58872020282,student_t_df_n_minus_1,excludes_0_positive,669373.177,6693.73177,False,False,project pre-specified 1% band of |mean cost of right policy|; not an industry standard
low,temperature_T1.5,high,500,delta_C_D1,C_expected_exposure,D1_cost_aware_topk,10,9,11590.78899999999,3943.466639759857,1247.033645853186,2.2621571627409915,8769.802905854192,14411.775094145787,student_t_df_n_minus_1,excludes_0_positive,355947.803,3559.47803,False,False,project pre-specified 1% band of |mean cost of right policy|; not an industry standard
low,temperature_T1.5,high,1000,delta_C_D1,C_expected_exposure,D1_cost_aware_topk,10,9,27353.041999999998,4427.658162243836,1400.1484493325863,2.2621571627409915,24185.686156441596,30520.3978435584,student_t_df_n_minus_1,excludes_0_positive,375762.299,3757.62299,False,False,project pre-specified 1% band of |mean cost of right policy|; not an industry standard
low,temperature_T1.5,high,2000,delta_C_D1,C_expected_exposure,D1_cost_aware_topk,10,9,65401.268,7507.524821269198,2374.0878025459187,2.2621571627409915,60030.708272494725,70771.82772750527,student_t_df_n_minus_1,excludes_0_positive,441770.08100000006,4417.700810000001,False,False,project pre-specified 1% band of |mean cost of right policy|; not an industry standard
low,temperature_T1.5,high,5000,delta_C_D1,C_expected_exposure,D1_cost_aware_topk,10,9,196263.023,6582.160591788231,2081.46193950526,2.2621571627409915,191554.4289645754,200971.61703542457,student_t_df_n_minus_1,excludes_0_positive,665686.454,6656.8645400000005,False,False,project pre-specified 1% band of |mean cost of right policy|; not an industry standard
low,temperature_T1.5,high,10000,delta_C_D1,C_expected_exposure,D1_cost_aware_topk,10,9,436868.454,7870.7521986687325,2488.9503846571283,2.2621571627409915,431238.05705964094,442498.8509403591,student_t_df_n_minus_1,excludes_0_positive,1093403.8800000001,10934.038800000002,False,False,project pre-specified 1% band of |mean cost of right policy|; not an industry standard
low,temperature_T1.5,low,500,delta_C_D1,C_expected_exposure,D1_cost_aware_topk,10,9,958.1930000000051,1040.6751315484246,329.0903719988372,2.2621571627409915,213.73885779373802,1702.6471422062723,student_t_df_n_minus_1,excludes_0_positive,324477.24299999996,3244.7724299999995,True,True,project pre-specified 1% band of |mean cost of right policy|; not an industry standard
low,temperature_T1.5,low,1000,delta_C_D1,C_expected_exposure,D1_cost_aware_topk,10,9,1333.0540000000037,1125.482906372981,355.90894517246574,2.2621571627409915,527.9320303945195,2138.175969605488,student_t_df_n_minus_1,excludes_0_positive,305865.775,3058.6577500000003,True,True,project pre-specified 1% band of |mean cost of right policy|; not an industry standard
low,temperature_T1.5,low,2000,delta_C_D1,C_expected_exposure,D1_cost_aware_topk,10,9,1871.1560000000056,1277.796038812316,404.07458677878344,2.2621571627409915,957.0757792367743,2785.236220763237,student_t_df_n_minus_1,excludes_0_positive,308463.552,3084.6355200000003,True,True,project pre-specified 1% band of |mean cost of right policy|; not an industry standard
low,temperature_T1.5,low,5000,delta_C_D1,C_expected_exposure,D1_cost_aware_topk,10,9,7981.663000000006,2848.6673705438266,900.8277187121341,2.2621571627409915,5943.849123719725,10019.476876280287,student_t_df_n_minus_1,excludes_0_positive,359529.26900000003,3595.29269,False,False,project pre-specified 1% band of |mean cost of right policy|; not an industry standard
low,temperature_T1.5,low,10000,delta_C_D1,C_expected_exposure,D1_cost_aware_topk,10,9,16579.582000000002,3033.274917869029,959.2057509926306,2.2621571627409915,14409.70783984967,18749.456160150334,student_t_df_n_minus_1,excludes_0_positive,496017.475,4960.17475,False,False,project pre-specified 1% band of |mean cost of right policy|; not an industry standard
low,temperature_T2.5,baseline,500,delta_C_D1,C_expected_exposure,D1_cost_aware_topk,10,9,2014.5260000000067,1695.7067985238436,536.2295727167593,2.2621571627409915,801.4904312052481,3227.561568794765,student_t_df_n_minus_1,excludes_0_positive,351012.26599999995,3510.1226599999995,True,True,project pre-specified 1% band of |mean cost of right policy|; not an industry standard
low,temperature_T2.5,baseline,1000,delta_C_D1,C_expected_exposure,D1_cost_aware_topk,10,9,4569.023000000004,1918.1965716790085,606.5870166432102,2.2621571627409915,3196.827835474877,5941.218164525131,student_t_df_n_minus_1,excludes_0_positive,348119.18499999994,3481.1918499999992,False,False,project pre-specified 1% band of |mean cost of right policy|; not an industry standard
low,temperature_T2.5,baseline,2000,delta_C_D1,C_expected_exposure,D1_cost_aware_topk,10,9,10310.102999999997,2860.7127043955384,904.6367877269879,2.2621571627409915,8263.67241096439,12356.533589035605,student_t_df_n_minus_1,excludes_0_positive,375166.052,3751.6605200000004,False,False,project pre-specified 1% band of |mean cost of right policy|; not an industry standard
low,temperature_T2.5,baseline,5000,delta_C_D1,C_expected_exposure,D1_cost_aware_topk,10,9,27357.852000000014,2434.248640367058,769.7770094727999,2.2621571627409915,25616.49542430778,29099.208575692246,student_t_df_n_minus_1,excludes_0_positive,490361.88,4903.6188,False,False,project pre-specified 1% band of |mean cost of right policy|; not an industry standard
low,temperature_T2.5,baseline,10000,delta_C_D1,C_expected_exposure,D1_cost_aware_topk,10,9,66083.72699999998,2293.5789618268,725.2933512817074,2.2621571627409915,64442.99945030965,67724.45454969032,student_t_df_n_minus_1,excludes_0_positive,728245.4119999999,7282.454119999999,False,False,project pre-specified 1% band of |mean cost of right policy|; not an industry standard
low,temperature_T2.5,high,500,delta_C_D1,C_expected_exposure,D1_cost_aware_topk,10,9,12381.399,3229.10071652723,1021.1313058307766,2.2621571627409915,10071.439502415846,14691.358497584153,student_t_df_n_minus_1,excludes_0_positive,376317.609,3763.17609,False,False,project pre-specified 1% band of |mean cost of right policy|; not an industry standard
low,temperature_T2.5,high,1000,delta_C_D1,C_expected_exposure,D1_cost_aware_topk,10,9,25122.581000000013,4616.008307587964,1459.7099950237066,2.2621571627409915,21820.48757923252,28424.674420767507,student_t_df_n_minus_1,excludes_0_positive,409102.47299999994,4091.0247299999996,False,False,project pre-specified 1% band of |mean cost of right policy|; not an industry standard
low,temperature_T2.5,high,2000,delta_C_D1,C_expected_exposure,D1_cost_aware_topk,10,9,57760.96599999999,4300.09922980131,1359.8107730907934,2.2621571627409915,54684.86031968029,60837.0716803197,student_t_df_n_minus_1,excludes_0_positive,484361.20599999995,4843.6120599999995,False,False,project pre-specified 1% band of |mean cost of right policy|; not an industry standard
low,temperature_T2.5,high,5000,delta_C_D1,C_expected_exposure,D1_cost_aware_topk,10,9,165479.555,5439.630120683772,1720.1620810217314,2.2621571627409915,161588.27802734124,169370.83197265875,student_t_df_n_minus_1,excludes_0_positive,749629.297,7496.29297,False,False,project pre-specified 1% band of |mean cost of right policy|; not an industry standard
low,temperature_T2.5,high,10000,delta_C_D1,C_expected_exposure,D1_cost_aware_topk,10,9,388453.11400000006,9555.014717435315,3021.5609583525775,2.2621571627409915,381617.86823540425,395288.35976459587,student_t_df_n_minus_1,excludes_0_positive,1210653.742,12106.53742,False,False,project pre-specified 1% band of |mean cost of right policy|; not an industry standard
low,temperature_T2.5,low,500,delta_C_D1,C_expected_exposure,D1_cost_aware_topk,10,9,1059.1409999999917,898.8549027815665,284.2428778798968,2.2621571627409915,416.13893784587015,1702.143062154113,student_t_df_n_minus_1,excludes_0_positive,332316.89499999996,3323.1689499999998,True,True,project pre-specified 1% band of |mean cost of right policy|; not an industry standard
low,temperature_T2.5,low,1000,delta_C_D1,C_expected_exposure,D1_cost_aware_topk,10,9,643.2280000000028,1304.297659515568,412.4551350895984,2.2621571627409915,-289.81033815223554,1576.2663381522411,student_t_df_n_minus_1,includes_0,329327.81999999995,3293.2781999999997,True,True,project pre-specified 1% band of |mean cost of right policy|; not an industry standard
low,temperature_T2.5,low,2000,delta_C_D1,C_expected_exposure,D1_cost_aware_topk,10,9,2283.770999999996,1278.028820736138,404.1481988865227,2.2621571627409915,1369.5242570799778,3198.0177429200144,student_t_df_n_minus_1,excludes_0_positive,336178.67000000004,3361.7867000000006,True,True,project pre-specified 1% band of |mean cost of right policy|; not an industry standard
low,temperature_T2.5,low,5000,delta_C_D1,C_expected_exposure,D1_cost_aware_topk,10,9,6266.556999999995,1677.098249683063,530.345032888024,2.2621571627409915,5066.8331851282455,7466.280814871745,student_t_df_n_minus_1,excludes_0_positive,390171.88600000006,3901.718860000001,False,False,project pre-specified 1% band of |mean cost of right policy|; not an industry standard
low,temperature_T2.5,low,10000,delta_C_D1,C_expected_exposure,D1_cost_aware_topk,10,9,12322.512999999966,1298.3916023556885,410.5874758279619,2.2621571627409915,11393.699600623999,13251.326399375934,student_t_df_n_minus_1,excludes_0_positive,529546.9809999999,5295.46981,False,False,project pre-specified 1% band of |mean cost of right policy|; not an industry standard
baseline,calibrated_by_construction_T1.0,baseline,500,delta_D1_D2,D1_cost_aware_topk,D2_cost_aware_abstention,10,9,0.0,0.0,0.0,2.2621571627409915,0.0,0.0,student_t_df_n_minus_1,includes_0,568715.212,5687.152120000001,True,True,project pre-specified 1% band of |mean cost of right policy|; not an industry standard
baseline,calibrated_by_construction_T1.0,baseline,1000,delta_D1_D2,D1_cost_aware_topk,D2_cost_aware_abstention,10,9,0.0,0.0,0.0,2.2621571627409915,0.0,0.0,student_t_df_n_minus_1,includes_0,545664.851,5456.64851,True,True,project pre-specified 1% band of |mean cost of right policy|; not an industry standard
baseline,calibrated_by_construction_T1.0,baseline,2000,delta_D1_D2,D1_cost_aware_topk,D2_cost_aware_abstention,10,9,-29.730000000004658,94.01451483682065,29.730000000004658,2.2621571627409915,-96.98393244830487,37.52393244829556,student_t_df_n_minus_1,includes_0,528639.1989999999,5286.391989999999,True,True,project pre-specified 1% band of |mean cost of right policy|; not an industry standard
baseline,calibrated_by_construction_T1.0,baseline,5000,delta_D1_D2,D1_cost_aware_topk,D2_cost_aware_abstention,10,9,46783.94500000001,5696.733991869083,1801.4654638409434,2.2621571627409915,42708.7469975417,50859.14300245832,student_t_df_n_minus_1,excludes_0_positive,535730.0050000001,5357.300050000002,False,False,project pre-specified 1% band of |mean cost of right policy|; not an industry standard
baseline,calibrated_by_construction_T1.0,baseline,10000,delta_D1_D2,D1_cost_aware_topk,D2_cost_aware_abstention,10,9,221812.71000000002,6941.44720841092,2195.0783436396014,2.2621571627409915,216847.09780215807,226778.32219784198,student_t_df_n_minus_1,excludes_0_positive,524964.8770000001,5249.648770000001,False,False,project pre-specified 1% band of |mean cost of right policy|; not an industry standard
baseline,calibrated_by_construction_T1.0,high,500,delta_D1_D2,D1_cost_aware_topk,D2_cost_aware_abstention,10,9,0.0,0.0,0.0,2.2621571627409915,0.0,0.0,student_t_df_n_minus_1,includes_0,593192.9800000001,5931.929800000001,True,True,project pre-specified 1% band of |mean cost of right policy|; not an industry standard
baseline,calibrated_by_construction_T1.0,high,1000,delta_D1_D2,D1_cost_aware_topk,D2_cost_aware_abstention,10,9,753.0369999999879,5067.871115828179,1602.6015614196049,2.2621571627409915,-2872.2996011852683,4378.373601185244,student_t_df_n_minus_1,includes_0,589679.589,5896.79589,True,True,project pre-specified 1% band of |mean cost of right policy|; not an industry standard
baseline,calibrated_by_construction_T1.0,high,2000,delta_D1_D2,D1_cost_aware_topk,D2_cost_aware_abstention,10,9,30463.16000000001,7035.9017316506315,2224.9474865138804,2.2621571627409915,25429.97910666007,35496.34089333995,student_t_df_n_minus_1,excludes_0_positive,590121.6399999999,5901.216399999999,False,False,project pre-specified 1% band of |mean cost of right policy|; not an industry standard
baseline,calibrated_by_construction_T1.0,high,5000,delta_D1_D2,D1_cost_aware_topk,D2_cost_aware_abstention,10,9,207756.083,13746.657329191037,4347.074737409073,2.2621571627409915,197922.31674579968,217589.84925420035,student_t_df_n_minus_1,excludes_0_positive,588247.2559999999,5882.472559999999,False,False,project pre-specified 1% band of |mean cost of right policy|; not an industry standard
baseline,calibrated_by_construction_T1.0,high,10000,delta_D1_D2,D1_cost_aware_topk,D2_cost_aware_abstention,10,9,592121.7829999999,9568.97960875436,3025.977044737067,2.2621571627409915,585276.5473539581,598967.0186460417,student_t_df_n_minus_1,excludes_0_positive,591189.5390000001,5911.8953900000015,False,False,project pre-specified 1% band of |mean cost of right policy|; not an industry standard
baseline,calibrated_by_construction_T1.0,low,500,delta_D1_D2,D1_cost_aware_topk,D2_cost_aware_abstention,10,9,0.0,0.0,0.0,2.2621571627409915,0.0,0.0,student_t_df_n_minus_1,includes_0,566432.2950000002,5664.322950000002,True,True,project pre-specified 1% band of |mean cost of right policy|; not an industry standard
baseline,calibrated_by_construction_T1.0,low,1000,delta_D1_D2,D1_cost_aware_topk,D2_cost_aware_abstention,10,9,0.0,0.0,0.0,2.2621571627409915,0.0,0.0,student_t_df_n_minus_1,includes_0,527050.215,5270.502149999999,True,True,project pre-specified 1% band of |mean cost of right policy|; not an industry standard
baseline,calibrated_by_construction_T1.0,low,2000,delta_D1_D2,D1_cost_aware_topk,D2_cost_aware_abstention,10,9,0.0,0.0,0.0,2.2621571627409915,0.0,0.0,student_t_df_n_minus_1,includes_0,491772.745,4917.72745,True,True,project pre-specified 1% band of |mean cost of right policy|; not an industry standard
baseline,calibrated_by_construction_T1.0,low,5000,delta_D1_D2,D1_cost_aware_topk,D2_cost_aware_abstention,10,9,9397.543,4205.604750639458,1329.9289950445166,2.2621571627409915,6389.034597923118,12406.051402076882,student_t_df_n_minus_1,excludes_0_positive,483771.48500000004,4837.71485,False,False,project pre-specified 1% band of |mean cost of right policy|; not an industry standard
baseline,calibrated_by_construction_T1.0,low,10000,delta_D1_D2,D1_cost_aware_topk,D2_cost_aware_abstention,10,9,97131.44500000002,5792.375678779534,1831.710020830717,2.2621571627409915,92987.82905631336,101275.06094368668,student_t_df_n_minus_1,excludes_0_positive,484943.021,4849.43021,False,False,project pre-specified 1% band of |mean cost of right policy|; not an industry standard
baseline,temperature_T1.5,baseline,500,delta_D1_D2,D1_cost_aware_topk,D2_cost_aware_abstention,10,9,0.0,0.0,0.0,2.2621571627409915,0.0,0.0,student_t_df_n_minus_1,includes_0,570079.043,5700.79043,True,True,project pre-specified 1% band of |mean cost of right policy|; not an industry standard
baseline,temperature_T1.5,baseline,1000,delta_D1_D2,D1_cost_aware_topk,D2_cost_aware_abstention,10,9,0.0,0.0,0.0,2.2621571627409915,0.0,0.0,student_t_df_n_minus_1,includes_0,553518.4659999999,5535.184659999999,True,True,project pre-specified 1% band of |mean cost of right policy|; not an industry standard
baseline,temperature_T1.5,baseline,2000,delta_D1_D2,D1_cost_aware_topk,D2_cost_aware_abstention,10,9,0.0,0.0,0.0,2.2621571627409915,0.0,0.0,student_t_df_n_minus_1,includes_0,535302.223,5353.0222300000005,True,True,project pre-specified 1% band of |mean cost of right policy|; not an industry standard
baseline,temperature_T1.5,baseline,5000,delta_D1_D2,D1_cost_aware_topk,D2_cost_aware_abstention,10,9,22759.159000000007,3644.9257245547806,1152.6267191732625,2.2621571627409915,20151.736211255564,25366.58178874445,student_t_df_n_minus_1,excludes_0_positive,574259.282,5742.59282,False,False,project pre-specified 1% band of |mean cost of right policy|; not an industry standard
baseline,temperature_T1.5,baseline,10000,delta_D1_D2,D1_cost_aware_topk,D2_cost_aware_abstention,10,9,197960.81600000002,7508.738762263315,2374.471684394565,2.2621571627409915,192589.38787142118,203332.24412857887,student_t_df_n_minus_1,excludes_0_positive,569565.7840000001,5695.657840000001,False,False,project pre-specified 1% band of |mean cost of right policy|; not an industry standard
baseline,temperature_T1.5,high,500,delta_D1_D2,D1_cost_aware_topk,D2_cost_aware_abstention,10,9,0.0,0.0,0.0,2.2621571627409915,0.0,0.0,student_t_df_n_minus_1,includes_0,598448.977,5984.489769999999,True,True,project pre-specified 1% band of |mean cost of right policy|; not an industry standard
baseline,temperature_T1.5,high,1000,delta_D1_D2,D1_cost_aware_topk,D2_cost_aware_abstention,10,9,0.0,0.0,0.0,2.2621571627409915,0.0,0.0,student_t_df_n_minus_1,includes_0,596370.5990000002,5963.705990000001,True,True,project pre-specified 1% band of |mean cost of right policy|; not an industry standard
baseline,temperature_T1.5,high,2000,delta_D1_D2,D1_cost_aware_topk,D2_cost_aware_abstention,10,9,24865.562000000013,4676.5378769289255,1478.85112551436,2.2621571627409915,21520.168333790127,28210.9556662099,student_t_df_n_minus_1,excludes_0_positive,606414.314,6064.14314,False,False,project pre-specified 1% band of |mean cost of right policy|; not an industry standard
baseline,temperature_T1.5,high,5000,delta_D1_D2,D1_cost_aware_topk,D2_cost_aware_abstention,10,9,209287.907,9572.445768164227,3027.0731405839074,2.2621571627409915,202440.19181288726,216135.62218711275,student_t_df_n_minus_1,excludes_0_positive,612782.533,6127.825330000001,False,False,project pre-specified 1% band of |mean cost of right policy|; not an industry standard
baseline,temperature_T1.5,high,10000,delta_D1_D2,D1_cost_aware_topk,D2_cost_aware_abstention,10,9,600435.5619999999,7434.208240998431,2350.9030641549,2.2621571627409915,595117.4497945121,605753.6742054877,student_t_df_n_minus_1,excludes_0_positive,609424.089,6094.24089,False,False,project pre-specified 1% band of |mean cost of right policy|; not an industry standard
baseline,temperature_T1.5,low,500,delta_D1_D2,D1_cost_aware_topk,D2_cost_aware_abstention,10,9,0.0,0.0,0.0,2.2621571627409915,0.0,0.0,student_t_df_n_minus_1,includes_0,569790.893,5697.9089300000005,True,True,project pre-specified 1% band of |mean cost of right policy|; not an industry standard
baseline,temperature_T1.5,low,1000,delta_D1_D2,D1_cost_aware_topk,D2_cost_aware_abstention,10,9,0.0,0.0,0.0,2.2621571627409915,0.0,0.0,student_t_df_n_minus_1,includes_0,536809.9389999999,5368.099389999999,True,True,project pre-specified 1% band of |mean cost of right policy|; not an industry standard
baseline,temperature_T1.5,low,2000,delta_D1_D2,D1_cost_aware_topk,D2_cost_aware_abstention,10,9,0.0,0.0,0.0,2.2621571627409915,0.0,0.0,student_t_df_n_minus_1,includes_0,507306.049,5073.06049,True,True,project pre-specified 1% band of |mean cost of right policy|; not an industry standard
baseline,temperature_T1.5,low,5000,delta_D1_D2,D1_cost_aware_topk,D2_cost_aware_abstention,10,9,0.0,0.0,0.0,2.2621571627409915,0.0,0.0,student_t_df_n_minus_1,includes_0,505475.31500000006,5054.7531500000005,True,True,project pre-specified 1% band of |mean cost of right policy|; not an industry standard
baseline,temperature_T1.5,low,10000,delta_D1_D2,D1_cost_aware_topk,D2_cost_aware_abstention,10,9,57332.931000000004,3619.559078830384,1144.605081464496,2.2621571627409915,54743.654416455356,59922.20758354465,student_t_df_n_minus_1,excludes_0_positive,537972.3890000001,5379.723890000001,False,False,project pre-specified 1% band of |mean cost of right policy|; not an industry standard
baseline,temperature_T2.5,baseline,500,delta_D1_D2,D1_cost_aware_topk,D2_cost_aware_abstention,10,9,0.0,0.0,0.0,2.2621571627409915,0.0,0.0,student_t_df_n_minus_1,includes_0,598442.1369999999,5984.421369999999,True,True,project pre-specified 1% band of |mean cost of right policy|; not an industry standard
baseline,temperature_T2.5,baseline,1000,delta_D1_D2,D1_cost_aware_topk,D2_cost_aware_abstention,10,9,0.0,0.0,0.0,2.2621571627409915,0.0,0.0,student_t_df_n_minus_1,includes_0,583517.0229999999,5835.17023,True,True,project pre-specified 1% band of |mean cost of right policy|; not an industry standard
baseline,temperature_T2.5,baseline,2000,delta_D1_D2,D1_cost_aware_topk,D2_cost_aware_abstention,10,9,0.0,0.0,0.0,2.2621571627409915,0.0,0.0,student_t_df_n_minus_1,includes_0,579407.6429999999,5794.076429999999,True,True,project pre-specified 1% band of |mean cost of right policy|; not an industry standard
baseline,temperature_T2.5,baseline,5000,delta_D1_D2,D1_cost_aware_topk,D2_cost_aware_abstention,10,9,0.0,0.0,0.0,2.2621571627409915,0.0,0.0,student_t_df_n_minus_1,includes_0,650410.861,6504.10861,True,True,project pre-specified 1% band of |mean cost of right policy|; not an industry standard
baseline,temperature_T2.5,baseline,10000,delta_D1_D2,D1_cost_aware_topk,D2_cost_aware_abstention,10,9,9020.502999999992,4520.205030890737,1429.4143388566497,2.2621571627409915,5786.943114830743,12254.06288516924,student_t_df_n_minus_1,excludes_0_positive,832942.1279999999,8329.421279999999,False,False,project pre-specified 1% band of |mean cost of right policy|; not an industry standard
baseline,temperature_T2.5,high,500,delta_D1_D2,D1_cost_aware_topk,D2_cost_aware_abstention,10,9,0.0,0.0,0.0,2.2621571627409915,0.0,0.0,student_t_df_n_minus_1,includes_0,624870.208,6248.70208,True,True,project pre-specified 1% band of |mean cost of right policy|; not an industry standard
baseline,temperature_T2.5,high,1000,delta_D1_D2,D1_cost_aware_topk,D2_cost_aware_abstention,10,9,0.0,0.0,0.0,2.2621571627409915,0.0,0.0,student_t_df_n_minus_1,includes_0,636173.3910000001,6361.733910000001,True,True,project pre-specified 1% band of |mean cost of right policy|; not an industry standard
baseline,temperature_T2.5,high,2000,delta_D1_D2,D1_cost_aware_topk,D2_cost_aware_abstention,10,9,0.0,0.0,0.0,2.2621571627409915,0.0,0.0,student_t_df_n_minus_1,includes_0,688977.837,6889.778370000001,True,True,project pre-specified 1% band of |mean cost of right policy|; not an industry standard
baseline,temperature_T2.5,high,5000,delta_D1_D2,D1_cost_aware_topk,D2_cost_aware_abstention,10,9,132013.25,5811.53836784681,1837.769795185337,2.2621571627409915,127855.92589435245,136170.57410564757,student_t_df_n_minus_1,excludes_0_positive,775521.267,7755.21267,False,False,project pre-specified 1% band of |mean cost of right policy|; not an industry standard
baseline,temperature_T2.5,high,10000,delta_D1_D2,D1_cost_aware_topk,D2_cost_aware_abstention,10,9,556395.394,9791.352419366107,3096.297501859705,2.2621571627409915,549391.082428191,563399.705571809,student_t_df_n_minus_1,excludes_0_positive,778480.821,7784.80821,False,False,project pre-specified 1% band of |mean cost of right policy|; not an industry standard
baseline,temperature_T2.5,low,500,delta_D1_D2,D1_cost_aware_topk,D2_cost_aware_abstention,10,9,0.0,0.0,0.0,2.2621571627409915,0.0,0.0,student_t_df_n_minus_1,includes_0,588747.404,5887.47404,True,True,project pre-specified 1% band of |mean cost of right policy|; not an industry standard
baseline,temperature_T2.5,low,1000,delta_D1_D2,D1_cost_aware_topk,D2_cost_aware_abstention,10,9,0.0,0.0,0.0,2.2621571627409915,0.0,0.0,student_t_df_n_minus_1,includes_0,566180.4299999999,5661.8043,True,True,project pre-specified 1% band of |mean cost of right policy|; not an industry standard
baseline,temperature_T2.5,low,2000,delta_D1_D2,D1_cost_aware_topk,D2_cost_aware_abstention,10,9,0.0,0.0,0.0,2.2621571627409915,0.0,0.0,student_t_df_n_minus_1,includes_0,540505.573,5405.05573,True,True,project pre-specified 1% band of |mean cost of right policy|; not an industry standard
baseline,temperature_T2.5,low,5000,delta_D1_D2,D1_cost_aware_topk,D2_cost_aware_abstention,10,9,0.0,0.0,0.0,2.2621571627409915,0.0,0.0,student_t_df_n_minus_1,includes_0,551267.1619999999,5512.671619999999,True,True,project pre-specified 1% band of |mean cost of right policy|; not an industry standard
baseline,temperature_T2.5,low,10000,delta_D1_D2,D1_cost_aware_topk,D2_cost_aware_abstention,10,9,0.0,0.0,0.0,2.2621571627409915,0.0,0.0,student_t_df_n_minus_1,includes_0,646389.949,6463.899490000001,True,True,project pre-specified 1% band of |mean cost of right policy|; not an industry standard
high,calibrated_by_construction_T1.0,baseline,500,delta_D1_D2,D1_cost_aware_topk,D2_cost_aware_abstention,10,9,0.0,0.0,0.0,2.2621571627409915,0.0,0.0,student_t_df_n_minus_1,includes_0,966771.541,9667.71541,True,True,project pre-specified 1% band of |mean cost of right policy|; not an industry standard
high,calibrated_by_construction_T1.0,baseline,1000,delta_D1_D2,D1_cost_aware_topk,D2_cost_aware_abstention,10,9,0.0,0.0,0.0,2.2621571627409915,0.0,0.0,student_t_df_n_minus_1,includes_0,922535.0619999999,9225.35062,True,True,project pre-specified 1% band of |mean cost of right policy|; not an industry standard
high,calibrated_by_construction_T1.0,baseline,2000,delta_D1_D2,D1_cost_aware_topk,D2_cost_aware_abstention,10,9,0.0,0.0,0.0,2.2621571627409915,0.0,0.0,student_t_df_n_minus_1,includes_0,861555.53,8615.5553,True,True,project pre-specified 1% band of |mean cost of right policy|; not an industry standard
high,calibrated_by_construction_T1.0,baseline,5000,delta_D1_D2,D1_cost_aware_topk,D2_cost_aware_abstention,10,9,3007.640000000002,3018.214862773478,954.443343413674,2.2621571627409915,848.5391542662996,5166.740845733704,student_t_df_n_minus_1,excludes_0_positive,819710.037,8197.10037,True,True,project pre-specified 1% band of |mean cost of right policy|; not an industry standard
high,calibrated_by_construction_T1.0,baseline,10000,delta_D1_D2,D1_cost_aware_topk,D2_cost_aware_abstention,10,9,92309.04000000001,9753.611021781731,3084.362624015245,2.2621571627409915,85331.72699759332,99286.3530024067,student_t_df_n_minus_1,excludes_0_positive,825238.023,8252.38023,False,False,project pre-specified 1% band of |mean cost of right policy|; not an industry standard
high,calibrated_by_construction_T1.0,high,500,delta_D1_D2,D1_cost_aware_topk,D2_cost_aware_abstention,10,9,0.0,0.0,0.0,2.2621571627409915,0.0,0.0,student_t_df_n_minus_1,includes_0,994413.8230000001,9944.13823,True,True,project pre-specified 1% band of |mean cost of right policy|; not an industry standard
high,calibrated_by_construction_T1.0,high,1000,delta_D1_D2,D1_cost_aware_topk,D2_cost_aware_abstention,10,9,0.0,0.0,0.0,2.2621571627409915,0.0,0.0,student_t_df_n_minus_1,includes_0,957550.8379999999,9575.50838,True,True,project pre-specified 1% band of |mean cost of right policy|; not an industry standard
high,calibrated_by_construction_T1.0,high,2000,delta_D1_D2,D1_cost_aware_topk,D2_cost_aware_abstention,10,9,957.6830000000191,1127.7784869975549,356.63487150508627,2.2621571627409915,150.91887094157505,1764.4471290584631,student_t_df_n_minus_1,excludes_0_positive,945962.428,9459.62428,True,True,project pre-specified 1% band of |mean cost of right policy|; not an industry standard
high,calibrated_by_construction_T1.0,high,5000,delta_D1_D2,D1_cost_aware_topk,D2_cost_aware_abstention,10,9,95363.17100000002,11820.358915947096,3737.925693507162,2.2621571627409915,86907.3956186392,103818.94638136083,student_t_df_n_minus_1,excludes_0_positive,938408.2,9384.082,False,False,project pre-specified 1% band of |mean cost of right policy|; not an industry standard
high,calibrated_by_construction_T1.0,high,10000,delta_D1_D2,D1_cost_aware_topk,D2_cost_aware_abstention,10,9,389420.89,11864.721947929856,3751.954516004804,2.2621571627409915,380933.3792173413,397908.4007826587,student_t_df_n_minus_1,excludes_0_positive,942235.1070000001,9422.35107,False,False,project pre-specified 1% band of |mean cost of right policy|; not an industry standard
high,calibrated_by_construction_T1.0,low,500,delta_D1_D2,D1_cost_aware_topk,D2_cost_aware_abstention,10,9,0.0,0.0,0.0,2.2621571627409915,0.0,0.0,student_t_df_n_minus_1,includes_0,961634.2469999999,9616.34247,True,True,project pre-specified 1% band of |mean cost of right policy|; not an industry standard
high,calibrated_by_construction_T1.0,low,1000,delta_D1_D2,D1_cost_aware_topk,D2_cost_aware_abstention,10,9,0.0,0.0,0.0,2.2621571627409915,0.0,0.0,student_t_df_n_minus_1,includes_0,906104.521,9061.04521,True,True,project pre-specified 1% band of |mean cost of right policy|; not an industry standard
high,calibrated_by_construction_T1.0,low,2000,delta_D1_D2,D1_cost_aware_topk,D2_cost_aware_abstention,10,9,0.0,0.0,0.0,2.2621571627409915,0.0,0.0,student_t_df_n_minus_1,includes_0,826058.14,8260.581400000001,True,True,project pre-specified 1% band of |mean cost of right policy|; not an industry standard
high,calibrated_by_construction_T1.0,low,5000,delta_D1_D2,D1_cost_aware_topk,D2_cost_aware_abstention,10,9,0.0,0.0,0.0,2.2621571627409915,0.0,0.0,student_t_df_n_minus_1,includes_0,739947.403,7399.47403,True,True,project pre-specified 1% band of |mean cost of right policy|; not an industry standard
high,calibrated_by_construction_T1.0,low,10000,delta_D1_D2,D1_cost_aware_topk,D2_cost_aware_abstention,10,9,20868.396999999986,4562.180883676014,1442.6882690095892,2.2621571627409915,17604.80939865754,24131.984601342432,student_t_df_n_minus_1,excludes_0_positive,737897.429,7378.97429,False,False,project pre-specified 1% band of |mean cost of right policy|; not an industry standard
high,temperature_T1.5,baseline,500,delta_D1_D2,D1_cost_aware_topk,D2_cost_aware_abstention,10,9,0.0,0.0,0.0,2.2621571627409915,0.0,0.0,student_t_df_n_minus_1,includes_0,978685.543,9786.85543,True,True,project pre-specified 1% band of |mean cost of right policy|; not an industry standard
high,temperature_T1.5,baseline,1000,delta_D1_D2,D1_cost_aware_topk,D2_cost_aware_abstention,10,9,0.0,0.0,0.0,2.2621571627409915,0.0,0.0,student_t_df_n_minus_1,includes_0,927934.924,9279.34924,True,True,project pre-specified 1% band of |mean cost of right policy|; not an industry standard
high,temperature_T1.5,baseline,2000,delta_D1_D2,D1_cost_aware_topk,D2_cost_aware_abstention,10,9,0.0,0.0,0.0,2.2621571627409915,0.0,0.0,student_t_df_n_minus_1,includes_0,876287.589,8762.875890000001,True,True,project pre-specified 1% band of |mean cost of right policy|; not an industry standard
high,temperature_T1.5,baseline,5000,delta_D1_D2,D1_cost_aware_topk,D2_cost_aware_abstention,10,9,0.0,0.0,0.0,2.2621571627409915,0.0,0.0,student_t_df_n_minus_1,includes_0,838040.594,8380.40594,True,True,project pre-specified 1% band of |mean cost of right policy|; not an industry standard
high,temperature_T1.5,baseline,10000,delta_D1_D2,D1_cost_aware_topk,D2_cost_aware_abstention,10,9,66702.57500000001,4070.319691343537,1287.148102967912,2.2621571627409915,63790.84369936267,69614.30630063736,student_t_df_n_minus_1,excludes_0_positive,877074.2019999999,8770.74202,False,False,project pre-specified 1% band of |mean cost of right policy|; not an industry standard
high,temperature_T1.5,high,500,delta_D1_D2,D1_cost_aware_topk,D2_cost_aware_abstention,10,9,0.0,0.0,0.0,2.2621571627409915,0.0,0.0,student_t_df_n_minus_1,includes_0,1002705.951,10027.059510000001,True,True,project pre-specified 1% band of |mean cost of right policy|; not an industry standard
high,temperature_T1.5,high,1000,delta_D1_D2,D1_cost_aware_topk,D2_cost_aware_abstention,10,9,0.0,0.0,0.0,2.2621571627409915,0.0,0.0,student_t_df_n_minus_1,includes_0,963594.354,9635.94354,True,True,project pre-specified 1% band of |mean cost of right policy|; not an industry standard
high,temperature_T1.5,high,2000,delta_D1_D2,D1_cost_aware_topk,D2_cost_aware_abstention,10,9,0.0,0.0,0.0,2.2621571627409915,0.0,0.0,student_t_df_n_minus_1,includes_0,957398.701,9573.98701,True,True,project pre-specified 1% band of |mean cost of right policy|; not an industry standard
high,temperature_T1.5,high,5000,delta_D1_D2,D1_cost_aware_topk,D2_cost_aware_abstention,10,9,88847.76899999999,10173.902273907017,3217.2703877512436,2.2621571627409915,81569.79774787402,96125.74025212595,student_t_df_n_minus_1,excludes_0_positive,965364.773,9653.64773,False,False,project pre-specified 1% band of |mean cost of right policy|; not an industry standard
high,temperature_T1.5,high,10000,delta_D1_D2,D1_cost_aware_topk,D2_cost_aware_abstention,10,9,399813.73799999995,9925.55556749658,3138.7362635854315,2.2621571627409915,392713.42327937525,406914.05272062466,student_t_df_n_minus_1,excludes_0_positive,978014.7470000001,9780.147470000002,False,False,project pre-specified 1% band of |mean cost of right policy|; not an industry standard
high,temperature_T1.5,low,500,delta_D1_D2,D1_cost_aware_topk,D2_cost_aware_abstention,10,9,0.0,0.0,0.0,2.2621571627409915,0.0,0.0,student_t_df_n_minus_1,includes_0,968668.4290000001,9686.684290000001,True,True,project pre-specified 1% band of |mean cost of right policy|; not an industry standard
high,temperature_T1.5,low,1000,delta_D1_D2,D1_cost_aware_topk,D2_cost_aware_abstention,10,9,0.0,0.0,0.0,2.2621571627409915,0.0,0.0,student_t_df_n_minus_1,includes_0,907322.303,9073.22303,True,True,project pre-specified 1% band of |mean cost of right policy|; not an industry standard
high,temperature_T1.5,low,2000,delta_D1_D2,D1_cost_aware_topk,D2_cost_aware_abstention,10,9,0.0,0.0,0.0,2.2621571627409915,0.0,0.0,student_t_df_n_minus_1,includes_0,840841.3399999999,8408.4134,True,True,project pre-specified 1% band of |mean cost of right policy|; not an industry standard
high,temperature_T1.5,low,5000,delta_D1_D2,D1_cost_aware_topk,D2_cost_aware_abstention,10,9,0.0,0.0,0.0,2.2621571627409915,0.0,0.0,student_t_df_n_minus_1,includes_0,768234.732,7682.34732,True,True,project pre-specified 1% band of |mean cost of right policy|; not an industry standard
high,temperature_T1.5,low,10000,delta_D1_D2,D1_cost_aware_topk,D2_cost_aware_abstention,10,9,0.0,0.0,0.0,2.2621571627409915,0.0,0.0,student_t_df_n_minus_1,includes_0,774083.749,7740.83749,True,True,project pre-specified 1% band of |mean cost of right policy|; not an industry standard
high,temperature_T2.5,baseline,500,delta_D1_D2,D1_cost_aware_topk,D2_cost_aware_abstention,10,9,0.0,0.0,0.0,2.2621571627409915,0.0,0.0,student_t_df_n_minus_1,includes_0,1002911.9349999998,10029.119349999999,True,True,project pre-specified 1% band of |mean cost of right policy|; not an industry standard
high,temperature_T2.5,baseline,1000,delta_D1_D2,D1_cost_aware_topk,D2_cost_aware_abstention,10,9,0.0,0.0,0.0,2.2621571627409915,0.0,0.0,student_t_df_n_minus_1,includes_0,965690.322,9656.90322,True,True,project pre-specified 1% band of |mean cost of right policy|; not an industry standard
high,temperature_T2.5,baseline,2000,delta_D1_D2,D1_cost_aware_topk,D2_cost_aware_abstention,10,9,0.0,0.0,0.0,2.2621571627409915,0.0,0.0,student_t_df_n_minus_1,includes_0,922383.7640000001,9223.837640000002,True,True,project pre-specified 1% band of |mean cost of right policy|; not an industry standard
high,temperature_T2.5,baseline,5000,delta_D1_D2,D1_cost_aware_topk,D2_cost_aware_abstention,10,9,0.0,0.0,0.0,2.2621571627409915,0.0,0.0,student_t_df_n_minus_1,includes_0,912627.0179999999,9126.27018,True,True,project pre-specified 1% band of |mean cost of right policy|; not an industry standard
high,temperature_T2.5,baseline,10000,delta_D1_D2,D1_cost_aware_topk,D2_cost_aware_abstention,10,9,0.0,0.0,0.0,2.2621571627409915,0.0,0.0,student_t_df_n_minus_1,includes_0,1028993.2640000001,10289.93264,True,True,project pre-specified 1% band of |mean cost of right policy|; not an industry standard
high,temperature_T2.5,high,500,delta_D1_D2,D1_cost_aware_topk,D2_cost_aware_abstention,10,9,0.0,0.0,0.0,2.2621571627409915,0.0,0.0,student_t_df_n_minus_1,includes_0,1019709.335,10197.09335,True,True,project pre-specified 1% band of |mean cost of right policy|; not an industry standard
high,temperature_T2.5,high,1000,delta_D1_D2,D1_cost_aware_topk,D2_cost_aware_abstention,10,9,0.0,0.0,0.0,2.2621571627409915,0.0,0.0,student_t_df_n_minus_1,includes_0,1010963.7880000001,10109.63788,True,True,project pre-specified 1% band of |mean cost of right policy|; not an industry standard
high,temperature_T2.5,high,2000,delta_D1_D2,D1_cost_aware_topk,D2_cost_aware_abstention,10,9,0.0,0.0,0.0,2.2621571627409915,0.0,0.0,student_t_df_n_minus_1,includes_0,1022895.436,10228.95436,True,True,project pre-specified 1% band of |mean cost of right policy|; not an industry standard
high,temperature_T2.5,high,5000,delta_D1_D2,D1_cost_aware_topk,D2_cost_aware_abstention,10,9,776.3089999999851,1180.2391039620143,373.22437521162226,2.2621571627409915,-67.98319369451758,1620.6011936944878,student_t_df_n_minus_1,includes_0,1160736.277,11607.36277,True,True,project pre-specified 1% band of |mean cost of right policy|; not an industry standard
high,temperature_T2.5,high,10000,delta_D1_D2,D1_cost_aware_topk,D2_cost_aware_abstention,10,9,349476.826,11049.551758942012,3494.1750682176544,2.2621571627409915,341572.4528415604,357381.1991584396,student_t_df_n_minus_1,excludes_0_positive,1164497.4879999997,11644.974879999996,False,False,project pre-specified 1% band of |mean cost of right policy|; not an industry standard
high,temperature_T2.5,low,500,delta_D1_D2,D1_cost_aware_topk,D2_cost_aware_abstention,10,9,0.0,0.0,0.0,2.2621571627409915,0.0,0.0,student_t_df_n_minus_1,includes_0,994596.793,9945.967929999999,True,True,project pre-specified 1% band of |mean cost of right policy|; not an industry standard
high,temperature_T2.5,low,1000,delta_D1_D2,D1_cost_aware_topk,D2_cost_aware_abstention,10,9,0.0,0.0,0.0,2.2621571627409915,0.0,0.0,student_t_df_n_minus_1,includes_0,950095.3930000002,9500.953930000001,True,True,project pre-specified 1% band of |mean cost of right policy|; not an industry standard
high,temperature_T2.5,low,2000,delta_D1_D2,D1_cost_aware_topk,D2_cost_aware_abstention,10,9,0.0,0.0,0.0,2.2621571627409915,0.0,0.0,student_t_df_n_minus_1,includes_0,880969.091,8809.690910000001,True,True,project pre-specified 1% band of |mean cost of right policy|; not an industry standard
high,temperature_T2.5,low,5000,delta_D1_D2,D1_cost_aware_topk,D2_cost_aware_abstention,10,9,0.0,0.0,0.0,2.2621571627409915,0.0,0.0,student_t_df_n_minus_1,includes_0,824458.401,8244.58401,True,True,project pre-specified 1% band of |mean cost of right policy|; not an industry standard
high,temperature_T2.5,low,10000,delta_D1_D2,D1_cost_aware_topk,D2_cost_aware_abstention,10,9,0.0,0.0,0.0,2.2621571627409915,0.0,0.0,student_t_df_n_minus_1,includes_0,849486.901,8494.86901,True,True,project pre-specified 1% band of |mean cost of right policy|; not an industry standard
low,calibrated_by_construction_T1.0,baseline,500,delta_D1_D2,D1_cost_aware_topk,D2_cost_aware_abstention,10,9,0.0,0.0,0.0,2.2621571627409915,0.0,0.0,student_t_df_n_minus_1,includes_0,326391.965,3263.9196500000003,True,True,project pre-specified 1% band of |mean cost of right policy|; not an industry standard
low,calibrated_by_construction_T1.0,baseline,1000,delta_D1_D2,D1_cost_aware_topk,D2_cost_aware_abstention,10,9,-276.4060000000056,1391.085296907109,439.8997957798048,2.2621571627409915,-1271.5284739115903,718.7164739115792,student_t_df_n_minus_1,includes_0,318156.945,3181.56945,True,True,project pre-specified 1% band of |mean cost of right policy|; not an industry standard
low,calibrated_by_construction_T1.0,baseline,2000,delta_D1_D2,D1_cost_aware_topk,D2_cost_aware_abstention,10,9,16368.453999999998,4742.7093083225,1499.7763694380867,2.2621571627409915,12975.724143365951,19761.183856634045,student_t_df_n_minus_1,excludes_0_positive,322914.556,3229.14556,False,False,project pre-specified 1% band of |mean cost of right policy|; not an industry standard
low,calibrated_by_construction_T1.0,baseline,5000,delta_D1_D2,D1_cost_aware_topk,D2_cost_aware_abstention,10,9,115380.653,6611.485847215777,2090.735399516986,2.2621571627409915,110651.08094058651,120110.2250594135,student_t_df_n_minus_1,excludes_0_positive,317908.591,3179.0859100000002,False,False,project pre-specified 1% band of |mean cost of right policy|; not an industry standard
low,calibrated_by_construction_T1.0,baseline,10000,delta_D1_D2,D1_cost_aware_topk,D2_cost_aware_abstention,10,9,323301.921,8715.175523554628,2755.980486258306,2.2621571627409915,317067.46000263636,329536.3819973636,student_t_df_n_minus_1,excludes_0_positive,318448.691,3184.48691,False,False,project pre-specified 1% band of |mean cost of right policy|; not an industry standard
low,calibrated_by_construction_T1.0,high,500,delta_D1_D2,D1_cost_aware_topk,D2_cost_aware_abstention,10,9,3319.810999999993,3058.6765012209266,967.2384369492917,2.2621571627409915,1131.7656417767516,5507.856358223235,student_t_df_n_minus_1,excludes_0_positive,343405.478,3434.05478,True,False,project pre-specified 1% band of |mean cost of right policy|; not an industry standard
low,calibrated_by_construction_T1.0,high,1000,delta_D1_D2,D1_cost_aware_topk,D2_cost_aware_abstention,10,9,22399.530000000006,4379.671692954455,1384.9737953501697,2.2621571627409915,19266.501608640043,25532.55839135997,student_t_df_n_minus_1,excludes_0_positive,347578.00800000003,3475.7800800000005,False,False,project pre-specified 1% band of |mean cost of right policy|; not an industry standard
low,calibrated_by_construction_T1.0,high,2000,delta_D1_D2,D1_cost_aware_topk,D2_cost_aware_abstention,10,9,80006.612,7528.417586478286,2380.6946750139027,2.2621571627409915,74621.10648861795,85392.11751138204,student_t_df_n_minus_1,excludes_0_positive,342197.042,3421.97042,False,False,project pre-specified 1% band of |mean cost of right policy|; not an industry standard
low,calibrated_by_construction_T1.0,high,5000,delta_D1_D2,D1_cost_aware_topk,D2_cost_aware_abstention,10,9,303938.15099999995,8887.296514375574,2810.4099226702183,2.2621571627409915,297580.5620631932,310295.7399368067,student_t_df_n_minus_1,excludes_0_positive,340671.991,3406.71991,False,False,project pre-specified 1% band of |mean cost of right policy|; not an industry standard
low,calibrated_by_construction_T1.0,high,10000,delta_D1_D2,D1_cost_aware_topk,D2_cost_aware_abstention,10,9,716809.4770000001,6894.598670847044,2180.2635352646207,2.2621571627409915,711877.3782270382,721741.575772962,student_t_df_n_minus_1,excludes_0_positive,343945.62100000004,3439.4562100000003,False,False,project pre-specified 1% band of |mean cost of right policy|; not an industry standard
low,calibrated_by_construction_T1.0,low,500,delta_D1_D2,D1_cost_aware_topk,D2_cost_aware_abstention,10,9,0.0,0.0,0.0,2.2621571627409915,0.0,0.0,student_t_df_n_minus_1,includes_0,313917.00200000004,3139.1700200000005,True,True,project pre-specified 1% band of |mean cost of right policy|; not an industry standard
low,calibrated_by_construction_T1.0,low,1000,delta_D1_D2,D1_cost_aware_topk,D2_cost_aware_abstention,10,9,0.0,0.0,0.0,2.2621571627409915,0.0,0.0,student_t_df_n_minus_1,includes_0,305991.41,3059.9141,True,True,project pre-specified 1% band of |mean cost of right policy|; not an industry standard
low,calibrated_by_construction_T1.0,low,2000,delta_D1_D2,D1_cost_aware_topk,D2_cost_aware_abstention,10,9,722.9729999999923,2193.062194755958,693.5071585836602,2.2621571627409915,-845.8491862021873,2291.795186202172,student_t_df_n_minus_1,includes_0,306208.05600000004,3062.0805600000003,True,True,project pre-specified 1% band of |mean cost of right policy|; not an industry standard
low,calibrated_by_construction_T1.0,low,5000,delta_D1_D2,D1_cost_aware_topk,D2_cost_aware_abstention,10,9,49649.07699999999,5103.166601415363,1613.7629739773195,2.2621571627409915,45998.49152945099,53299.66247054899,student_t_df_n_minus_1,excludes_0_positive,303146.945,3031.46945,False,False,project pre-specified 1% band of |mean cost of right policy|; not an industry standard
low,calibrated_by_construction_T1.0,low,10000,delta_D1_D2,D1_cost_aware_topk,D2_cost_aware_abstention,10,9,182368.49899999998,5067.5847403548005,1602.5110015434161,2.2621571627409915,178743.3672594873,185993.63074051266,student_t_df_n_minus_1,excludes_0_positive,300189.423,3001.8942300000003,False,False,project pre-specified 1% band of |mean cost of right policy|; not an industry standard
low,temperature_T1.5,baseline,500,delta_D1_D2,D1_cost_aware_topk,D2_cost_aware_abstention,10,9,0.0,0.0,0.0,2.2621571627409915,0.0,0.0,student_t_df_n_minus_1,includes_0,331688.151,3316.88151,True,True,project pre-specified 1% band of |mean cost of right policy|; not an industry standard
low,temperature_T1.5,baseline,1000,delta_D1_D2,D1_cost_aware_topk,D2_cost_aware_abstention,10,9,0.0,0.0,0.0,2.2621571627409915,0.0,0.0,student_t_df_n_minus_1,includes_0,333893.929,3338.9392900000003,True,True,project pre-specified 1% band of |mean cost of right policy|; not an industry standard
low,temperature_T1.5,baseline,2000,delta_D1_D2,D1_cost_aware_topk,D2_cost_aware_abstention,10,9,0.0,0.0,0.0,2.2621571627409915,0.0,0.0,student_t_df_n_minus_1,includes_0,342891.26599999995,3428.9126599999995,True,True,project pre-specified 1% band of |mean cost of right policy|; not an industry standard
low,temperature_T1.5,baseline,5000,delta_D1_D2,D1_cost_aware_topk,D2_cost_aware_abstention,10,9,100691.00899999999,5024.865563927402,1589.0020118157008,2.2621571627409915,97096.43671736126,104285.58128263873,student_t_df_n_minus_1,excludes_0_positive,350393.09900000005,3503.9309900000007,False,False,project pre-specified 1% band of |mean cost of right policy|; not an industry standard
low,temperature_T1.5,baseline,10000,delta_D1_D2,D1_cost_aware_topk,D2_cost_aware_abstention,10,9,318968.079,4606.479948708599,1456.6968633814784,2.2621571627409915,315672.8017565593,322263.35624344076,student_t_df_n_minus_1,excludes_0_positive,350405.09799999994,3504.0509799999995,False,False,project pre-specified 1% band of |mean cost of right policy|; not an industry standard
low,temperature_T1.5,high,500,delta_D1_D2,D1_cost_aware_topk,D2_cost_aware_abstention,10,9,0.0,0.0,0.0,2.2621571627409915,0.0,0.0,student_t_df_n_minus_1,includes_0,355947.803,3559.47803,True,True,project pre-specified 1% band of |mean cost of right policy|; not an industry standard
low,temperature_T1.5,high,1000,delta_D1_D2,D1_cost_aware_topk,D2_cost_aware_abstention,10,9,16875.378000000004,3259.0760942492084,1030.6103525633087,2.2621571627409915,14543.975408953896,19206.78059104611,student_t_df_n_minus_1,excludes_0_positive,358886.921,3588.86921,False,False,project pre-specified 1% band of |mean cost of right policy|; not an industry standard
low,temperature_T1.5,high,2000,delta_D1_D2,D1_cost_aware_topk,D2_cost_aware_abstention,10,9,79676.06600000002,6472.106584023465,2046.6598064886084,2.2621571627409915,75046.19985905773,84305.93214094231,student_t_df_n_minus_1,excludes_0_positive,362094.015,3620.9401500000004,False,False,project pre-specified 1% band of |mean cost of right policy|; not an industry standard
low,temperature_T1.5,high,5000,delta_D1_D2,D1_cost_aware_topk,D2_cost_aware_abstention,10,9,307923.274,8241.060666942518,2606.0522043164647,2.2621571627409915,302027.97433952853,313818.5736604714,student_t_df_n_minus_1,excludes_0_positive,357763.18,3577.6318,False,False,project pre-specified 1% band of |mean cost of right policy|; not an industry standard
low,temperature_T1.5,high,10000,delta_D1_D2,D1_cost_aware_topk,D2_cost_aware_abstention,10,9,731342.719,8678.353923412584,2744.3364739042217,2.2621571627409915,725134.5985885862,737550.8394114139,student_t_df_n_minus_1,excludes_0_positive,362061.161,3620.6116100000004,False,False,project pre-specified 1% band of |mean cost of right policy|; not an industry standard
low,temperature_T1.5,low,500,delta_D1_D2,D1_cost_aware_topk,D2_cost_aware_abstention,10,9,0.0,0.0,0.0,2.2621571627409915,0.0,0.0,student_t_df_n_minus_1,includes_0,324477.24299999996,3244.7724299999995,True,True,project pre-specified 1% band of |mean cost of right policy|; not an industry standard
low,temperature_T1.5,low,1000,delta_D1_D2,D1_cost_aware_topk,D2_cost_aware_abstention,10,9,0.0,0.0,0.0,2.2621571627409915,0.0,0.0,student_t_df_n_minus_1,includes_0,305865.775,3058.6577500000003,True,True,project pre-specified 1% band of |mean cost of right policy|; not an industry standard
low,temperature_T1.5,low,2000,delta_D1_D2,D1_cost_aware_topk,D2_cost_aware_abstention,10,9,0.0,0.0,0.0,2.2621571627409915,0.0,0.0,student_t_df_n_minus_1,includes_0,308463.552,3084.6355200000003,True,True,project pre-specified 1% band of |mean cost of right policy|; not an industry standard
low,temperature_T1.5,low,5000,delta_D1_D2,D1_cost_aware_topk,D2_cost_aware_abstention,10,9,18902.431999999993,2995.4999493603323,947.260257089769,2.2621571627409915,16759.5804244445,21045.283575555488,student_t_df_n_minus_1,excludes_0_positive,340626.83700000006,3406.2683700000007,False,False,project pre-specified 1% band of |mean cost of right policy|; not an industry standard
low,temperature_T1.5,low,10000,delta_D1_D2,D1_cost_aware_topk,D2_cost_aware_abstention,10,9,155086.792,4268.078850421794,1349.6850400525977,2.2621571627409915,152033.59231920063,158139.99168079934,student_t_df_n_minus_1,excludes_0_positive,340930.68299999996,3409.3068299999995,False,False,project pre-specified 1% band of |mean cost of right policy|; not an industry standard
low,temperature_T2.5,baseline,500,delta_D1_D2,D1_cost_aware_topk,D2_cost_aware_abstention,10,9,0.0,0.0,0.0,2.2621571627409915,0.0,0.0,student_t_df_n_minus_1,includes_0,351012.26599999995,3510.1226599999995,True,True,project pre-specified 1% band of |mean cost of right policy|; not an industry standard
low,temperature_T2.5,baseline,1000,delta_D1_D2,D1_cost_aware_topk,D2_cost_aware_abstention,10,9,0.0,0.0,0.0,2.2621571627409915,0.0,0.0,student_t_df_n_minus_1,includes_0,348119.18499999994,3481.1918499999992,True,True,project pre-specified 1% band of |mean cost of right policy|; not an industry standard
low,temperature_T2.5,baseline,2000,delta_D1_D2,D1_cost_aware_topk,D2_cost_aware_abstention,10,9,0.0,0.0,0.0,2.2621571627409915,0.0,0.0,student_t_df_n_minus_1,includes_0,375166.052,3751.6605200000004,True,True,project pre-specified 1% band of |mean cost of right policy|; not an industry standard
low,temperature_T2.5,baseline,5000,delta_D1_D2,D1_cost_aware_topk,D2_cost_aware_abstention,10,9,0.0,0.0,0.0,2.2621571627409915,0.0,0.0,student_t_df_n_minus_1,includes_0,490361.88,4903.6188,True,True,project pre-specified 1% band of |mean cost of right policy|; not an industry standard
low,temperature_T2.5,baseline,10000,delta_D1_D2,D1_cost_aware_topk,D2_cost_aware_abstention,10,9,158863.68800000002,5405.514574723755,1709.3737981363506,2.2621571627409915,154996.8158187441,162730.56018125595,student_t_df_n_minus_1,excludes_0_positive,569381.724,5693.81724,False,False,project pre-specified 1% band of |mean cost of right policy|; not an industry standard
low,temperature_T2.5,high,500,delta_D1_D2,D1_cost_aware_topk,D2_cost_aware_abstention,10,9,0.0,0.0,0.0,2.2621571627409915,0.0,0.0,student_t_df_n_minus_1,includes_0,376317.609,3763.17609,True,True,project pre-specified 1% band of |mean cost of right policy|; not an industry standard
low,temperature_T2.5,high,1000,delta_D1_D2,D1_cost_aware_topk,D2_cost_aware_abstention,10,9,0.0,0.0,0.0,2.2621571627409915,0.0,0.0,student_t_df_n_minus_1,includes_0,409102.47299999994,4091.0247299999996,True,True,project pre-specified 1% band of |mean cost of right policy|; not an industry standard
low,temperature_T2.5,high,2000,delta_D1_D2,D1_cost_aware_topk,D2_cost_aware_abstention,10,9,0.0,0.0,0.0,2.2621571627409915,0.0,0.0,student_t_df_n_minus_1,includes_0,484361.20599999995,4843.6120599999995,True,True,project pre-specified 1% band of |mean cost of right policy|; not an industry standard
low,temperature_T2.5,high,5000,delta_D1_D2,D1_cost_aware_topk,D2_cost_aware_abstention,10,9,260553.687,7452.155408773531,2356.5784569267494,2.2621571627409915,255222.73616410204,265884.637835898,student_t_df_n_minus_1,excludes_0_positive,489075.61,4890.7561,False,False,project pre-specified 1% band of |mean cost of right policy|; not an industry standard
low,temperature_T2.5,high,10000,delta_D1_D2,D1_cost_aware_topk,D2_cost_aware_abstention,10,9,719453.042,8663.92868308446,2739.774812381003,2.2621571627409915,713255.240783875,725650.843216125,student_t_df_n_minus_1,excludes_0_positive,491200.7,4912.0070000000005,False,False,project pre-specified 1% band of |mean cost of right policy|; not an industry standard
low,temperature_T2.5,low,500,delta_D1_D2,D1_cost_aware_topk,D2_cost_aware_abstention,10,9,0.0,0.0,0.0,2.2621571627409915,0.0,0.0,student_t_df_n_minus_1,includes_0,332316.89499999996,3323.1689499999998,True,True,project pre-specified 1% band of |mean cost of right policy|; not an industry standard
low,temperature_T2.5,low,1000,delta_D1_D2,D1_cost_aware_topk,D2_cost_aware_abstention,10,9,0.0,0.0,0.0,2.2621571627409915,0.0,0.0,student_t_df_n_minus_1,includes_0,329327.81999999995,3293.2781999999997,True,True,project pre-specified 1% band of |mean cost of right policy|; not an industry standard
low,temperature_T2.5,low,2000,delta_D1_D2,D1_cost_aware_topk,D2_cost_aware_abstention,10,9,0.0,0.0,0.0,2.2621571627409915,0.0,0.0,student_t_df_n_minus_1,includes_0,336178.67000000004,3361.7867000000006,True,True,project pre-specified 1% band of |mean cost of right policy|; not an industry standard
low,temperature_T2.5,low,5000,delta_D1_D2,D1_cost_aware_topk,D2_cost_aware_abstention,10,9,0.0,0.0,0.0,2.2621571627409915,0.0,0.0,student_t_df_n_minus_1,includes_0,390171.88600000006,3901.718860000001,True,True,project pre-specified 1% band of |mean cost of right policy|; not an industry standard
low,temperature_T2.5,low,10000,delta_D1_D2,D1_cost_aware_topk,D2_cost_aware_abstention,10,9,0.0,0.0,0.0,2.2621571627409915,0.0,0.0,student_t_df_n_minus_1,includes_0,529546.9809999999,5295.46981,True,True,project pre-specified 1% band of |mean cost of right policy|; not an industry standard
baseline,calibrated_by_construction_T1.0,baseline,500,delta_A_D2,A_fixed_threshold_fifo,D2_cost_aware_abstention,10,9,69940.07400000004,9734.74428333574,3078.3964374644447,2.2621571627409915,62976.25744923349,76903.89055076658,student_t_df_n_minus_1,excludes_0_positive,568715.212,5687.152120000001,False,False,project pre-specified 1% band of |mean cost of right policy|; not an industry standard
baseline,calibrated_by_construction_T1.0,baseline,1000,delta_A_D2,A_fixed_threshold_fifo,D2_cost_aware_abstention,10,9,84391.34900000002,10808.782907077035,3418.037272065954,2.2621571627409915,76659.21150248034,92123.4864975197,student_t_df_n_minus_1,excludes_0_positive,545664.851,5456.64851,False,False,project pre-specified 1% band of |mean cost of right policy|; not an industry standard
baseline,calibrated_by_construction_T1.0,baseline,2000,delta_A_D2,A_fixed_threshold_fifo,D2_cost_aware_abstention,10,9,95379.31400000001,9136.906761093423,2889.3436133647156,2.2621571627409915,88843.16464940709,101915.46335059294,student_t_df_n_minus_1,excludes_0_positive,528639.1989999999,5286.391989999999,False,False,project pre-specified 1% band of |mean cost of right policy|; not an industry standard
baseline,calibrated_by_construction_T1.0,baseline,5000,delta_A_D2,A_fixed_threshold_fifo,D2_cost_aware_abstention,10,9,98235.68000000002,8866.723505296508,2803.904165968901,2.2621571627409915,91892.80810731417,104578.55189268588,student_t_df_n_minus_1,excludes_0_positive,535730.0050000001,5357.300050000002,False,False,project pre-specified 1% band of |mean cost of right policy|; not an industry standard
baseline,calibrated_by_construction_T1.0,baseline,10000,delta_A_D2,A_fixed_threshold_fifo,D2_cost_aware_abstention,10,9,101072.53100000002,9773.72354506879,3090.722762323273,2.2621571627409915,94080.8303651638,108064.23163483624,student_t_df_n_minus_1,excludes_0_positive,524964.8770000001,5249.648770000001,False,False,project pre-specified 1% band of |mean cost of right policy|; not an industry standard
baseline,calibrated_by_construction_T1.0,high,500,delta_A_D2,A_fixed_threshold_fifo,D2_cost_aware_abstention,10,9,66223.53699999998,12447.077284091012,3936.111442987031,2.2621571627409915,57319.43430590009,75127.63969409987,student_t_df_n_minus_1,excludes_0_positive,593192.9800000001,5931.929800000001,False,False,project pre-specified 1% band of |mean cost of right policy|; not an industry standard
baseline,calibrated_by_construction_T1.0,high,1000,delta_A_D2,A_fixed_threshold_fifo,D2_cost_aware_abstention,10,9,65080.66900000001,12691.224849606786,4013.317682208534,2.2621571627409915,56001.9136588369,74159.42434116312,student_t_df_n_minus_1,excludes_0_positive,589679.589,5896.79589,False,False,project pre-specified 1% band of |mean cost of right policy|; not an industry standard
baseline,calibrated_by_construction_T1.0,high,2000,delta_A_D2,A_fixed_threshold_fifo,D2_cost_aware_abstention,10,9,66012.449,9953.829782455534,3147.677355417781,2.2621571627409915,58891.90812444404,73132.98987555596,student_t_df_n_minus_1,excludes_0_positive,590121.6399999999,5901.216399999999,False,False,project pre-specified 1% band of |mean cost of right policy|; not an industry standard
baseline,calibrated_by_construction_T1.0,high,5000,delta_A_D2,A_fixed_threshold_fifo,D2_cost_aware_abstention,10,9,71418.26800000001,7504.819442691175,2373.232286721961,2.2621571627409915,66049.64358374375,76786.89241625628,student_t_df_n_minus_1,excludes_0_positive,588247.2559999999,5882.472559999999,False,False,project pre-specified 1% band of |mean cost of right policy|; not an industry standard
baseline,calibrated_by_construction_T1.0,high,10000,delta_A_D2,A_fixed_threshold_fifo,D2_cost_aware_abstention,10,9,77604.66400000002,15198.559430384757,4806.206495344716,2.2621571627409915,66732.26955094369,88477.05844905635,student_t_df_n_minus_1,excludes_0_positive,591189.5390000001,5911.8953900000015,False,False,project pre-specified 1% band of |mean cost of right policy|; not an industry standard
baseline,calibrated_by_construction_T1.0,low,500,delta_A_D2,A_fixed_threshold_fifo,D2_cost_aware_abstention,10,9,72673.45199999998,11102.631831453107,3510.96046096785,2.2621571627409915,64731.10764512114,80615.79635487881,student_t_df_n_minus_1,excludes_0_positive,566432.2950000002,5664.322950000002,False,False,project pre-specified 1% band of |mean cost of right policy|; not an industry standard
baseline,calibrated_by_construction_T1.0,low,1000,delta_A_D2,A_fixed_threshold_fifo,D2_cost_aware_abstention,10,9,87242.23699999998,6606.374120073654,2089.118929462345,2.2621571627409915,82516.32164989895,91968.15235010101,student_t_df_n_minus_1,excludes_0_positive,527050.215,5270.502149999999,False,False,project pre-specified 1% band of |mean cost of right policy|; not an industry standard
baseline,calibrated_by_construction_T1.0,low,2000,delta_A_D2,A_fixed_threshold_fifo,D2_cost_aware_abstention,10,9,122915.68999999999,11689.625379492154,3696.584119330535,2.2621571627409915,114553.43575678182,131277.94424321817,student_t_df_n_minus_1,excludes_0_positive,491772.745,4917.72745,False,False,project pre-specified 1% band of |mean cost of right policy|; not an industry standard
baseline,calibrated_by_construction_T1.0,low,5000,delta_A_D2,A_fixed_threshold_fifo,D2_cost_aware_abstention,10,9,134223.81800000003,15917.911836209189,5033.685699617414,2.2621571627409915,122836.82983962359,145610.80616037647,student_t_df_n_minus_1,excludes_0_positive,483771.48500000004,4837.71485,False,False,project pre-specified 1% band of |mean cost of right policy|; not an industry standard
baseline,calibrated_by_construction_T1.0,low,10000,delta_A_D2,A_fixed_threshold_fifo,D2_cost_aware_abstention,10,9,134894.842,16068.06769666319,5081.169151923119,2.2621571627409915,123400.43880787856,146389.24519212145,student_t_df_n_minus_1,excludes_0_positive,484943.021,4849.43021,False,False,project pre-specified 1% band of |mean cost of right policy|; not an industry standard
baseline,temperature_T1.5,baseline,500,delta_A_D2,A_fixed_threshold_fifo,D2_cost_aware_abstention,10,9,63509.893000000004,8612.785022889646,2723.601766971673,2.2621571627409915,57348.677754391014,69671.108245609,student_t_df_n_minus_1,excludes_0_positive,570079.043,5700.79043,False,False,project pre-specified 1% band of |mean cost of right policy|; not an industry standard
baseline,temperature_T1.5,baseline,1000,delta_A_D2,A_fixed_threshold_fifo,D2_cost_aware_abstention,10,9,79188.28300000002,10164.898264610902,3214.423070006338,2.2621571627409915,71916.7528281053,86459.81317189476,student_t_df_n_minus_1,excludes_0_positive,553518.4659999999,5535.184659999999,False,False,project pre-specified 1% band of |mean cost of right policy|; not an industry standard
baseline,temperature_T1.5,baseline,2000,delta_A_D2,A_fixed_threshold_fifo,D2_cost_aware_abstention,10,9,78416.163,12589.040401810773,3981.0041225603363,2.2621571627409915,69410.50600924873,87421.81999075128,student_t_df_n_minus_1,excludes_0_positive,535302.223,5353.0222300000005,False,False,project pre-specified 1% band of |mean cost of right policy|; not an industry standard
baseline,temperature_T1.5,baseline,5000,delta_A_D2,A_fixed_threshold_fifo,D2_cost_aware_abstention,10,9,53867.26000000001,14505.257173972783,4586.965071625124,2.2621571627409915,43490.82410798049,64243.69589201953,student_t_df_n_minus_1,excludes_0_positive,574259.282,5742.59282,False,False,project pre-specified 1% band of |mean cost of right policy|; not an industry standard
baseline,temperature_T1.5,baseline,10000,delta_A_D2,A_fixed_threshold_fifo,D2_cost_aware_abstention,10,9,52790.098000000035,10751.703988348168,3399.987333109668,2.2621571627409915,45098.79230117736,60481.40369882271,student_t_df_n_minus_1,excludes_0_positive,569565.7840000001,5695.657840000001,False,False,project pre-specified 1% band of |mean cost of right policy|; not an industry standard
baseline,temperature_T1.5,high,500,delta_A_D2,A_fixed_threshold_fifo,D2_cost_aware_abstention,10,9,61032.577999999994,9764.0664431803,3087.668918566879,2.2621571627409915,54047.785639691196,68017.37036030879,student_t_df_n_minus_1,excludes_0_positive,598448.977,5984.489769999999,False,False,project pre-specified 1% band of |mean cost of right policy|; not an industry standard
baseline,temperature_T1.5,high,1000,delta_A_D2,A_fixed_threshold_fifo,D2_cost_aware_abstention,10,9,59658.97200000001,13084.694254707403,4137.743633179476,2.2621571627409915,50298.74560261713,69019.19839738289,student_t_df_n_minus_1,excludes_0_positive,596370.5990000002,5963.705990000001,False,False,project pre-specified 1% band of |mean cost of right policy|; not an industry standard
baseline,temperature_T1.5,high,2000,delta_A_D2,A_fixed_threshold_fifo,D2_cost_aware_abstention,10,9,48385.71699999999,15007.186267323203,4745.688987514185,2.2621571627409915,37650.22266475373,59121.21133524625,student_t_df_n_minus_1,excludes_0_positive,606414.314,6064.14314,False,False,project pre-specified 1% band of |mean cost of right policy|; not an industry standard
baseline,temperature_T1.5,high,5000,delta_A_D2,A_fixed_threshold_fifo,D2_cost_aware_abstention,10,9,44531.17599999999,9376.687132409459,2965.1688245206733,2.2621571627409915,37823.49810487426,51238.85389512572,student_t_df_n_minus_1,excludes_0_positive,612782.533,6127.825330000001,False,False,project pre-specified 1% band of |mean cost of right policy|; not an industry standard
baseline,temperature_T1.5,high,10000,delta_A_D2,A_fixed_threshold_fifo,D2_cost_aware_abstention,10,9,53876.82799999998,8862.13591003106,2802.453440966719,2.2621571627409915,47537.23787526898,60216.41812473098,student_t_df_n_minus_1,excludes_0_positive,609424.089,6094.24089,False,False,project pre-specified 1% band of |mean cost of right policy|; not an industry standard
baseline,temperature_T1.5,low,500,delta_A_D2,A_fixed_threshold_fifo,D2_cost_aware_abstention,10,9,64992.15000000002,9656.181664121206,3053.5527558978015,2.2621571627409915,58084.53376143832,71899.76623856173,student_t_df_n_minus_1,excludes_0_positive,569790.893,5697.9089300000005,False,False,project pre-specified 1% band of |mean cost of right policy|; not an industry standard
baseline,temperature_T1.5,low,1000,delta_A_D2,A_fixed_threshold_fifo,D2_cost_aware_abstention,10,9,89137.43399999998,8467.534366234331,2677.669476305084,2.2621571627409915,83080.12481472352,95194.74318527644,student_t_df_n_minus_1,excludes_0_positive,536809.9389999999,5368.099389999999,False,False,project pre-specified 1% band of |mean cost of right policy|; not an industry standard
baseline,temperature_T1.5,low,2000,delta_A_D2,A_fixed_threshold_fifo,D2_cost_aware_abstention,10,9,110908.73700000001,11839.729926884163,3744.051345021279,2.2621571627409915,102439.10443219008,119378.36956780993,student_t_df_n_minus_1,excludes_0_positive,507306.049,5073.06049,False,False,project pre-specified 1% band of |mean cost of right policy|; not an industry standard
baseline,temperature_T1.5,low,5000,delta_A_D2,A_fixed_threshold_fifo,D2_cost_aware_abstention,10,9,110443.06300000004,14725.298342573615,4656.5481988035,2.2621571627409915,99909.21913842804,120976.90686157203,student_t_df_n_minus_1,excludes_0_positive,505475.31500000006,5054.7531500000005,False,False,project pre-specified 1% band of |mean cost of right policy|; not an industry standard
baseline,temperature_T1.5,low,10000,delta_A_D2,A_fixed_threshold_fifo,D2_cost_aware_abstention,10,9,87691.72600000001,13254.407117927223,4191.411552779801,2.2621571627409915,78210.09433388384,97173.35766611618,student_t_df_n_minus_1,excludes_0_positive,537972.3890000001,5379.723890000001,False,False,project pre-specified 1% band of |mean cost of right policy|; not an industry standard
baseline,temperature_T2.5,baseline,500,delta_A_D2,A_fixed_threshold_fifo,D2_cost_aware_abstention,10,9,49076.59300000001,17401.248873934306,5502.758057307262,2.2621571627409915,36628.489445831685,61524.69655416833,student_t_df_n_minus_1,excludes_0_positive,598442.1369999999,5984.421369999999,False,False,project pre-specified 1% band of |mean cost of right policy|; not an industry standard
baseline,temperature_T2.5,baseline,1000,delta_A_D2,A_fixed_threshold_fifo,D2_cost_aware_abstention,10,9,47107.77999999999,5772.190215272638,1825.326816799917,2.2621571627409915,42978.60386703284,51236.95613296714,student_t_df_n_minus_1,excludes_0_positive,583517.0229999999,5835.17023,False,False,project pre-specified 1% band of |mean cost of right policy|; not an industry standard
baseline,temperature_T2.5,baseline,2000,delta_A_D2,A_fixed_threshold_fifo,D2_cost_aware_abstention,10,9,50448.884000000035,10086.575556677308,3189.6552550481083,2.2621571627409915,43233.38251811851,57664.38548188156,student_t_df_n_minus_1,excludes_0_positive,579407.6429999999,5794.076429999999,False,False,project pre-specified 1% band of |mean cost of right policy|; not an industry standard
baseline,temperature_T2.5,baseline,5000,delta_A_D2,A_fixed_threshold_fifo,D2_cost_aware_abstention,10,9,-17319.927000000014,12289.93946266805,3886.420100761695,2.2621571627409915,-26111.62006835865,-8528.23393164138,student_t_df_n_minus_1,excludes_0_negative,650410.861,6504.10861,False,False,project pre-specified 1% band of |mean cost of right policy|; not an industry standard
baseline,temperature_T2.5,baseline,10000,delta_A_D2,A_fixed_threshold_fifo,D2_cost_aware_abstention,10,9,-204305.613,9360.995986864315,2960.206848618687,2.2621571627409915,-211002.06612579772,-197609.1598742023,student_t_df_n_minus_1,excludes_0_negative,832942.1279999999,8329.421279999999,False,False,project pre-specified 1% band of |mean cost of right policy|; not an industry standard
baseline,temperature_T2.5,high,500,delta_A_D2,A_fixed_threshold_fifo,D2_cost_aware_abstention,10,9,27350.15300000004,8273.44878283541,2616.2942258507687,2.2621571627409915,21431.684277153825,33268.62172284625,student_t_df_n_minus_1,excludes_0_positive,624870.208,6248.70208,False,False,project pre-specified 1% band of |mean cost of right policy|; not an industry standard
baseline,temperature_T2.5,high,1000,delta_A_D2,A_fixed_threshold_fifo,D2_cost_aware_abstention,10,9,20884.419000000005,13227.479452040097,4182.896277152267,2.2621571627409915,11422.050225637377,30346.787774362634,student_t_df_n_minus_1,excludes_0_positive,636173.3910000001,6361.733910000001,False,False,project pre-specified 1% band of |mean cost of right policy|; not an industry standard
baseline,temperature_T2.5,high,2000,delta_A_D2,A_fixed_threshold_fifo,D2_cost_aware_abstention,10,9,-35269.554000000004,9994.837467822197,3160.6451241508025,2.2621571627409915,-42419.430006480135,-28119.677993519876,student_t_df_n_minus_1,excludes_0_negative,688977.837,6889.778370000001,False,False,project pre-specified 1% band of |mean cost of right policy|; not an industry standard
baseline,temperature_T2.5,high,5000,delta_A_D2,A_fixed_threshold_fifo,D2_cost_aware_abstention,10,9,-120363.47999999998,11945.92771022547,3777.63403280324,2.2621571627409915,-128909.08188551996,-111817.87811448,student_t_df_n_minus_1,excludes_0_negative,775521.267,7755.21267,False,False,project pre-specified 1% band of |mean cost of right policy|; not an industry standard
baseline,temperature_T2.5,high,10000,delta_A_D2,A_fixed_threshold_fifo,D2_cost_aware_abstention,10,9,-117524.30699999999,16188.559897590958,5119.272131444959,2.2621571627409915,-129104.90512016855,-105943.70887983142,student_t_df_n_minus_1,excludes_0_negative,778480.821,7784.80821,False,False,project pre-specified 1% band of |mean cost of right policy|; not an industry standard
baseline,temperature_T2.5,low,500,delta_A_D2,A_fixed_threshold_fifo,D2_cost_aware_abstention,10,9,48618.61299999999,13170.897252737037,4165.003414670341,2.2621571627409915,39196.72069266279,58040.50530733719,student_t_df_n_minus_1,excludes_0_positive,588747.404,5887.47404,False,False,project pre-specified 1% band of |mean cost of right policy|; not an industry standard
baseline,temperature_T2.5,low,1000,delta_A_D2,A_fixed_threshold_fifo,D2_cost_aware_abstention,10,9,50629.608999999975,10037.913317850318,3174.2669039744715,2.2621571627409915,43448.91838672245,57810.2996132775,student_t_df_n_minus_1,excludes_0_positive,566180.4299999999,5661.8043,False,False,project pre-specified 1% band of |mean cost of right policy|; not an industry standard
baseline,temperature_T2.5,low,2000,delta_A_D2,A_fixed_threshold_fifo,D2_cost_aware_abstention,10,9,80833.057,15678.332664941005,4957.924113503111,2.2621571627409915,69617.45345431266,92048.66054568734,student_t_df_n_minus_1,excludes_0_positive,540505.573,5405.05573,False,False,project pre-specified 1% band of |mean cost of right policy|; not an industry standard
baseline,temperature_T2.5,low,5000,delta_A_D2,A_fixed_threshold_fifo,D2_cost_aware_abstention,10,9,62684.080000000016,16513.81059657306,5222.125433379484,2.2621571627409915,50870.81154614871,74497.34845385131,student_t_df_n_minus_1,excludes_0_positive,551267.1619999999,5512.671619999999,False,False,project pre-specified 1% band of |mean cost of right policy|; not an industry standard
baseline,temperature_T2.5,low,10000,delta_A_D2,A_fixed_threshold_fifo,D2_cost_aware_abstention,10,9,-27592.616000000016,16060.557176995406,5078.79411706695,2.2621571627409915,-39081.64649000983,-16103.585509990206,student_t_df_n_minus_1,excludes_0_negative,646389.949,6463.899490000001,False,False,project pre-specified 1% band of |mean cost of right policy|; not an industry standard
high,calibrated_by_construction_T1.0,baseline,500,delta_A_D2,A_fixed_threshold_fifo,D2_cost_aware_abstention,10,9,127892.33000000003,13015.630107076786,4115.903632062389,2.2621571627409915,118581.50911757843,137203.1508824216,student_t_df_n_minus_1,excludes_0_positive,966771.541,9667.71541,False,False,project pre-specified 1% band of |mean cost of right policy|; not an industry standard
high,calibrated_by_construction_T1.0,baseline,1000,delta_A_D2,A_fixed_threshold_fifo,D2_cost_aware_abstention,10,9,165825.91400000002,12319.331038270419,3895.7145330541466,2.2621571627409915,157013.1954650574,174638.63253494265,student_t_df_n_minus_1,excludes_0_positive,922535.0619999999,9225.35062,False,False,project pre-specified 1% band of |mean cost of right policy|; not an industry standard
high,calibrated_by_construction_T1.0,baseline,2000,delta_A_D2,A_fixed_threshold_fifo,D2_cost_aware_abstention,10,9,183676.19600000003,10052.414286399295,3178.852512863795,2.2621571627409915,176485.13201872798,190867.25998127207,student_t_df_n_minus_1,excludes_0_positive,861555.53,8615.5553,False,False,project pre-specified 1% band of |mean cost of right policy|; not an industry standard
high,calibrated_by_construction_T1.0,baseline,5000,delta_A_D2,A_fixed_threshold_fifo,D2_cost_aware_abstention,10,9,197886.99700000003,15196.55920319469,4805.573967968876,2.2621571627409915,187016.03342727758,208757.96057272248,student_t_df_n_minus_1,excludes_0_positive,819710.037,8197.10037,False,False,project pre-specified 1% band of |mean cost of right policy|; not an industry standard
high,calibrated_by_construction_T1.0,baseline,10000,delta_A_D2,A_fixed_threshold_fifo,D2_cost_aware_abstention,10,9,202192.09,10383.909097892221,3283.680376548376,2.2621571627409915,194763.88891603905,209620.29108396094,student_t_df_n_minus_1,excludes_0_positive,825238.023,8252.38023,False,False,project pre-specified 1% band of |mean cost of right policy|; not an industry standard
high,calibrated_by_construction_T1.0,high,500,delta_A_D2,A_fixed_threshold_fifo,D2_cost_aware_abstention,10,9,116572.50100000002,13395.620772650913,4236.067231344146,2.2621571627409915,106989.85117076246,126155.15082923758,student_t_df_n_minus_1,excludes_0_positive,994413.8230000001,9944.13823,False,False,project pre-specified 1% band of |mean cost of right policy|; not an industry standard
high,calibrated_by_construction_T1.0,high,1000,delta_A_D2,A_fixed_threshold_fifo,D2_cost_aware_abstention,10,9,158100.27599999998,8970.91148857262,2836.8512991661055,2.2621571627409915,151682.8725139603,164517.67948603968,student_t_df_n_minus_1,excludes_0_positive,957550.8379999999,9575.50838,False,False,project pre-specified 1% band of |mean cost of right policy|; not an industry standard
high,calibrated_by_construction_T1.0,high,2000,delta_A_D2,A_fixed_threshold_fifo,D2_cost_aware_abstention,10,9,174783.553,12701.115388817905,4016.445345327968,2.2621571627409915,165697.72239330865,183869.38360669138,student_t_df_n_minus_1,excludes_0_positive,945962.428,9459.62428,False,False,project pre-specified 1% band of |mean cost of right policy|; not an industry standard
high,calibrated_by_construction_T1.0,high,5000,delta_A_D2,A_fixed_threshold_fifo,D2_cost_aware_abstention,10,9,165511.023,10207.449412394908,3227.8789244115264,2.2621571627409915,158209.05357068178,172812.9924293182,student_t_df_n_minus_1,excludes_0_positive,938408.2,9384.082,False,False,project pre-specified 1% band of |mean cost of right policy|; not an industry standard
high,calibrated_by_construction_T1.0,high,10000,delta_A_D2,A_fixed_threshold_fifo,D2_cost_aware_abstention,10,9,161788.66199999995,16018.86207727128,5065.6089688273405,2.2621571627409915,150329.45838752217,173247.86561247773,student_t_df_n_minus_1,excludes_0_positive,942235.1070000001,9422.35107,False,False,project pre-specified 1% band of |mean cost of right policy|; not an industry standard
high,calibrated_by_construction_T1.0,low,500,delta_A_D2,A_fixed_threshold_fifo,D2_cost_aware_abstention,10,9,132813.28600000002,13608.924622600643,4303.51983129654,2.2621571627409915,123078.04778863465,142548.52421136538,student_t_df_n_minus_1,excludes_0_positive,961634.2469999999,9616.34247,False,False,project pre-specified 1% band of |mean cost of right policy|; not an industry standard
high,calibrated_by_construction_T1.0,low,1000,delta_A_D2,A_fixed_threshold_fifo,D2_cost_aware_abstention,10,9,165095.19099999996,14643.864012826085,4630.796402630361,2.2621571627409915,154619.6017485945,175570.78025140543,student_t_df_n_minus_1,excludes_0_positive,906104.521,9061.04521,False,False,project pre-specified 1% band of |mean cost of right policy|; not an industry standard
high,calibrated_by_construction_T1.0,low,2000,delta_A_D2,A_fixed_threshold_fifo,D2_cost_aware_abstention,10,9,191186.58800000005,11101.09781461154,3510.4753622490084,2.2621571627409915,183245.34101466267,199127.83498533742,student_t_df_n_minus_1,excludes_0_positive,826058.14,8260.581400000001,False,False,project pre-specified 1% band of |mean cost of right policy|; not an industry standard
high,calibrated_by_construction_T1.0,low,5000,delta_A_D2,A_fixed_threshold_fifo,D2_cost_aware_abstention,10,9,249343.946,17725.32005690052,5605.238363527102,2.2621571627409915,236664.01588707656,262023.87611292343,student_t_df_n_minus_1,excludes_0_positive,739947.403,7399.47403,False,False,project pre-specified 1% band of |mean cost of right policy|; not an industry standard
high,calibrated_by_construction_T1.0,low,10000,delta_A_D2,A_fixed_threshold_fifo,D2_cost_aware_abstention,10,9,266514.50899999996,12365.157744813487,3910.2062100881703,2.2621571627409915,257669.0080140547,275360.00998594525,student_t_df_n_minus_1,excludes_0_positive,737897.429,7378.97429,False,False,project pre-specified 1% band of |mean cost of right policy|; not an industry standard
high,temperature_T1.5,baseline,500,delta_A_D2,A_fixed_threshold_fifo,D2_cost_aware_abstention,10,9,125784.35300000003,13034.57794199896,4121.895463570683,2.2621571627409915,116459.97765301401,135108.72834698606,student_t_df_n_minus_1,excludes_0_positive,978685.543,9786.85543,False,False,project pre-specified 1% band of |mean cost of right policy|; not an industry standard
high,temperature_T1.5,baseline,1000,delta_A_D2,A_fixed_threshold_fifo,D2_cost_aware_abstention,10,9,149980.97500000003,18483.070963382903,5844.86023988126,2.2621571627409915,136758.98254313262,163202.96745686745,student_t_df_n_minus_1,excludes_0_positive,927934.924,9279.34924,False,False,project pre-specified 1% band of |mean cost of right policy|; not an industry standard
high,temperature_T1.5,baseline,2000,delta_A_D2,A_fixed_threshold_fifo,D2_cost_aware_abstention,10,9,172845.66,13857.686164507319,4382.185137964592,2.2621571627409915,162932.46850169628,182758.85149830373,student_t_df_n_minus_1,excludes_0_positive,876287.589,8762.875890000001,False,False,project pre-specified 1% band of |mean cost of right policy|; not an industry standard
high,temperature_T1.5,baseline,5000,delta_A_D2,A_fixed_threshold_fifo,D2_cost_aware_abstention,10,9,174752.13199999998,24578.178811701066,7772.302578386608,2.2621571627409915,157169.96205131244,192334.30194868753,student_t_df_n_minus_1,excludes_0_positive,838040.594,8380.40594,False,False,project pre-specified 1% band of |mean cost of right policy|; not an industry standard
high,temperature_T1.5,baseline,10000,delta_A_D2,A_fixed_threshold_fifo,D2_cost_aware_abstention,10,9,146041.88700000002,22558.472003995434,7133.6152065768565,2.2621571627409915,129904.52826420413,162179.2457357959,student_t_df_n_minus_1,excludes_0_positive,877074.2019999999,8770.74202,False,False,project pre-specified 1% band of |mean cost of right policy|; not an industry standard
high,temperature_T1.5,high,500,delta_A_D2,A_fixed_threshold_fifo,D2_cost_aware_abstention,10,9,119609.652,17887.50291119776,5656.525085227752,2.2621571627409915,106813.70326222794,132405.60073777207,student_t_df_n_minus_1,excludes_0_positive,1002705.951,10027.059510000001,False,False,project pre-specified 1% band of |mean cost of right policy|; not an industry standard
high,temperature_T1.5,high,1000,delta_A_D2,A_fixed_threshold_fifo,D2_cost_aware_abstention,10,9,138771.12200000003,17411.033891955933,5505.852351696675,2.2621571627409915,126316.01866561506,151226.225334385,student_t_df_n_minus_1,excludes_0_positive,963594.354,9635.94354,False,False,project pre-specified 1% band of |mean cost of right policy|; not an industry standard
high,temperature_T1.5,high,2000,delta_A_D2,A_fixed_threshold_fifo,D2_cost_aware_abstention,10,9,143590.271,7044.251164929453,2227.587809147149,2.2621571627409915,138551.11728190328,148629.42471809674,student_t_df_n_minus_1,excludes_0_positive,957398.701,9573.98701,False,False,project pre-specified 1% band of |mean cost of right policy|; not an industry standard
high,temperature_T1.5,high,5000,delta_A_D2,A_fixed_threshold_fifo,D2_cost_aware_abstention,10,9,135356.426,12526.631506016984,3961.2686968638886,2.2621571627409915,126395.41364384769,144317.43835615233,student_t_df_n_minus_1,excludes_0_positive,965364.773,9653.64773,False,False,project pre-specified 1% band of |mean cost of right policy|; not an industry standard
high,temperature_T1.5,high,10000,delta_A_D2,A_fixed_threshold_fifo,D2_cost_aware_abstention,10,9,132591.17200000002,22866.18357138229,7230.922148109143,2.2621571627409915,116233.68966943244,148948.6543305676,student_t_df_n_minus_1,excludes_0_positive,978014.7470000001,9780.147470000002,False,False,project pre-specified 1% band of |mean cost of right policy|; not an industry standard
high,temperature_T1.5,low,500,delta_A_D2,A_fixed_threshold_fifo,D2_cost_aware_abstention,10,9,120199.86299999998,13715.89683377814,4337.3474146630815,2.2621571627409915,110388.10147862378,130011.62452137619,student_t_df_n_minus_1,excludes_0_positive,968668.4290000001,9686.684290000001,False,False,project pre-specified 1% band of |mean cost of right policy|; not an industry standard
high,temperature_T1.5,low,1000,delta_A_D2,A_fixed_threshold_fifo,D2_cost_aware_abstention,10,9,156244.05100000004,11130.382782204199,3519.7360821287107,2.2621571627409915,148281.85481085465,164206.24718914542,student_t_df_n_minus_1,excludes_0_positive,907322.303,9073.22303,False,False,project pre-specified 1% band of |mean cost of right policy|; not an industry standard
high,temperature_T1.5,low,2000,delta_A_D2,A_fixed_threshold_fifo,D2_cost_aware_abstention,10,9,183085.899,14143.90138634193,4472.6943381653655,2.2621571627409915,172967.96146616814,193203.83653383187,student_t_df_n_minus_1,excludes_0_positive,840841.3399999999,8408.4134,False,False,project pre-specified 1% band of |mean cost of right policy|; not an industry standard
high,temperature_T1.5,low,5000,delta_A_D2,A_fixed_threshold_fifo,D2_cost_aware_abstention,10,9,233902.14400000003,16916.4639224509,5349.455595101083,2.2621571627409915,221800.83470877723,246003.45329122283,student_t_df_n_minus_1,excludes_0_positive,768234.732,7682.34732,False,False,project pre-specified 1% band of |mean cost of right policy|; not an industry standard
high,temperature_T1.5,low,10000,delta_A_D2,A_fixed_threshold_fifo,D2_cost_aware_abstention,10,9,225489.93600000005,22460.119045952557,7102.51327037381,2.2621571627409915,209422.934731961,241556.9372680391,student_t_df_n_minus_1,excludes_0_positive,774083.749,7740.83749,False,False,project pre-specified 1% band of |mean cost of right policy|; not an industry standard
high,temperature_T2.5,baseline,500,delta_A_D2,A_fixed_threshold_fifo,D2_cost_aware_abstention,10,9,95866.91800000002,10613.958478440696,3356.4283782327775,2.2621571627409915,88274.14950295362,103459.68649704642,student_t_df_n_minus_1,excludes_0_positive,1002911.9349999998,10029.119349999999,False,False,project pre-specified 1% band of |mean cost of right policy|; not an industry standard
high,temperature_T2.5,baseline,1000,delta_A_D2,A_fixed_threshold_fifo,D2_cost_aware_abstention,10,9,120753.02200000003,16938.480875752048,5356.417967058002,2.2621571627409915,108635.96272918522,132870.08127081482,student_t_df_n_minus_1,excludes_0_positive,965690.322,9656.90322,False,False,project pre-specified 1% band of |mean cost of right policy|; not an industry standard
high,temperature_T2.5,baseline,2000,delta_A_D2,A_fixed_threshold_fifo,D2_cost_aware_abstention,10,9,120993.47,15912.974260979634,5032.1243012330315,2.2621571627409915,109610.01396816269,132376.9260318373,student_t_df_n_minus_1,excludes_0_positive,922383.7640000001,9223.837640000002,False,False,project pre-specified 1% band of |mean cost of right policy|; not an industry standard
high,temperature_T2.5,baseline,5000,delta_A_D2,A_fixed_threshold_fifo,D2_cost_aware_abstention,10,9,103261.881,13179.401043208305,4167.692549333746,2.2621571627409915,93833.9054474224,112689.85655257759,student_t_df_n_minus_1,excludes_0_positive,912627.0179999999,9126.27018,False,False,project pre-specified 1% band of |mean cost of right policy|; not an industry standard
high,temperature_T2.5,baseline,10000,delta_A_D2,A_fixed_threshold_fifo,D2_cost_aware_abstention,10,9,3285.4859999999985,18660.48107393579,5900.962242810199,2.2621571627409915,-10063.41800463724,16634.390004637236,student_t_df_n_minus_1,includes_0,1028993.2640000001,10289.93264,True,False,project pre-specified 1% band of |mean cost of right policy|; not an industry standard
high,temperature_T2.5,high,500,delta_A_D2,A_fixed_threshold_fifo,D2_cost_aware_abstention,10,9,93996.96099999998,15077.866386603087,4768.040003735867,2.2621571627409915,83210.9051533133,104783.01684668666,student_t_df_n_minus_1,excludes_0_positive,1019709.335,10197.09335,False,False,project pre-specified 1% band of |mean cost of right policy|; not an industry standard
high,temperature_T2.5,high,1000,delta_A_D2,A_fixed_threshold_fifo,D2_cost_aware_abstention,10,9,101021.56499999996,13289.581179288309,4202.534567625757,2.2621571627409915,91514.77132617874,110528.35867382117,student_t_df_n_minus_1,excludes_0_positive,1010963.7880000001,10109.63788,False,False,project pre-specified 1% band of |mean cost of right policy|; not an industry standard
high,temperature_T2.5,high,2000,delta_A_D2,A_fixed_threshold_fifo,D2_cost_aware_abstention,10,9,79888.994,12088.047685337038,3822.57631503914,2.2621571627409915,71241.72560881016,88536.26239118986,student_t_df_n_minus_1,excludes_0_positive,1022895.436,10228.95436,False,False,project pre-specified 1% band of |mean cost of right policy|; not an industry standard
high,temperature_T2.5,high,5000,delta_A_D2,A_fixed_threshold_fifo,D2_cost_aware_abstention,10,9,-64267.267000000036,16874.867671598437,5336.301705619333,2.2621571627409915,-76338.82012591379,-52195.713874086294,student_t_df_n_minus_1,excludes_0_negative,1160736.277,11607.36277,False,False,project pre-specified 1% band of |mean cost of right policy|; not an industry standard
high,temperature_T2.5,high,10000,delta_A_D2,A_fixed_threshold_fifo,D2_cost_aware_abstention,10,9,-68486.22800000005,16832.185782911896,5322.804507310609,2.2621571627409915,-80527.24834208278,-56445.207657917315,student_t_df_n_minus_1,excludes_0_negative,1164497.4879999997,11644.974879999996,False,False,project pre-specified 1% band of |mean cost of right policy|; not an industry standard
high,temperature_T2.5,low,500,delta_A_D2,A_fixed_threshold_fifo,D2_cost_aware_abstention,10,9,106917.23500000002,15266.631107658191,4827.732649777914,2.2621571627409915,95996.14500650635,117838.32499349368,student_t_df_n_minus_1,excludes_0_positive,994596.793,9945.967929999999,False,False,project pre-specified 1% band of |mean cost of right policy|; not an industry standard
high,temperature_T2.5,low,1000,delta_A_D2,A_fixed_threshold_fifo,D2_cost_aware_abstention,10,9,122548.99500000002,14958.068297231022,4730.156521560652,2.2621571627409915,111848.63754386558,133249.35245613445,student_t_df_n_minus_1,excludes_0_positive,950095.3930000002,9500.953930000001,False,False,project pre-specified 1% band of |mean cost of right policy|; not an industry standard
high,temperature_T2.5,low,2000,delta_A_D2,A_fixed_threshold_fifo,D2_cost_aware_abstention,10,9,135540.95700000002,13944.984340082903,4409.791245004205,2.2621571627409915,125565.31614892125,145516.5978510788,student_t_df_n_minus_1,excludes_0_positive,880969.091,8809.690910000001,False,False,project pre-specified 1% band of |mean cost of right policy|; not an industry standard
high,temperature_T2.5,low,5000,delta_A_D2,A_fixed_threshold_fifo,D2_cost_aware_abstention,10,9,167444.804,20483.453743590835,6477.436817644965,2.2621571627409915,152791.82390676223,182097.78409323777,student_t_df_n_minus_1,excludes_0_positive,824458.401,8244.58401,False,False,project pre-specified 1% band of |mean cost of right policy|; not an industry standard
high,temperature_T2.5,low,10000,delta_A_D2,A_fixed_threshold_fifo,D2_cost_aware_abstention,10,9,153534.02200000003,31711.678024233297,10028.113098248548,2.2621571627409915,130848.85412602032,176219.18987397975,student_t_df_n_minus_1,excludes_0_positive,849486.901,8494.86901,False,False,project pre-specified 1% band of |mean cost of right policy|; not an industry standard
low,calibrated_by_construction_T1.0,baseline,500,delta_A_D2,A_fixed_threshold_fifo,D2_cost_aware_abstention,10,9,35336.6,4992.116099698277,1578.6457219042763,2.2621571627409915,31765.455272763815,38907.74472723618,student_t_df_n_minus_1,excludes_0_positive,326391.965,3263.9196500000003,False,False,project pre-specified 1% band of |mean cost of right policy|; not an industry standard
low,calibrated_by_construction_T1.0,baseline,1000,delta_A_D2,A_fixed_threshold_fifo,D2_cost_aware_abstention,10,9,41893.07599999999,6318.374632685209,1998.0454949515024,2.2621571627409915,37373.183072113075,46412.9689278869,student_t_df_n_minus_1,excludes_0_positive,318156.945,3181.56945,False,False,project pre-specified 1% band of |mean cost of right policy|; not an industry standard
low,calibrated_by_construction_T1.0,baseline,2000,delta_A_D2,A_fixed_threshold_fifo,D2_cost_aware_abstention,10,9,44642.004,7213.7198274695165,2281.1785057120546,2.2621571627409915,39481.619703812685,49802.38829618732,student_t_df_n_minus_1,excludes_0_positive,322914.556,3229.14556,False,False,project pre-specified 1% band of |mean cost of right policy|; not an industry standard
low,calibrated_by_construction_T1.0,baseline,5000,delta_A_D2,A_fixed_threshold_fifo,D2_cost_aware_abstention,10,9,43205.375,12889.345465376746,4075.968921935348,2.2621571627409915,33984.89270813428,52425.85729186572,student_t_df_n_minus_1,excludes_0_positive,317908.591,3179.0859100000002,False,False,project pre-specified 1% band of |mean cost of right policy|; not an industry standard
low,calibrated_by_construction_T1.0,baseline,10000,delta_A_D2,A_fixed_threshold_fifo,D2_cost_aware_abstention,10,9,40166.301999999996,7243.577402006707,2290.620299806632,2.2621571627409915,34984.55888167251,45348.045118327485,student_t_df_n_minus_1,excludes_0_positive,318448.691,3184.48691,False,False,project pre-specified 1% band of |mean cost of right policy|; not an industry standard
low,calibrated_by_construction_T1.0,high,500,delta_A_D2,A_fixed_threshold_fifo,D2_cost_aware_abstention,10,9,26906.323999999986,7642.025220277656,2416.620563252737,2.2621571627409915,21439.548483210638,32373.099516789334,student_t_df_n_minus_1,excludes_0_positive,343405.478,3434.05478,False,False,project pre-specified 1% band of |mean cost of right policy|; not an industry standard
low,calibrated_by_construction_T1.0,high,1000,delta_A_D2,A_fixed_threshold_fifo,D2_cost_aware_abstention,10,9,27709.05999999999,8069.4393111211275,2551.7807663642857,2.2621571627409915,21936.530861624324,33481.58913837565,student_t_df_n_minus_1,excludes_0_positive,347578.00800000003,3475.7800800000005,False,False,project pre-specified 1% band of |mean cost of right policy|; not an industry standard
low,calibrated_by_construction_T1.0,high,2000,delta_A_D2,A_fixed_threshold_fifo,D2_cost_aware_abstention,10,9,26922.282,5562.485922906144,1759.0124969007188,2.2621571627409915,22943.119280785122,30901.444719214876,student_t_df_n_minus_1,excludes_0_positive,342197.042,3421.97042,False,False,project pre-specified 1% band of |mean cost of right policy|; not an industry standard
low,calibrated_by_construction_T1.0,high,5000,delta_A_D2,A_fixed_threshold_fifo,D2_cost_aware_abstention,10,9,25646.591999999997,5454.409694641163,1724.835792676958,2.2621571627409915,21744.742357043782,29548.44164295621,student_t_df_n_minus_1,excludes_0_positive,340671.991,3406.71991,False,False,project pre-specified 1% band of |mean cost of right policy|; not an industry standard
low,calibrated_by_construction_T1.0,high,10000,delta_A_D2,A_fixed_threshold_fifo,D2_cost_aware_abstention,10,9,24745.87300000001,9844.392590769688,3113.07027677181,2.2621571627409915,17703.61877528458,31788.12722471544,student_t_df_n_minus_1,excludes_0_positive,343945.62100000004,3439.4562100000003,False,False,project pre-specified 1% band of |mean cost of right policy|; not an industry standard
low,calibrated_by_construction_T1.0,low,500,delta_A_D2,A_fixed_threshold_fifo,D2_cost_aware_abstention,10,9,44506.33200000001,6174.598664355623,1952.57954167973,2.2621571627409915,40089.290203967685,48923.373796032334,student_t_df_n_minus_1,excludes_0_positive,313917.00200000004,3139.1700200000005,False,False,project pre-specified 1% band of |mean cost of right policy|; not an industry standard
low,calibrated_by_construction_T1.0,low,1000,delta_A_D2,A_fixed_threshold_fifo,D2_cost_aware_abstention,10,9,59778.36200000001,9346.493739789743,2955.620835424071,2.2621571627409915,53092.283156798934,66464.44084320108,student_t_df_n_minus_1,excludes_0_positive,305991.41,3059.9141,False,False,project pre-specified 1% band of |mean cost of right policy|; not an industry standard
low,calibrated_by_construction_T1.0,low,2000,delta_A_D2,A_fixed_threshold_fifo,D2_cost_aware_abstention,10,9,62017.26199999999,9203.635854537539,2910.445205512877,2.2621571627409915,55433.37753158386,68601.14646841612,student_t_df_n_minus_1,excludes_0_positive,306208.05600000004,3062.0805600000003,False,False,project pre-specified 1% band of |mean cost of right policy|; not an industry standard
low,calibrated_by_construction_T1.0,low,5000,delta_A_D2,A_fixed_threshold_fifo,D2_cost_aware_abstention,10,9,60558.24899999999,10137.101246452667,3205.63288105223,2.2621571627409915,53306.60361700965,67809.89438299033,student_t_df_n_minus_1,excludes_0_positive,303146.945,3031.46945,False,False,project pre-specified 1% band of |mean cost of right policy|; not an industry standard
low,calibrated_by_construction_T1.0,low,10000,delta_A_D2,A_fixed_threshold_fifo,D2_cost_aware_abstention,10,9,60749.68200000001,11576.543266205545,3660.8244152694474,2.2621571627409915,52468.32182746113,69031.04217253889,student_t_df_n_minus_1,excludes_0_positive,300189.423,3001.8942300000003,False,False,project pre-specified 1% band of |mean cost of right policy|; not an industry standard
low,temperature_T1.5,baseline,500,delta_A_D2,A_fixed_threshold_fifo,D2_cost_aware_abstention,10,9,35705.09000000001,7716.798790272786,2440.2660422494005,2.2621571627409915,30184.82469353192,41225.355306468104,student_t_df_n_minus_1,excludes_0_positive,331688.151,3316.88151,False,False,project pre-specified 1% band of |mean cost of right policy|; not an industry standard
low,temperature_T1.5,baseline,1000,delta_A_D2,A_fixed_threshold_fifo,D2_cost_aware_abstention,10,9,34589.485,7829.306624927828,2475.844143461756,2.2621571627409915,28988.736437037653,40190.23356296235,student_t_df_n_minus_1,excludes_0_positive,333893.929,3338.9392900000003,False,False,project pre-specified 1% band of |mean cost of right policy|; not an industry standard
low,temperature_T1.5,baseline,2000,delta_A_D2,A_fixed_threshold_fifo,D2_cost_aware_abstention,10,9,13758.133000000007,8257.64504970604,2611.2966466285416,2.2621571627409915,7850.96958678772,19665.296413212294,student_t_df_n_minus_1,excludes_0_positive,342891.26599999995,3428.9126599999995,False,False,project pre-specified 1% band of |mean cost of right policy|; not an industry standard
low,temperature_T1.5,baseline,5000,delta_A_D2,A_fixed_threshold_fifo,D2_cost_aware_abstention,10,9,9064.102999999992,14080.47223160821,4452.636278263584,2.2621571627409915,-1008.4600499543667,19136.66604995435,student_t_df_n_minus_1,includes_0,350393.09900000005,3503.9309900000007,False,False,project pre-specified 1% band of |mean cost of right policy|; not an industry standard
low,temperature_T1.5,baseline,10000,delta_A_D2,A_fixed_threshold_fifo,D2_cost_aware_abstention,10,9,17277.505000000012,12754.218719419208,4033.2380929320716,2.2621571627409915,8153.686559033909,26401.323440966116,student_t_df_n_minus_1,excludes_0_positive,350405.09799999994,3504.0509799999995,False,False,project pre-specified 1% band of |mean cost of right policy|; not an industry standard
low,temperature_T1.5,high,500,delta_A_D2,A_fixed_threshold_fifo,D2_cost_aware_abstention,10,9,16634.245999999992,9097.768776748633,2876.9670960089607,2.2621571627409915,10126.094276793172,23142.397723206814,student_t_df_n_minus_1,excludes_0_positive,355947.803,3559.47803,False,False,project pre-specified 1% band of |mean cost of right policy|; not an industry standard
low,temperature_T1.5,high,1000,delta_A_D2,A_fixed_threshold_fifo,D2_cost_aware_abstention,10,9,10903.659999999998,11152.923669052498,3526.8641364207865,2.2621571627409915,2925.3390317813946,18881.980968218602,student_t_df_n_minus_1,excludes_0_positive,358886.921,3588.86921,False,False,project pre-specified 1% band of |mean cost of right policy|; not an industry standard
low,temperature_T1.5,high,2000,delta_A_D2,A_fixed_threshold_fifo,D2_cost_aware_abstention,10,9,11707.641999999993,8870.778895558396,2805.1865929717446,2.2621571627409915,5361.869055883962,18053.414944116023,student_t_df_n_minus_1,excludes_0_positive,362094.015,3620.9401500000004,False,False,project pre-specified 1% band of |mean cost of right policy|; not an industry standard
low,temperature_T1.5,high,5000,delta_A_D2,A_fixed_threshold_fifo,D2_cost_aware_abstention,10,9,11280.885999999999,5668.71117764326,1792.6038719008066,2.2621571627409915,7225.734311222354,15336.037688777644,student_t_df_n_minus_1,excludes_0_positive,357763.18,3577.6318,False,False,project pre-specified 1% band of |mean cost of right policy|; not an industry standard
low,temperature_T1.5,high,10000,delta_A_D2,A_fixed_threshold_fifo,D2_cost_aware_abstention,10,9,6690.552999999997,8750.758321052406,2767.2327548196577,2.2621571627409915,430.6376027132228,12950.468397286772,student_t_df_n_minus_1,excludes_0_positive,362061.161,3620.6116100000004,False,False,project pre-specified 1% band of |mean cost of right policy|; not an industry standard
low,temperature_T1.5,low,500,delta_A_D2,A_fixed_threshold_fifo,D2_cost_aware_abstention,10,9,34504.803,8788.569545360931,2779.1897138131044,2.2621571627409915,28217.8390822816,40791.7669177184,student_t_df_n_minus_1,excludes_0_positive,324477.24299999996,3244.7724299999995,False,False,project pre-specified 1% band of |mean cost of right policy|; not an industry standard
low,temperature_T1.5,low,1000,delta_A_D2,A_fixed_threshold_fifo,D2_cost_aware_abstention,10,9,46033.81000000001,11242.115341430284,3555.0690197241197,2.2621571627409915,37991.6851529925,54075.93484700753,student_t_df_n_minus_1,excludes_0_positive,305865.775,3058.6577500000003,False,False,project pre-specified 1% band of |mean cost of right policy|; not an industry standard
low,temperature_T1.5,low,2000,delta_A_D2,A_fixed_threshold_fifo,D2_cost_aware_abstention,10,9,51552.97000000001,10574.521411271733,3343.9572825836804,2.2621571627409915,43988.413081303435,59117.52691869658,student_t_df_n_minus_1,excludes_0_positive,308463.552,3084.6355200000003,False,False,project pre-specified 1% band of |mean cost of right policy|; not an industry standard
low,temperature_T1.5,low,5000,delta_A_D2,A_fixed_threshold_fifo,D2_cost_aware_abstention,10,9,17248.143999999993,12185.091790448249,3853.2643556035614,2.2621571627409915,8531.454438036846,25964.83356196314,student_t_df_n_minus_1,excludes_0_positive,340626.83700000006,3406.2683700000007,False,False,project pre-specified 1% band of |mean cost of right policy|; not an industry standard
low,temperature_T1.5,low,10000,delta_A_D2,A_fixed_threshold_fifo,D2_cost_aware_abstention,10,9,19729.911999999993,8926.641400105886,2822.8518679889025,2.2621571627409915,13344.17742747211,26115.646572527876,student_t_df_n_minus_1,excludes_0_positive,340930.68299999996,3409.3068299999995,False,False,project pre-specified 1% band of |mean cost of right policy|; not an industry standard
low,temperature_T2.5,baseline,500,delta_A_D2,A_fixed_threshold_fifo,D2_cost_aware_abstention,10,9,14378.265999999992,5242.43960169774,1657.804963723078,2.2621571627409915,10628.050626886263,18128.481373113722,student_t_df_n_minus_1,excludes_0_positive,351012.26599999995,3510.1226599999995,False,False,project pre-specified 1% band of |mean cost of right policy|; not an industry standard
low,temperature_T2.5,baseline,1000,delta_A_D2,A_fixed_threshold_fifo,D2_cost_aware_abstention,10,9,10640.447000000004,10957.08254584227,3464.933735533788,2.2621571627409915,2802.2223317393446,18478.671668260664,student_t_df_n_minus_1,excludes_0_positive,348119.18499999994,3481.1918499999992,False,False,project pre-specified 1% band of |mean cost of right policy|; not an industry standard
low,temperature_T2.5,baseline,2000,delta_A_D2,A_fixed_threshold_fifo,D2_cost_aware_abstention,10,9,-6425.353000000003,14153.38351252453,4475.692849745178,2.2621571627409915,-16550.073638279697,3699.367638279693,student_t_df_n_minus_1,includes_0,375166.052,3751.6605200000004,False,False,project pre-specified 1% band of |mean cost of right policy|; not an industry standard
low,temperature_T2.5,baseline,5000,delta_A_D2,A_fixed_threshold_fifo,D2_cost_aware_abstention,10,9,-139419.54700000002,9600.898011758021,3036.0705300137397,2.2621571627409915,-146287.61569605744,-132551.4783039426,student_t_df_n_minus_1,excludes_0_negative,490361.88,4903.6188,False,False,project pre-specified 1% band of |mean cost of right policy|; not an industry standard
low,temperature_T2.5,baseline,10000,delta_A_D2,A_fixed_threshold_fifo,D2_cost_aware_abstention,10,9,-212700.646,12365.288882099858,3910.247679339281,2.2621571627409915,-221546.2407959087,-203855.05120409132,student_t_df_n_minus_1,excludes_0_negative,569381.724,5693.81724,False,False,project pre-specified 1% band of |mean cost of right policy|; not an industry standard
low,temperature_T2.5,high,500,delta_A_D2,A_fixed_threshold_fifo,D2_cost_aware_abstention,10,9,-2305.1570000000065,8165.113863106258,2582.035716203205,2.2621571627409915,-8146.127589862153,3535.8135898621404,student_t_df_n_minus_1,includes_0,376317.609,3763.17609,True,False,project pre-specified 1% band of |mean cost of right policy|; not an industry standard
low,temperature_T2.5,high,1000,delta_A_D2,A_fixed_threshold_fifo,D2_cost_aware_abstention,10,9,-35692.21599999999,10112.42036948645,3197.828102465867,2.2621571627409915,-42926.20574720758,-28458.2262527924,student_t_df_n_minus_1,excludes_0_negative,409102.47299999994,4091.0247299999996,False,False,project pre-specified 1% band of |mean cost of right policy|; not an industry standard
low,temperature_T2.5,high,2000,delta_A_D2,A_fixed_threshold_fifo,D2_cost_aware_abstention,10,9,-113871.89499999999,8175.3208760217285,2585.2634570951695,2.2621571627409915,-119720.16724704037,-108023.6227529596,student_t_df_n_minus_1,excludes_0_negative,484361.20599999995,4843.6120599999995,False,False,project pre-specified 1% band of |mean cost of right policy|; not an industry standard
low,temperature_T2.5,high,5000,delta_A_D2,A_fixed_threshold_fifo,D2_cost_aware_abstention,10,9,-123993.55799999999,11437.068199026062,3616.7185263602314,2.2621571627409915,-132175.14372002383,-115811.97227997615,student_t_df_n_minus_1,excludes_0_negative,489075.61,4890.7561,False,False,project pre-specified 1% band of |mean cost of right policy|; not an industry standard
low,temperature_T2.5,high,10000,delta_A_D2,A_fixed_threshold_fifo,D2_cost_aware_abstention,10,9,-122655.09,7594.208111321857,2401.4994657102607,2.2621571627409915,-128087.65921767513,-117222.52078232486,student_t_df_n_minus_1,excludes_0_negative,491200.7,4912.0070000000005,False,False,project pre-specified 1% band of |mean cost of right policy|; not an industry standard
low,temperature_T2.5,low,500,delta_A_D2,A_fixed_threshold_fifo,D2_cost_aware_abstention,10,9,32295.17200000001,8074.315816170566,2553.3228526620396,2.2621571627409915,26519.154420060317,38071.1895799397,student_t_df_n_minus_1,excludes_0_positive,332316.89499999996,3323.1689499999998,False,False,project pre-specified 1% band of |mean cost of right policy|; not an industry standard
low,temperature_T2.5,low,1000,delta_A_D2,A_fixed_threshold_fifo,D2_cost_aware_abstention,10,9,35580.489,9818.098107844222,3104.7552311777217,2.2621571627409915,28557.044715233755,42603.933284766244,student_t_df_n_minus_1,excludes_0_positive,329327.81999999995,3293.2781999999997,False,False,project pre-specified 1% band of |mean cost of right policy|; not an industry standard
low,temperature_T2.5,low,2000,delta_A_D2,A_fixed_threshold_fifo,D2_cost_aware_abstention,10,9,30936.595,6776.012516594851,2142.7633006249216,2.2621571627409915,26089.327651432806,35783.8623485672,student_t_df_n_minus_1,excludes_0_positive,336178.67000000004,3361.7867000000006,False,False,project pre-specified 1% band of |mean cost of right policy|; not an industry standard
low,temperature_T2.5,low,5000,delta_A_D2,A_fixed_threshold_fifo,D2_cost_aware_abstention,10,9,-25746.955000000005,9551.48002005536,3020.4431888965687,2.2621571627409915,-32579.67219441462,-18914.23780558539,student_t_df_n_minus_1,excludes_0_negative,390171.88600000006,3901.718860000001,False,False,project pre-specified 1% band of |mean cost of right policy|; not an industry standard
low,temperature_T2.5,low,10000,delta_A_D2,A_fixed_threshold_fifo,D2_cost_aware_abstention,10,9,-165066.704,18533.53466701926,5860.81826414712,2.2621571627409915,-178324.79601576363,-151808.61198423637,student_t_df_n_minus_1,excludes_0_negative,529546.9809999999,5295.46981,False,False,project pre-specified 1% band of |mean cost of right policy|; not an industry standard
