prevalence,calibration,fp_cost_regime,capacity,policy,mean_cost,std_cost,n_seeds,ci95_low,ci95_high,interval_method,best_policy,best_mean_cost,abs_diff_from_best,pct_diff_from_best,near_eq_1pct,near_eq_0.005,near_eq_0.01,near_eq_0.02
baseline,calibrated_by_construction_T1.0,baseline,500,A_fixed_threshold_fifo,638655.2860000001,19126.742616504373,10,626800.4081059594,650510.1638940407,normal_approx_mean_pm_1.96_se,D1_cost_aware_topk,568715.212,69940.07400000002,0.1229790807846371,False,False,False,False
baseline,calibrated_by_construction_T1.0,baseline,500,B_topk_probability,635459.583,18687.585456574598,10,623876.8975336846,647042.2684663153,normal_approx_mean_pm_1.96_se,D1_cost_aware_topk,568715.212,66744.37099999993,0.11735991862303118,False,False,False,False
baseline,calibrated_by_construction_T1.0,baseline,500,C_expected_exposure,569408.014,16719.640520514415,10,559045.0734420025,579770.9545579974,normal_approx_mean_pm_1.96_se,D1_cost_aware_topk,568715.212,692.8019999999087,0.0012181879179273803,True,True,True,True
baseline,calibrated_by_construction_T1.0,baseline,500,D1_cost_aware_topk,568715.212,17635.344660484658,10,557784.7121359529,579645.7118640472,normal_approx_mean_pm_1.96_se,D1_cost_aware_topk,568715.212,0.0,0.0,True,True,True,True
baseline,calibrated_by_construction_T1.0,baseline,500,D2_cost_aware_abstention,568715.212,17635.344660484658,10,557784.7121359529,579645.7118640472,normal_approx_mean_pm_1.96_se,D1_cost_aware_topk,568715.212,0.0,0.0,True,True,True,True
baseline,calibrated_by_construction_T1.0,baseline,1000,A_fixed_threshold_fifo,630056.2,19211.781339575627,10,618148.6145593327,641963.7854406672,normal_approx_mean_pm_1.96_se,D1_cost_aware_topk,545664.851,84391.34899999993,0.1546578432628418,False,False,False,False
baseline,calibrated_by_construction_T1.0,baseline,1000,B_topk_probability,628672.637,20268.745764622196,10,616109.9382215049,641235.3357784951,normal_approx_mean_pm_1.96_se,D1_cost_aware_topk,545664.851,83007.78599999996,0.1521222887050131,False,False,False,False
baseline,calibrated_by_construction_T1.0,baseline,1000,C_expected_exposure,547663.922,12977.782592305652,10,539620.2090138467,555707.6349861533,normal_approx_mean_pm_1.96_se,D1_cost_aware_topk,545664.851,1999.0709999999963,0.003663550980673293,True,True,True,True
baseline,calibrated_by_construction_T1.0,baseline,1000,D1_cost_aware_topk,545664.851,13324.835795480609,10,537406.0322099538,553923.6697900463,normal_approx_mean_pm_1.96_se,D1_cost_aware_topk,545664.851,0.0,0.0,True,True,True,True
baseline,calibrated_by_construction_T1.0,baseline,1000,D2_cost_aware_abstention,545664.851,13324.835795480609,10,537406.0322099538,553923.6697900463,normal_approx_mean_pm_1.96_se,D1_cost_aware_topk,545664.851,0.0,0.0,True,True,True,True
baseline,calibrated_by_construction_T1.0,baseline,2000,A_fixed_threshold_fifo,624018.513,14552.014227876198,10,614999.0811373601,633037.94486264,normal_approx_mean_pm_1.96_se,D1_cost_aware_topk,528609.4689999999,95409.04400000011,0.18049060714044857,False,False,False,False
baseline,calibrated_by_construction_T1.0,baseline,2000,B_topk_probability,622275.508,16041.240076162585,10,612333.0443936877,632217.9716063123,normal_approx_mean_pm_1.96_se,D1_cost_aware_topk,528609.4689999999,93666.0390000001,0.17719326741761435,False,False,False,False
baseline,calibrated_by_construction_T1.0,baseline,2000,C_expected_exposure,534227.005,9412.864233385048,10,528392.8513044474,540061.1586955526,normal_approx_mean_pm_1.96_se,D1_cost_aware_topk,528609.4689999999,5617.53600000008,0.010627006002421953,False,False,False,True
baseline,calibrated_by_construction_T1.0,baseline,2000,D1_cost_aware_topk,528609.4689999999,9071.568163528462,10,522986.8528001407,534232.0851998592,normal_approx_mean_pm_1.96_se,D1_cost_aware_topk,528609.4689999999,0.0,0.0,True,True,True,True
baseline,calibrated_by_construction_T1.0,baseline,2000,D2_cost_aware_abstention,528639.199,9068.620673947229,10,523018.4096731102,534259.9883268898,normal_approx_mean_pm_1.96_se,D1_cost_aware_topk,528609.4689999999,29.73000000009779,5.6241898307912816e-05,True,True,True,True
baseline,calibrated_by_construction_T1.0,baseline,5000,A_fixed_threshold_fifo,633965.6849999999,14711.524206969492,10,624847.3878280417,643083.9821719582,normal_approx_mean_pm_1.96_se,D2_cost_aware_abstention,535730.005,98235.67999999993,0.18336788883049387,False,False,False,False
baseline,calibrated_by_construction_T1.0,baseline,5000,B_topk_probability,697405.502,18198.18917171387,10,686126.1474936472,708684.8565063528,normal_approx_mean_pm_1.96_se,D2_cost_aware_abstention,535730.005,161675.49699999997,0.30178540587809705,False,False,False,False
baseline,calibrated_by_construction_T1.0,baseline,5000,C_expected_exposure,601261.611,7762.983621517149,10,596450.063902215,606073.1580977851,normal_approx_mean_pm_1.96_se,D2_cost_aware_abstention,535730.005,65531.60600000003,0.12232207527745255,False,False,False,False
baseline,calibrated_by_construction_T1.0,baseline,5000,D1_cost_aware_topk,582513.95,8238.564638117758,10,577407.6347342333,587620.2652657666,normal_approx_mean_pm_1.96_se,D2_cost_aware_abstention,535730.005,46783.94499999995,0.08732746824587499,False,False,False,False
baseline,calibrated_by_construction_T1.0,baseline,5000,D2_cost_aware_abstention,535730.005,11052.27444413466,10,528879.7343285276,542580.2756714724,normal_approx_mean_pm_1.96_se,D2_cost_aware_abstention,535730.005,0.0,0.0,True,True,True,True
baseline,calibrated_by_construction_T1.0,baseline,10000,A_fixed_threshold_fifo,626037.408,18274.355824922644,10,614710.8449128924,637363.9710871077,normal_approx_mean_pm_1.96_se,D2_cost_aware_abstention,524964.877,101072.53100000008,0.19253198723997697,False,False,False,False
baseline,calibrated_by_construction_T1.0,baseline,10000,B_topk_probability,876079.775,15571.905865192164,10,866428.2077514266,885731.3422485734,normal_approx_mean_pm_1.96_se,D2_cost_aware_abstention,524964.877,351114.89800000004,0.6688350276050945,False,False,False,False
baseline,calibrated_by_construction_T1.0,baseline,10000,C_expected_exposure,805366.983,6516.119030876951,10,801328.2505821013,809405.7154178987,normal_approx_mean_pm_1.96_se,D2_cost_aware_abstention,524964.877,280402.106,0.5341349836629167,False,False,False,False
baseline,calibrated_by_construction_T1.0,baseline,10000,D1_cost_aware_topk,746777.587,9022.489333194098,10,741185.3901743365,752369.7838256636,normal_approx_mean_pm_1.96_se,D2_cost_aware_abstention,524964.877,221812.71000000008,0.42252866757026886,False,False,False,False
baseline,calibrated_by_construction_T1.0,baseline,10000,D2_cost_aware_abstention,524964.877,11764.505214161074,10,517673.1611237515,532256.5928762485,normal_approx_mean_pm_1.96_se,D2_cost_aware_abstention,524964.877,0.0,0.0,True,True,True,True
baseline,calibrated_by_construction_T1.0,high,500,A_fixed_threshold_fifo,659416.517,14631.581328491724,10,650347.7689374669,668485.2650625331,normal_approx_mean_pm_1.96_se,D1_cost_aware_topk,593192.98,66223.53700000001,0.11163911110343891,False,False,False,False
baseline,calibrated_by_construction_T1.0,high,500,B_topk_probability,652054.67,17641.97365214246,10,641120.061444356,662989.2785556441,normal_approx_mean_pm_1.96_se,D1_cost_aware_topk,593192.98,58861.69000000006,0.0992285680791436,False,False,False,False
baseline,calibrated_by_construction_T1.0,high,500,C_expected_exposure,599603.912,13947.251074864414,10,590959.3162230186,608248.5077769815,normal_approx_mean_pm_1.96_se,D1_cost_aware_topk,593192.98,6410.93200000003,0.010807498092779233,False,False,False,True
baseline,calibrated_by_construction_T1.0,high,500,D1_cost_aware_topk,593192.98,15131.170810481837,10,583814.583168469,602571.376831531,normal_approx_mean_pm_1.96_se,D1_cost_aware_topk,593192.98,0.0,0.0,True,True,True,True
baseline,calibrated_by_construction_T1.0,high,500,D2_cost_aware_abstention,593192.98,15131.170810481837,10,583814.583168469,602571.376831531,normal_approx_mean_pm_1.96_se,D1_cost_aware_topk,593192.98,0.0,0.0,True,True,True,True
baseline,calibrated_by_construction_T1.0,high,1000,A_fixed_threshold_fifo,654760.258,18428.43558688449,10,643338.1952870217,666182.3207129784,normal_approx_mean_pm_1.96_se,D2_cost_aware_abstention,589679.589,65080.668999999994,0.110366155135819,False,False,False,False
baseline,calibrated_by_construction_T1.0,high,1000,B_topk_probability,659234.099,17365.744500571273,10,648470.6990462758,669997.4989537243,normal_approx_mean_pm_1.96_se,D2_cost_aware_abstention,589679.589,69554.51000000001,0.11795305670652949,False,False,False,False
baseline,calibrated_by_construction_T1.0,high,1000,C_expected_exposure,603149.444,8124.476531989564,10,598113.8412750161,608185.046724984,normal_approx_mean_pm_1.96_se,D2_cost_aware_abstention,589679.589,13469.854999999981,0.022842667867888473,False,False,False,False
baseline,calibrated_by_construction_T1.0,high,1000,D1_cost_aware_topk,590432.6259999999,8362.575662767766,10,585249.4479048316,595615.8040951682,normal_approx_mean_pm_1.96_se,D2_cost_aware_abstention,589679.589,753.0369999998948,0.0012770274129327117,True,True,True,True
baseline,calibrated_by_construction_T1.0,high,1000,D2_cost_aware_abstention,589679.589,9623.189083003199,10,583715.0746120756,595644.1033879245,normal_approx_mean_pm_1.96_se,D2_cost_aware_abstention,589679.589,0.0,0.0,True,True,True,True
baseline,calibrated_by_construction_T1.0,high,2000,A_fixed_threshold_fifo,656134.0889999999,11556.358895008143,10,648971.3835489517,663296.7944510481,normal_approx_mean_pm_1.96_se,D2_cost_aware_abstention,590121.64,66012.4489999999,0.11186244415642833,False,False,False,False
baseline,calibrated_by_construction_T1.0,high,2000,B_topk_probability,712075.509,9919.923016740315,10,705927.0770145,718223.9409854999,normal_approx_mean_pm_1.96_se,D2_cost_aware_abstention,590121.64,121953.86899999995,0.20665886612800702,False,False,False,False
baseline,calibrated_by_construction_T1.0,high,2000,C_expected_exposure,657916.932,11603.219696182789,10,650725.1819234722,665108.6820765279,normal_approx_mean_pm_1.96_se,D2_cost_aware_abstention,590121.64,67795.29200000002,0.11488358908512492,False,False,False,False
baseline,calibrated_by_construction_T1.0,high,2000,D1_cost_aware_topk,620584.8,9606.158032129404,10,614630.8415667702,626538.7584332299,normal_approx_mean_pm_1.96_se,D2_cost_aware_abstention,590121.64,30463.160000000033,0.05162183172947196,False,False,False,False
baseline,calibrated_by_construction_T1.0,high,2000,D2_cost_aware_abstention,590121.64,13907.746806917045,10,581501.5292219648,598741.7507780353,normal_approx_mean_pm_1.96_se,D2_cost_aware_abstention,590121.64,0.0,0.0,True,True,True,True
baseline,calibrated_by_construction_T1.0,high,5000,A_fixed_threshold_fifo,659665.524,9526.043825312861,10,653761.2208665999,665569.8271334,normal_approx_mean_pm_1.96_se,D2_cost_aware_abstention,588247.256,71418.26799999992,0.12140858673210694,False,False,False,False
baseline,calibrated_by_construction_T1.0,high,5000,B_topk_probability,956700.0,10638.535293380912,10,950106.1675109464,963293.8324890536,normal_approx_mean_pm_1.96_se,D2_cost_aware_abstention,588247.256,368452.74399999995,0.6263569277066036,False,False,False,False
baseline,calibrated_by_construction_T1.0,high,5000,C_expected_exposure,918155.8439999999,9891.027541973132,10,912025.3216153099,924286.3663846899,normal_approx_mean_pm_1.96_se,D2_cost_aware_abstention,588247.256,329908.5879999999,0.5608331949448139,False,False,False,False
baseline,calibrated_by_construction_T1.0,high,5000,D1_cost_aware_topk,796003.3389999999,8766.186271660812,10,790570.0004576973,801436.6775423025,normal_approx_mean_pm_1.96_se,D2_cost_aware_abstention,588247.256,207756.08299999987,0.35317815915149775,False,False,False,False
baseline,calibrated_by_construction_T1.0,high,5000,D2_cost_aware_abstention,588247.256,9074.195395566268,10,582623.0114248532,593871.5005751469,normal_approx_mean_pm_1.96_se,D2_cost_aware_abstention,588247.256,0.0,0.0,True,True,True,True
baseline,calibrated_by_construction_T1.0,high,10000,A_fixed_threshold_fifo,668794.203,20794.400292066377,10,655905.7001699607,681682.7058300392,normal_approx_mean_pm_1.96_se,D2_cost_aware_abstention,591189.539,77604.66399999999,0.13126866915011498,False,False,False,False
baseline,calibrated_by_construction_T1.0,high,10000,B_topk_probability,1512665.514,17237.506953464494,10,1501981.596501436,1523349.4314985638,normal_approx_mean_pm_1.96_se,D2_cost_aware_abstention,591189.539,921475.975,1.5586811237537814,False,False,False,False
baseline,calibrated_by_construction_T1.0,high,10000,C_expected_exposure,1497118.878,11254.02913172953,10,1490143.5584776101,1504094.19752239,normal_approx_mean_pm_1.96_se,D2_cost_aware_abstention,591189.539,905929.339,1.5323839128351018,False,False,False,False
baseline,calibrated_by_construction_T1.0,high,10000,D1_cost_aware_topk,1183311.3220000002,11005.825459628957,10,1176489.8407073915,1190132.8032926088,normal_approx_mean_pm_1.96_se,D2_cost_aware_abstention,591189.539,592121.7830000002,1.0015768952907675,False,False,False,False
baseline,calibrated_by_construction_T1.0,high,10000,D2_cost_aware_abstention,591189.539,16349.88781012576,10,581055.7735462289,601323.3044537711,normal_approx_mean_pm_1.96_se,D2_cost_aware_abstention,591189.539,0.0,0.0,True,True,True,True
baseline,calibrated_by_construction_T1.0,low,500,A_fixed_threshold_fifo,639105.747,16289.953869191262,10,629009.1289876795,649202.3650123205,normal_approx_mean_pm_1.96_se,D1_cost_aware_topk,566432.295,72673.45199999993,0.12830033287561743,False,False,False,False
baseline,calibrated_by_construction_T1.0,low,500,B_topk_probability,634850.3230000001,16844.303909671627,10,624410.1152728903,645290.5307271099,normal_approx_mean_pm_1.96_se,D1_cost_aware_topk,566432.295,68418.02800000005,0.120787653888979,False,False,False,False
baseline,calibrated_by_construction_T1.0,low,500,C_expected_exposure,566667.794,10715.871064617912,10,560026.0283033303,573309.5596966697,normal_approx_mean_pm_1.96_se,D1_cost_aware_topk,566432.295,235.4989999999525,0.00041575842705076076,True,True,True,True
baseline,calibrated_by_construction_T1.0,low,500,D1_cost_aware_topk,566432.295,11431.384670254924,10,559347.0493759625,573517.5406240376,normal_approx_mean_pm_1.96_se,D1_cost_aware_topk,566432.295,0.0,0.0,True,True,True,True
baseline,calibrated_by_construction_T1.0,low,500,D2_cost_aware_abstention,566432.295,11431.384670254924,10,559347.0493759625,573517.5406240376,normal_approx_mean_pm_1.96_se,D1_cost_aware_topk,566432.295,0.0,0.0,True,True,True,True
baseline,calibrated_by_construction_T1.0,low,1000,A_fixed_threshold_fifo,614292.4519999999,12301.779942669371,10,606667.7297969698,621917.1742030301,normal_approx_mean_pm_1.96_se,C_expected_exposure,526776.9450000001,87515.50699999987,0.16613389752658947,False,False,False,False
baseline,calibrated_by_construction_T1.0,low,1000,B_topk_probability,610644.692,11204.270535227788,10,603700.2131752415,617589.1708247586,normal_approx_mean_pm_1.96_se,C_expected_exposure,526776.9450000001,83867.74699999997,0.15920922089709139,False,False,False,False
baseline,calibrated_by_construction_T1.0,low,1000,C_expected_exposure,526776.9450000001,8462.278405359026,10,521531.9705047432,532021.919495257,normal_approx_mean_pm_1.96_se,C_expected_exposure,526776.9450000001,0.0,0.0,True,True,True,True
baseline,calibrated_by_construction_T1.0,low,1000,D1_cost_aware_topk,527050.2150000001,9587.678875792442,10,521107.71006652986,532992.7199334702,normal_approx_mean_pm_1.96_se,C_expected_exposure,526776.9450000001,273.2700000000186,0.0005187584661663934,True,True,True,True
baseline,calibrated_by_construction_T1.0,low,1000,D2_cost_aware_abstention,527050.2150000001,9587.678875792442,10,521107.71006652986,532992.7199334702,normal_approx_mean_pm_1.96_se,C_expected_exposure,526776.9450000001,273.2700000000186,0.0005187584661663934,True,True,True,True
baseline,calibrated_by_construction_T1.0,low,2000,A_fixed_threshold_fifo,614688.4349999999,13011.492110641844,10,606623.8286379197,622753.0413620801,normal_approx_mean_pm_1.96_se,D1_cost_aware_topk,491772.745,122915.68999999994,0.24994408748699554,False,False,False,False
baseline,calibrated_by_construction_T1.0,low,2000,B_topk_probability,597300.3400000001,12211.968196038008,10,589731.2836942486,604869.3963057515,normal_approx_mean_pm_1.96_se,D1_cost_aware_topk,491772.745,105527.59500000009,0.214586099113728,False,False,False,False
baseline,calibrated_by_construction_T1.0,low,2000,C_expected_exposure,493677.49100000004,4499.108794180995,10,490888.9144788209,496466.06752117915,normal_approx_mean_pm_1.96_se,D1_cost_aware_topk,491772.745,1904.7460000000428,0.00387322400309119,True,True,True,True
baseline,calibrated_by_construction_T1.0,low,2000,D1_cost_aware_topk,491772.745,3561.3363353171185,10,489565.40587063023,493980.08412936976,normal_approx_mean_pm_1.96_se,D1_cost_aware_topk,491772.745,0.0,0.0,True,True,True,True
baseline,calibrated_by_construction_T1.0,low,2000,D2_cost_aware_abstention,491772.745,3561.3363353171185,10,489565.40587063023,493980.08412936976,normal_approx_mean_pm_1.96_se,D1_cost_aware_topk,491772.745,0.0,0.0,True,True,True,True
baseline,calibrated_by_construction_T1.0,low,5000,A_fixed_threshold_fifo,617995.3030000001,21403.998119436077,10,604728.9675220898,631261.6384779103,normal_approx_mean_pm_1.96_se,D2_cost_aware_abstention,483771.485,134223.8180000001,0.27745293420921674,False,False,False,False
baseline,calibrated_by_construction_T1.0,low,5000,B_topk_probability,602357.17,15132.373220037578,10,592978.0279073053,611736.3120926948,normal_approx_mean_pm_1.96_se,D2_cost_aware_abstention,483771.485,118585.68500000006,0.24512747997125142,False,False,False,False
baseline,calibrated_by_construction_T1.0,low,5000,C_expected_exposure,496328.541,6052.018257856797,10,492577.4612213927,500079.6207786074,normal_approx_mean_pm_1.96_se,D2_cost_aware_abstention,483771.485,12557.05600000004,0.025956585680117217,False,False,False,False
baseline,calibrated_by_construction_T1.0,low,5000,D1_cost_aware_topk,493169.02800000005,6482.208285003912,10,489151.3136801477,497186.7423198524,normal_approx_mean_pm_1.96_se,D2_cost_aware_abstention,483771.485,9397.543000000063,0.019425582721147906,False,False,False,True
baseline,calibrated_by_construction_T1.0,low,5000,D2_cost_aware_abstention,483771.485,8260.094736433119,10,478651.8252410442,488891.14475895575,normal_approx_mean_pm_1.96_se,D2_cost_aware_abstention,483771.485,0.0,0.0,True,True,True,True
baseline,calibrated_by_construction_T1.0,low,10000,A_fixed_threshold_fifo,619837.863,23031.96735682341,10,605562.5017349268,634113.2242650732,normal_approx_mean_pm_1.96_se,D2_cost_aware_abstention,484943.021,134894.842,0.27816637451928605,False,False,False,False
baseline,calibrated_by_construction_T1.0,low,10000,B_topk_probability,687254.8230000001,13589.360516888064,10,678832.0500890083,695677.5959109919,normal_approx_mean_pm_1.96_se,D2_cost_aware_abstention,484943.021,202311.80200000008,0.4171867482138692,False,False,False,False
baseline,calibrated_by_construction_T1.0,low,10000,C_expected_exposure,591480.579,8251.131265662138,10,586366.4748577861,596594.683142214,normal_approx_mean_pm_1.96_se,D2_cost_aware_abstention,484943.021,106537.55800000002,0.21969087786913427,False,False,False,False
baseline,calibrated_by_construction_T1.0,low,10000,D1_cost_aware_topk,582074.466,7107.472905524138,10,577669.2086532793,586479.7233467207,normal_approx_mean_pm_1.96_se,D2_cost_aware_abstention,484943.021,97131.445,0.2002945517180667,False,False,False,False
baseline,calibrated_by_construction_T1.0,low,10000,D2_cost_aware_abstention,484943.021,10188.437832442396,10,478628.1618074888,491257.8801925112,normal_approx_mean_pm_1.96_se,D2_cost_aware_abstention,484943.021,0.0,0.0,True,True,True,True
baseline,temperature_T1.5,baseline,500,A_fixed_threshold_fifo,633588.936,9606.75594957492,10,627634.606973698,639543.265026302,normal_approx_mean_pm_1.96_se,D1_cost_aware_topk,570079.043,63509.89300000004,0.11140541610823615,False,False,False,False
baseline,temperature_T1.5,baseline,500,B_topk_probability,629152.037,9662.465766044355,10,623163.1786717157,635140.8953282844,normal_approx_mean_pm_1.96_se,D1_cost_aware_topk,570079.043,59072.994000000064,0.10362246205216155,False,False,False,False
baseline,temperature_T1.5,baseline,500,C_expected_exposure,572210.6969999999,11207.233014078249,10,565264.3820118266,579157.0119881732,normal_approx_mean_pm_1.96_se,D1_cost_aware_topk,570079.043,2131.6539999999804,0.0037392253340559666,True,True,True,True
baseline,temperature_T1.5,baseline,500,D1_cost_aware_topk,570079.043,9725.575931201014,10,564051.0685860963,576107.0174139036,normal_approx_mean_pm_1.96_se,D1_cost_aware_topk,570079.043,0.0,0.0,True,True,True,True
baseline,temperature_T1.5,baseline,500,D2_cost_aware_abstention,570079.043,9725.575931201014,10,564051.0685860963,576107.0174139036,normal_approx_mean_pm_1.96_se,D1_cost_aware_topk,570079.043,0.0,0.0,True,True,True,True
baseline,temperature_T1.5,baseline,1000,A_fixed_threshold_fifo,632706.7490000001,12491.787029344478,10,624964.2591845385,640449.2388154616,normal_approx_mean_pm_1.96_se,D1_cost_aware_topk,553518.466,79188.28300000005,0.14306348905078814,False,False,False,False
baseline,temperature_T1.5,baseline,1000,B_topk_probability,631487.487,12686.251676448815,10,623624.4667475292,639350.5072524707,normal_approx_mean_pm_1.96_se,D1_cost_aware_topk,553518.466,77969.02099999995,0.14086074049786074,False,False,False,False
baseline,temperature_T1.5,baseline,1000,C_expected_exposure,558365.899,6140.453047065012,10,554560.0067711668,562171.7912288331,normal_approx_mean_pm_1.96_se,D1_cost_aware_topk,553518.466,4847.432999999961,0.008757491028311892,True,False,True,True
baseline,temperature_T1.5,baseline,1000,D1_cost_aware_topk,553518.466,7329.51192693423,10,548975.5874420096,558061.3445579904,normal_approx_mean_pm_1.96_se,D1_cost_aware_topk,553518.466,0.0,0.0,True,True,True,True
baseline,temperature_T1.5,baseline,1000,D2_cost_aware_abstention,553518.466,7329.51192693423,10,548975.5874420096,558061.3445579904,normal_approx_mean_pm_1.96_se,D1_cost_aware_topk,553518.466,0.0,0.0,True,True,True,True
baseline,temperature_T1.5,baseline,2000,A_fixed_threshold_fifo,613718.386,18874.008887733067,10,602020.1540939545,625416.6179060456,normal_approx_mean_pm_1.96_se,D1_cost_aware_topk,535302.223,78416.16300000006,0.14648951495200507,False,False,False,False
baseline,temperature_T1.5,baseline,2000,B_topk_probability,612978.8740000001,17314.024556881403,10,602247.5303994889,623710.2176005113,normal_approx_mean_pm_1.96_se,D1_cost_aware_topk,535302.223,77676.65100000007,0.14510802993620311,False,False,False,False
baseline,temperature_T1.5,baseline,2000,C_expected_exposure,546492.114,11536.263096588762,10,539341.8640538551,553642.3639461448,normal_approx_mean_pm_1.96_se,D1_cost_aware_topk,535302.223,11189.890999999945,0.0209038754542963,False,False,False,False
baseline,temperature_T1.5,baseline,2000,D1_cost_aware_topk,535302.223,12539.475790911994,10,527530.1753838906,543074.2706161094,normal_approx_mean_pm_1.96_se,D1_cost_aware_topk,535302.223,0.0,0.0,True,True,True,True
baseline,temperature_T1.5,baseline,2000,D2_cost_aware_abstention,535302.223,12539.475790911994,10,527530.1753838906,543074.2706161094,normal_approx_mean_pm_1.96_se,D1_cost_aware_topk,535302.223,0.0,0.0,True,True,True,True
baseline,temperature_T1.5,baseline,5000,A_fixed_threshold_fifo,628126.542,17135.872551082743,10,617505.6181566669,638747.4658433332,normal_approx_mean_pm_1.96_se,D2_cost_aware_abstention,574259.282,53867.26000000001,0.09380302885552663,False,False,False,False
baseline,temperature_T1.5,baseline,5000,B_topk_probability,689905.0730000001,15758.194113651221,10,680138.0430988016,699672.1029011986,normal_approx_mean_pm_1.96_se,D2_cost_aware_abstention,574259.282,115645.79100000008,0.20138253681722829,False,False,False,False
baseline,temperature_T1.5,baseline,5000,C_expected_exposure,625253.564,7814.435143866339,10,620410.1269182725,630097.0010817276,normal_approx_mean_pm_1.96_se,D2_cost_aware_abstention,574259.282,50994.28200000001,0.08880010057895765,False,False,False,False
baseline,temperature_T1.5,baseline,5000,D1_cost_aware_topk,597018.441,7397.411256292338,10,592433.4780016651,601603.4039983349,normal_approx_mean_pm_1.96_se,D2_cost_aware_abstention,574259.282,22759.158999999985,0.039632200494410096,False,False,False,False
baseline,temperature_T1.5,baseline,5000,D2_cost_aware_abstention,574259.282,9196.740996782877,10,568559.0828743057,579959.4811256944,normal_approx_mean_pm_1.96_se,D2_cost_aware_abstention,574259.282,0.0,0.0,True,True,True,True
baseline,temperature_T1.5,baseline,10000,A_fixed_threshold_fifo,622355.882,11080.48568506592,10,615488.1258202429,629223.638179757,normal_approx_mean_pm_1.96_se,D2_cost_aware_abstention,569565.784,52790.098,0.0926848126817955,False,False,False,False
baseline,temperature_T1.5,baseline,10000,B_topk_probability,878705.0369999999,8053.694135528407,10,873713.3056588642,883696.7683411356,normal_approx_mean_pm_1.96_se,D2_cost_aware_abstention,569565.784,309139.2529999999,0.5427630340238274,False,False,False,False
baseline,temperature_T1.5,baseline,10000,C_expected_exposure,835304.762,4128.6735471625825,10,832745.7836236332,837863.7403763668,normal_approx_mean_pm_1.96_se,D2_cost_aware_abstention,569565.784,265738.978,0.46656415372030147,False,False,False,False
baseline,temperature_T1.5,baseline,10000,D1_cost_aware_topk,767526.6,4454.114670449216,10,764765.9111256348,770287.2888743652,normal_approx_mean_pm_1.96_se,D2_cost_aware_abstention,569565.784,197960.816,0.3475644456900873,False,False,False,False
baseline,temperature_T1.5,baseline,10000,D2_cost_aware_abstention,569565.784,7773.268445924449,10,564747.8623020044,574383.7056979956,normal_approx_mean_pm_1.96_se,D2_cost_aware_abstention,569565.784,0.0,0.0,True,True,True,True
baseline,temperature_T1.5,high,500,A_fixed_threshold_fifo,659481.5549999999,13276.355820131508,10,651252.784409984,667710.3255900159,normal_approx_mean_pm_1.96_se,D1_cost_aware_topk,598448.977,61032.57799999998,0.10198459742709191,False,False,False,False
baseline,temperature_T1.5,high,500,B_topk_probability,651977.497,12142.306123444834,10,644451.6176941693,659503.3763058307,normal_approx_mean_pm_1.96_se,D1_cost_aware_topk,598448.977,53528.52000000002,0.08944541983902501,False,False,False,False
baseline,temperature_T1.5,high,500,C_expected_exposure,607788.483,19338.14271431981,10,595802.5779678503,619774.3880321498,normal_approx_mean_pm_1.96_se,D1_cost_aware_topk,598448.977,9339.506000000052,0.015606185922179381,False,False,False,True
baseline,temperature_T1.5,high,500,D1_cost_aware_topk,598448.977,18202.72673531451,10,587166.81008259,609731.1439174099,normal_approx_mean_pm_1.96_se,D1_cost_aware_topk,598448.977,0.0,0.0,True,True,True,True
baseline,temperature_T1.5,high,500,D2_cost_aware_abstention,598448.977,18202.72673531451,10,587166.81008259,609731.1439174099,normal_approx_mean_pm_1.96_se,D1_cost_aware_topk,598448.977,0.0,0.0,True,True,True,True
baseline,temperature_T1.5,high,1000,A_fixed_threshold_fifo,656029.571,20066.727346580163,10,643592.084534247,668467.0574657529,normal_approx_mean_pm_1.96_se,D1_cost_aware_topk,596370.599,59658.97199999995,0.1000367424216363,False,False,False,False
baseline,temperature_T1.5,high,1000,B_topk_probability,660101.753,19670.687115975983,10,647909.7348123055,672293.7711876945,normal_approx_mean_pm_1.96_se,D1_cost_aware_topk,596370.599,63731.15399999998,0.1068650166639083,False,False,False,False
baseline,temperature_T1.5,high,1000,C_expected_exposure,621196.858,10421.88554595335,10,614737.3064155952,627656.4095844048,normal_approx_mean_pm_1.96_se,D1_cost_aware_topk,596370.599,24826.25899999996,0.04162891168952472,False,False,False,False
baseline,temperature_T1.5,high,1000,D1_cost_aware_topk,596370.599,10431.414772647584,10,589905.1411396993,602836.0568603008,normal_approx_mean_pm_1.96_se,D1_cost_aware_topk,596370.599,0.0,0.0,True,True,True,True
baseline,temperature_T1.5,high,1000,D2_cost_aware_abstention,596370.599,10431.414772647584,10,589905.1411396993,602836.0568603008,normal_approx_mean_pm_1.96_se,D1_cost_aware_topk,596370.599,0.0,0.0,True,True,True,True
baseline,temperature_T1.5,high,2000,A_fixed_threshold_fifo,654800.031,14656.339375617514,10,645715.9377408772,663884.1242591228,normal_approx_mean_pm_1.96_se,D2_cost_aware_abstention,606414.314,48385.716999999946,0.07978986623986574,False,False,False,False
baseline,temperature_T1.5,high,2000,B_topk_probability,712777.621,11314.818831129222,10,705764.6236315677,719790.6183684324,normal_approx_mean_pm_1.96_se,D2_cost_aware_abstention,606414.314,106363.30700000003,0.1753970916326359,False,False,False,False
baseline,temperature_T1.5,high,2000,C_expected_exposure,684201.524,9614.001705710509,10,678242.7040075173,690160.3439924826,normal_approx_mean_pm_1.96_se,D2_cost_aware_abstention,606414.314,77787.20999999996,0.12827403345231717,False,False,False,False
baseline,temperature_T1.5,high,2000,D1_cost_aware_topk,631279.8759999999,8774.181402894168,10,625841.5820240191,636718.1699759808,normal_approx_mean_pm_1.96_se,D2_cost_aware_abstention,606414.314,24865.561999999918,0.04100424647957752,False,False,False,False
baseline,temperature_T1.5,high,2000,D2_cost_aware_abstention,606414.314,10947.381784201689,10,599629.056472711,613199.571527289,normal_approx_mean_pm_1.96_se,D2_cost_aware_abstention,606414.314,0.0,0.0,True,True,True,True
baseline,temperature_T1.5,high,5000,A_fixed_threshold_fifo,657313.709,14254.276968781021,10,648478.8166024352,666148.6013975649,normal_approx_mean_pm_1.96_se,D2_cost_aware_abstention,612782.533,44531.17599999998,0.0726704395146328,False,False,False,False
baseline,temperature_T1.5,high,5000,B_topk_probability,958252.538,12813.671447638199,10,950310.5421551336,966194.5338448663,normal_approx_mean_pm_1.96_se,D2_cost_aware_abstention,612782.533,345470.0049999999,0.5637726051176459,False,False,False,False
baseline,temperature_T1.5,high,5000,C_expected_exposure,971315.633,6805.76357724187,10,967097.377032343,975533.8889676571,normal_approx_mean_pm_1.96_se,D2_cost_aware_abstention,612782.533,358533.1,0.5850902737790666,False,False,False,False
baseline,temperature_T1.5,high,5000,D1_cost_aware_topk,822070.4400000001,6169.932105826717,10,818246.2764612498,825894.6035387503,normal_approx_mean_pm_1.96_se,D2_cost_aware_abstention,612782.533,209287.907,0.34153699841180035,False,False,False,False
baseline,temperature_T1.5,high,5000,D2_cost_aware_abstention,612782.533,12804.249741492564,10,604846.3767891033,620718.6892108968,normal_approx_mean_pm_1.96_se,D2_cost_aware_abstention,612782.533,0.0,0.0,True,True,True,True
baseline,temperature_T1.5,high,10000,A_fixed_threshold_fifo,663300.917,15376.720103706555,10,653770.3271397598,672831.5068602402,normal_approx_mean_pm_1.96_se,D2_cost_aware_abstention,609424.089,53876.82799999998,0.0884061345333528,False,False,False,False
baseline,temperature_T1.5,high,10000,B_topk_probability,1514687.773,12731.396551666336,10,1506796.7716639766,1522578.7743360235,normal_approx_mean_pm_1.96_se,D2_cost_aware_abstention,609424.089,905263.684,1.4854412556704826,False,False,False,False
baseline,temperature_T1.5,high,10000,C_expected_exposure,1561913.569,6284.42211597762,10,1558018.4438177727,1565808.6941822271,normal_approx_mean_pm_1.96_se,D2_cost_aware_abstention,609424.089,952489.4799999999,1.5629337553146834,False,False,False,False
baseline,temperature_T1.5,high,10000,D1_cost_aware_topk,1209859.651,10328.4755519491,10,1203457.9955297015,1216261.3064702987,normal_approx_mean_pm_1.96_se,D2_cost_aware_abstention,609424.089,600435.562,0.9852507848602617,False,False,False,False
baseline,temperature_T1.5,high,10000,D2_cost_aware_abstention,609424.089,9771.14601327062,10,603367.8699566063,615480.3080433938,normal_approx_mean_pm_1.96_se,D2_cost_aware_abstention,609424.089,0.0,0.0,True,True,True,True
baseline,temperature_T1.5,low,500,A_fixed_threshold_fifo,634783.0430000001,10697.080875870397,10,628152.9235829753,641413.1624170248,normal_approx_mean_pm_1.96_se,D1_cost_aware_topk,569790.8929999999,64992.15000000014,0.11406316036012908,False,False,False,False
baseline,temperature_T1.5,low,500,B_topk_probability,632337.3570000001,10163.872215141935,10,626037.7237348371,638636.990265163,normal_approx_mean_pm_1.96_se,D1_cost_aware_topk,569790.8929999999,62546.46400000015,0.1097709085357392,False,False,False,False
baseline,temperature_T1.5,low,500,C_expected_exposure,569819.3400000001,7859.595876362418,10,564947.9120062767,574690.7679937235,normal_approx_mean_pm_1.96_se,D1_cost_aware_topk,569790.8929999999,28.447000000160187,4.9925332871475345e-05,True,True,True,True
baseline,temperature_T1.5,low,500,D1_cost_aware_topk,569790.8929999999,7878.433279920362,10,564907.789462589,574673.9965374109,normal_approx_mean_pm_1.96_se,D1_cost_aware_topk,569790.8929999999,0.0,0.0,True,True,True,True
baseline,temperature_T1.5,low,500,D2_cost_aware_abstention,569790.8929999999,7878.433279920362,10,564907.789462589,574673.9965374109,normal_approx_mean_pm_1.96_se,D1_cost_aware_topk,569790.8929999999,0.0,0.0,True,True,True,True
baseline,temperature_T1.5,low,1000,A_fixed_threshold_fifo,625947.373,6005.215968657853,10,622225.3015807741,629669.4444192259,normal_approx_mean_pm_1.96_se,D1_cost_aware_topk,536809.939,89137.43400000001,0.1660502675603404,False,False,False,False
baseline,temperature_T1.5,low,1000,B_topk_probability,622060.159,7217.105861575537,10,617586.9504431224,626533.3675568776,normal_approx_mean_pm_1.96_se,D1_cost_aware_topk,536809.939,85250.21999999997,0.15880894485450273,False,False,False,False
baseline,temperature_T1.5,low,1000,C_expected_exposure,537936.584,8740.643154580559,10,532519.0772456862,543354.0907543139,normal_approx_mean_pm_1.96_se,D1_cost_aware_topk,536809.939,1126.6450000000186,0.002098778204626384,True,True,True,True
baseline,temperature_T1.5,low,1000,D1_cost_aware_topk,536809.939,9029.77533232564,10,531213.2262652884,542406.6517347116,normal_approx_mean_pm_1.96_se,D1_cost_aware_topk,536809.939,0.0,0.0,True,True,True,True
baseline,temperature_T1.5,low,1000,D2_cost_aware_abstention,536809.939,9029.77533232564,10,531213.2262652884,542406.6517347116,normal_approx_mean_pm_1.96_se,D1_cost_aware_topk,536809.939,0.0,0.0,True,True,True,True
baseline,temperature_T1.5,low,2000,A_fixed_threshold_fifo,618214.7860000001,13435.371539093832,10,609887.456446269,626542.1155537312,normal_approx_mean_pm_1.96_se,D1_cost_aware_topk,507306.049,110908.73700000008,0.21862293425955204,False,False,False,False
baseline,temperature_T1.5,low,2000,B_topk_probability,599045.4110000001,16328.516366523032,10,588924.8917042083,609165.9302957918,normal_approx_mean_pm_1.96_se,D1_cost_aware_topk,507306.049,91739.36200000008,0.18083632588422,False,False,False,False
baseline,temperature_T1.5,low,2000,C_expected_exposure,509697.72599999997,6656.235331936197,10,505572.1485989629,513823.303401037,normal_approx_mean_pm_1.96_se,D1_cost_aware_topk,507306.049,2391.676999999967,0.004714465764235283,True,True,True,True
baseline,temperature_T1.5,low,2000,D1_cost_aware_topk,507306.049,5751.67786464754,10,503741.12212570745,510870.97587429255,normal_approx_mean_pm_1.96_se,D1_cost_aware_topk,507306.049,0.0,0.0,True,True,True,True
baseline,temperature_T1.5,low,2000,D2_cost_aware_abstention,507306.049,5751.67786464754,10,503741.12212570745,510870.97587429255,normal_approx_mean_pm_1.96_se,D1_cost_aware_topk,507306.049,0.0,0.0,True,True,True,True
baseline,temperature_T1.5,low,5000,A_fixed_threshold_fifo,615918.378,18287.782634889725,10,604583.492889856,627253.2631101441,normal_approx_mean_pm_1.96_se,D1_cost_aware_topk,505475.31500000006,110443.06299999997,0.2184934846917301,False,False,False,False
baseline,temperature_T1.5,low,5000,B_topk_probability,599963.506,16071.39963280266,10,590002.3493068158,609924.6626931843,normal_approx_mean_pm_1.96_se,D1_cost_aware_topk,505475.31500000006,94488.19099999999,0.18692938744199603,False,False,False,False
baseline,temperature_T1.5,low,5000,C_expected_exposure,512313.574,5384.4724226575845,10,508976.2434166233,515650.9045833767,normal_approx_mean_pm_1.96_se,D1_cost_aware_topk,505475.31500000006,6838.258999999962,0.013528373784187584,False,False,False,True
baseline,temperature_T1.5,low,5000,D1_cost_aware_topk,505475.31500000006,5814.2906396247345,10,501871.5803257154,509079.0496742847,normal_approx_mean_pm_1.96_se,D1_cost_aware_topk,505475.31500000006,0.0,0.0,True,True,True,True
baseline,temperature_T1.5,low,5000,D2_cost_aware_abstention,505475.31500000006,5814.2906396247345,10,501871.5803257154,509079.0496742847,normal_approx_mean_pm_1.96_se,D1_cost_aware_topk,505475.31500000006,0.0,0.0,True,True,True,True
baseline,temperature_T1.5,low,10000,A_fixed_threshold_fifo,625664.115,15666.039800143242,10,615954.2029340728,635374.0270659272,normal_approx_mean_pm_1.96_se,D2_cost_aware_abstention,537972.389,87691.72600000002,0.16300413886111176,False,False,False,False
baseline,temperature_T1.5,low,10000,B_topk_probability,685966.235,16142.547279263263,10,675960.9805386725,695971.4894613274,normal_approx_mean_pm_1.96_se,D2_cost_aware_abstention,537972.389,147993.84600000002,0.27509561647781894,False,False,False,False
baseline,temperature_T1.5,low,10000,C_expected_exposure,610278.14,5533.719116057677,10,606848.3053576823,613707.9746423177,normal_approx_mean_pm_1.96_se,D2_cost_aware_abstention,537972.389,72305.75100000005,0.13440420452507656,False,False,False,False
baseline,temperature_T1.5,low,10000,D1_cost_aware_topk,595305.3200000001,6188.9523035504535,10,591469.3676205645,599141.2723794356,normal_approx_mean_pm_1.96_se,D2_cost_aware_abstention,537972.389,57332.9310000001,0.10657225569991122,False,False,False,False
baseline,temperature_T1.5,low,10000,D2_cost_aware_abstention,537972.389,8857.65130605737,10,532482.3598420455,543462.4181579545,normal_approx_mean_pm_1.96_se,D2_cost_aware_abstention,537972.389,0.0,0.0,True,True,True,True
baseline,temperature_T2.5,baseline,500,A_fixed_threshold_fifo,647518.73,21280.583867849014,10,634328.8874677148,660708.5725322851,normal_approx_mean_pm_1.96_se,D1_cost_aware_topk,598442.137,49076.59299999999,0.08200724843010176,False,False,False,False
baseline,temperature_T2.5,baseline,500,B_topk_probability,643697.095,22532.290027202824,10,629731.4369524502,657662.7530475497,normal_approx_mean_pm_1.96_se,D1_cost_aware_topk,598442.137,45254.957999999984,0.07562127597976943,False,False,False,False
baseline,temperature_T2.5,baseline,500,C_expected_exposure,600204.2,12718.967687082333,10,592320.9021540562,608087.4978459437,normal_approx_mean_pm_1.96_se,D1_cost_aware_topk,598442.137,1762.0629999999655,0.002944416662959623,True,True,True,True
baseline,temperature_T2.5,baseline,500,D1_cost_aware_topk,598442.137,12652.529049652101,10,590600.0182481641,606284.2557518359,normal_approx_mean_pm_1.96_se,D1_cost_aware_topk,598442.137,0.0,0.0,True,True,True,True
baseline,temperature_T2.5,baseline,500,D2_cost_aware_abstention,598442.137,12652.529049652101,10,590600.0182481641,606284.2557518359,normal_approx_mean_pm_1.96_se,D1_cost_aware_topk,598442.137,0.0,0.0,True,True,True,True
baseline,temperature_T2.5,baseline,1000,A_fixed_threshold_fifo,630624.8030000001,10835.219139648332,10,623909.0646000457,637340.5413999545,normal_approx_mean_pm_1.96_se,D1_cost_aware_topk,583517.023,47107.78000000003,0.08073077244226348,False,False,False,False
baseline,temperature_T2.5,baseline,1000,B_topk_probability,628837.241,11908.018817124354,10,621456.5744710776,636217.9075289224,normal_approx_mean_pm_1.96_se,D1_cost_aware_topk,583517.023,45320.21799999999,0.07766734510502873,False,False,False,False
baseline,temperature_T2.5,baseline,1000,C_expected_exposure,587296.399,11343.28095078166,10,580265.7606270406,594327.0373729593,normal_approx_mean_pm_1.96_se,D1_cost_aware_topk,583517.023,3779.375999999931,0.006476890735028189,True,False,True,True
baseline,temperature_T2.5,baseline,1000,D1_cost_aware_topk,583517.023,12341.040627121698,10,575867.9667726381,591166.079227362,normal_approx_mean_pm_1.96_se,D1_cost_aware_topk,583517.023,0.0,0.0,True,True,True,True
baseline,temperature_T2.5,baseline,1000,D2_cost_aware_abstention,583517.023,12341.040627121698,10,575867.9667726381,591166.079227362,normal_approx_mean_pm_1.96_se,D1_cost_aware_topk,583517.023,0.0,0.0,True,True,True,True
baseline,temperature_T2.5,baseline,2000,A_fixed_threshold_fifo,629856.527,10271.813414486405,10,623489.9910863505,636223.0629136495,normal_approx_mean_pm_1.96_se,D1_cost_aware_topk,579407.6429999999,50448.88400000008,0.08706975927827049,False,False,False,False
baseline,temperature_T2.5,baseline,2000,B_topk_probability,627190.338,12635.748583010016,10,619358.6198891428,635022.0561108572,normal_approx_mean_pm_1.96_se,D1_cost_aware_topk,579407.6429999999,47782.695000000065,0.08246818207746713,False,False,False,False
baseline,temperature_T2.5,baseline,2000,C_expected_exposure,590327.85,13852.094548092307,10,581742.2328493494,598913.4671506506,normal_approx_mean_pm_1.96_se,D1_cost_aware_topk,579407.6429999999,10920.207000000053,0.018847191837957952,False,False,False,True
baseline,temperature_T2.5,baseline,2000,D1_cost_aware_topk,579407.6429999999,14352.747001088144,10,570511.7182440964,588303.5677559035,normal_approx_mean_pm_1.96_se,D1_cost_aware_topk,579407.6429999999,0.0,0.0,True,True,True,True
baseline,temperature_T2.5,baseline,2000,D2_cost_aware_abstention,579407.6429999999,14352.747001088144,10,570511.7182440964,588303.5677559035,normal_approx_mean_pm_1.96_se,D1_cost_aware_topk,579407.6429999999,0.0,0.0,True,True,True,True
baseline,temperature_T2.5,baseline,5000,A_fixed_threshold_fifo,633090.934,13643.063903274318,10,624634.8753852755,641546.9926147246,normal_approx_mean_pm_1.96_se,A_fixed_threshold_fifo,633090.934,0.0,0.0,True,True,True,True
baseline,temperature_T2.5,baseline,5000,B_topk_probability,690723.71,11383.110619894527,10,683668.3849423624,697779.0350576375,normal_approx_mean_pm_1.96_se,A_fixed_threshold_fifo,633090.934,57632.775999999954,0.09103396195529781,False,False,False,False
baseline,temperature_T2.5,baseline,5000,C_expected_exposure,677853.899,6639.442721749144,10,673738.7297665888,681969.0682334112,normal_approx_mean_pm_1.96_se,A_fixed_threshold_fifo,633090.934,44762.96499999997,0.07070542728700639,False,False,False,False
baseline,temperature_T2.5,baseline,5000,D1_cost_aware_topk,650410.861,8467.346067557886,10,645162.7455351709,655658.9764648292,normal_approx_mean_pm_1.96_se,A_fixed_threshold_fifo,633090.934,17319.927000000025,0.027357723937964377,False,False,False,False
baseline,temperature_T2.5,baseline,5000,D2_cost_aware_abstention,650410.861,8467.346067557886,10,645162.7455351709,655658.9764648292,normal_approx_mean_pm_1.96_se,A_fixed_threshold_fifo,633090.934,17319.927000000025,0.027357723937964377,False,False,False,False
baseline,temperature_T2.5,baseline,10000,A_fixed_threshold_fifo,628636.515,15146.631638650255,10,619248.5354478902,638024.4945521099,normal_approx_mean_pm_1.96_se,A_fixed_threshold_fifo,628636.515,0.0,0.0,True,True,True,True
baseline,temperature_T2.5,baseline,10000,B_topk_probability,881559.303,11158.122795447724,10,874643.4268406898,888475.1791593101,normal_approx_mean_pm_1.96_se,A_fixed_threshold_fifo,628636.515,252922.78799999994,0.40233550225761217,False,False,False,False
baseline,temperature_T2.5,baseline,10000,C_expected_exposure,900024.6710000001,4593.411827521027,10,897177.6448532,902871.6971468002,normal_approx_mean_pm_1.96_se,A_fixed_threshold_fifo,628636.515,271388.1560000001,0.4317091825313394,False,False,False,False
baseline,temperature_T2.5,baseline,10000,D1_cost_aware_topk,841962.631,4217.5704058944575,10,839348.5537797495,844576.7082202506,normal_approx_mean_pm_1.96_se,A_fixed_threshold_fifo,628636.515,213326.11600000004,0.3393473190147092,False,False,False,False
baseline,temperature_T2.5,baseline,10000,D2_cost_aware_abstention,832942.128,7363.1802376793075,10,828378.3816068124,837505.8743931877,normal_approx_mean_pm_1.96_se,A_fixed_threshold_fifo,628636.515,204305.613,0.3249980046100249,False,False,False,False
baseline,temperature_T2.5,high,500,A_fixed_threshold_fifo,652220.361,9602.258975114419,10,646268.8192273455,658171.9027726545,normal_approx_mean_pm_1.96_se,D1_cost_aware_topk,624870.208,27350.15300000005,0.0437693342550907,False,False,False,False
baseline,temperature_T2.5,high,500,B_topk_probability,644468.184,10048.091891625976,10,638240.3121228233,650696.0558771767,normal_approx_mean_pm_1.96_se,D1_cost_aware_topk,624870.208,19597.976000000024,0.03136327472344469,False,False,False,False
baseline,temperature_T2.5,high,500,C_expected_exposure,634765.4839999999,12473.841489343633,10,627034.1169454663,642496.8510545336,normal_approx_mean_pm_1.96_se,D1_cost_aware_topk,624870.208,9895.275999999954,0.015835730161742573,False,False,False,True
baseline,temperature_T2.5,high,500,D1_cost_aware_topk,624870.208,10365.8691966138,10,618445.3757086188,631295.0402913812,normal_approx_mean_pm_1.96_se,D1_cost_aware_topk,624870.208,0.0,0.0,True,True,True,True
baseline,temperature_T2.5,high,500,D2_cost_aware_abstention,624870.208,10365.8691966138,10,618445.3757086188,631295.0402913812,normal_approx_mean_pm_1.96_se,D1_cost_aware_topk,624870.208,0.0,0.0,True,True,True,True
baseline,temperature_T2.5,high,1000,A_fixed_threshold_fifo,657057.8099999999,12586.979270673142,10,649256.3194220961,664859.3005779037,normal_approx_mean_pm_1.96_se,D1_cost_aware_topk,636173.3910000001,20884.418999999878,0.032828186930565724,False,False,False,False
baseline,temperature_T2.5,high,1000,B_topk_probability,659436.799,12784.440518859414,10,651512.9206724941,667360.6773275059,normal_approx_mean_pm_1.96_se,D1_cost_aware_topk,636173.3910000001,23263.407999999938,0.036567716174724346,False,False,False,False
baseline,temperature_T2.5,high,1000,C_expected_exposure,659688.848,8642.222983305468,10,654332.342699837,665045.3533001629,normal_approx_mean_pm_1.96_se,D1_cost_aware_topk,636173.3910000001,23515.456999999937,0.03696391162012611,False,False,False,False
baseline,temperature_T2.5,high,1000,D1_cost_aware_topk,636173.3910000001,7267.035541288054,10,631669.2357070185,640677.5462929816,normal_approx_mean_pm_1.96_se,D1_cost_aware_topk,636173.3910000001,0.0,0.0,True,True,True,True
baseline,temperature_T2.5,high,1000,D2_cost_aware_abstention,636173.3910000001,7267.035541288054,10,631669.2357070185,640677.5462929816,normal_approx_mean_pm_1.96_se,D1_cost_aware_topk,636173.3910000001,0.0,0.0,True,True,True,True
baseline,temperature_T2.5,high,2000,A_fixed_threshold_fifo,653708.283,16173.876630196033,10,643683.6104057863,663732.9555942138,normal_approx_mean_pm_1.96_se,A_fixed_threshold_fifo,653708.283,0.0,0.0,True,True,True,True
baseline,temperature_T2.5,high,2000,B_topk_probability,706202.425,11983.221427787423,10,698775.1474100832,713629.7025899169,normal_approx_mean_pm_1.96_se,A_fixed_threshold_fifo,653708.283,52494.14199999999,0.08030209095576045,False,False,False,False
baseline,temperature_T2.5,high,2000,C_expected_exposure,739582.814,9639.30974687872,10,733608.3079210884,745557.3200789116,normal_approx_mean_pm_1.96_se,A_fixed_threshold_fifo,653708.283,85874.53099999996,0.13136521783983568,False,False,False,False
baseline,temperature_T2.5,high,2000,D1_cost_aware_topk,688977.837,11137.186126718867,10,682074.9375224106,695880.7364775895,normal_approx_mean_pm_1.96_se,A_fixed_threshold_fifo,653708.283,35269.554000000004,0.053953047432932714,False,False,False,False
baseline,temperature_T2.5,high,2000,D2_cost_aware_abstention,688977.837,11137.186126718867,10,682074.9375224106,695880.7364775895,normal_approx_mean_pm_1.96_se,A_fixed_threshold_fifo,653708.283,35269.554000000004,0.053953047432932714,False,False,False,False
baseline,temperature_T2.5,high,5000,A_fixed_threshold_fifo,655157.787,13926.41877881351,10,646526.1032138834,663789.4707861167,normal_approx_mean_pm_1.96_se,A_fixed_threshold_fifo,655157.787,0.0,0.0,True,True,True,True
baseline,temperature_T2.5,high,5000,B_topk_probability,955881.373,9037.714957528486,10,950279.7392346043,961483.0067653958,normal_approx_mean_pm_1.96_se,A_fixed_threshold_fifo,655157.787,300723.586,0.45900940501223103,False,False,False,False
baseline,temperature_T2.5,high,5000,C_expected_exposure,1050161.608,8523.254675128872,10,1044878.8400211872,1055444.3759788128,normal_approx_mean_pm_1.96_se,A_fixed_threshold_fifo,655157.787,395003.821,0.6029140290138992,False,False,False,False
baseline,temperature_T2.5,high,5000,D1_cost_aware_topk,907534.517,10926.378977841816,10,900762.2771469601,914306.7568530398,normal_approx_mean_pm_1.96_se,A_fixed_threshold_fifo,655157.787,252376.72999999998,0.3852151878643548,False,False,False,False
baseline,temperature_T2.5,high,5000,D2_cost_aware_abstention,775521.267,12352.268467165619,10,767865.2516852805,783177.2823147195,normal_approx_mean_pm_1.96_se,A_fixed_threshold_fifo,655157.787,120363.47999999998,0.1837167814964855,False,False,False,False
baseline,temperature_T2.5,high,10000,A_fixed_threshold_fifo,660956.5140000001,20652.790167713527,10,648155.782034369,673757.2459656312,normal_approx_mean_pm_1.96_se,A_fixed_threshold_fifo,660956.5140000001,0.0,0.0,True,True,True,True
baseline,temperature_T2.5,high,10000,B_topk_probability,1508744.3,10153.964227455368,10,1502450.8077692285,1515037.7922307716,normal_approx_mean_pm_1.96_se,A_fixed_threshold_fifo,660956.5140000001,847787.786,1.2826680243596176,False,False,False,False
baseline,temperature_T2.5,high,10000,C_expected_exposure,1663187.965,7264.471046678362,10,1658685.3991972452,1667690.530802755,normal_approx_mean_pm_1.96_se,A_fixed_threshold_fifo,660956.5140000001,1002231.451,1.5163349324370223,False,False,False,False
baseline,temperature_T2.5,high,10000,D1_cost_aware_topk,1334876.215,7282.3488470048,10,1330362.5684218025,1339389.8615781977,normal_approx_mean_pm_1.96_se,A_fixed_threshold_fifo,660956.5140000001,673919.701,1.019612768352261,False,False,False,False
baseline,temperature_T2.5,high,10000,D2_cost_aware_abstention,778480.821,11372.598264277804,10,771432.0115678777,785529.6304321223,normal_approx_mean_pm_1.96_se,A_fixed_threshold_fifo,660956.5140000001,117524.30699999991,0.17780943906394409,False,False,False,False
baseline,temperature_T2.5,low,500,A_fixed_threshold_fifo,637366.017,17370.65573429576,10,626599.5730320764,648132.4609679236,normal_approx_mean_pm_1.96_se,D1_cost_aware_topk,588747.404,48618.61300000001,0.08257974926034665,False,False,False,False
baseline,temperature_T2.5,low,500,B_topk_probability,634308.536,15346.344034378839,10,624796.7734225858,643820.2985774141,normal_approx_mean_pm_1.96_se,D1_cost_aware_topk,588747.404,45561.13199999998,0.07738655268873167,False,False,False,False
baseline,temperature_T2.5,low,500,C_expected_exposure,589261.862,6594.079432178875,10,585174.8092247599,593348.91477524,normal_approx_mean_pm_1.96_se,D1_cost_aware_topk,588747.404,514.4579999999842,0.0008738178657004901,True,True,True,True
baseline,temperature_T2.5,low,500,D1_cost_aware_topk,588747.404,6716.621802414603,10,584584.3986767952,592910.4093232048,normal_approx_mean_pm_1.96_se,D1_cost_aware_topk,588747.404,0.0,0.0,True,True,True,True
baseline,temperature_T2.5,low,500,D2_cost_aware_abstention,588747.404,6716.621802414603,10,584584.3986767952,592910.4093232048,normal_approx_mean_pm_1.96_se,D1_cost_aware_topk,588747.404,0.0,0.0,True,True,True,True
baseline,temperature_T2.5,low,1000,A_fixed_threshold_fifo,616810.039,15597.575216486168,10,607142.5617226615,626477.5162773385,normal_approx_mean_pm_1.96_se,D1_cost_aware_topk,566180.43,50629.60899999994,0.08942309962921172,False,False,False,False
baseline,temperature_T2.5,low,1000,B_topk_probability,613549.855,15034.945841945277,10,604231.0990218663,622868.6109781336,normal_approx_mean_pm_1.96_se,D1_cost_aware_topk,566180.43,47369.42499999993,0.08366489283283762,False,False,False,False
baseline,temperature_T2.5,low,1000,C_expected_exposure,567606.995,10517.686649446212,10,561088.0652764738,574125.9247235262,normal_approx_mean_pm_1.96_se,D1_cost_aware_topk,566180.43,1426.5649999999441,0.002519629652335288,True,True,True,True
baseline,temperature_T2.5,low,1000,D1_cost_aware_topk,566180.43,10328.76280689245,10,559778.5964872428,572582.2635127573,normal_approx_mean_pm_1.96_se,D1_cost_aware_topk,566180.43,0.0,0.0,True,True,True,True
baseline,temperature_T2.5,low,1000,D2_cost_aware_abstention,566180.43,10328.76280689245,10,559778.5964872428,572582.2635127573,normal_approx_mean_pm_1.96_se,D1_cost_aware_topk,566180.43,0.0,0.0,True,True,True,True
baseline,temperature_T2.5,low,2000,A_fixed_threshold_fifo,621338.63,14837.312536854864,10,612142.3684134425,630534.8915865575,normal_approx_mean_pm_1.96_se,D1_cost_aware_topk,540505.573,80833.05700000003,0.14955082988570784,False,False,False,False
baseline,temperature_T2.5,low,2000,B_topk_probability,602356.866,12394.410648071418,10,594674.7306909435,610039.0013090565,normal_approx_mean_pm_1.96_se,D1_cost_aware_topk,540505.573,61851.29300000006,0.11443229466942068,False,False,False,False
baseline,temperature_T2.5,low,2000,C_expected_exposure,543996.9400000001,6983.776234834853,10,539668.3506440775,548325.5293559226,normal_approx_mean_pm_1.96_se,D1_cost_aware_topk,540505.573,3491.3670000000857,0.006459446811291409,True,False,True,True
baseline,temperature_T2.5,low,2000,D1_cost_aware_topk,540505.573,7322.991723255428,10,535966.7357061184,545044.4102938815,normal_approx_mean_pm_1.96_se,D1_cost_aware_topk,540505.573,0.0,0.0,True,True,True,True
baseline,temperature_T2.5,low,2000,D2_cost_aware_abstention,540505.573,7322.991723255428,10,535966.7357061184,545044.4102938815,normal_approx_mean_pm_1.96_se,D1_cost_aware_topk,540505.573,0.0,0.0,True,True,True,True
baseline,temperature_T2.5,low,5000,A_fixed_threshold_fifo,613951.242,19374.011448034573,10,601943.1052963666,625959.3787036333,normal_approx_mean_pm_1.96_se,D1_cost_aware_topk,551267.162,62684.07999999996,0.11370907668902643,False,False,False,False
baseline,temperature_T2.5,low,5000,B_topk_probability,595405.4439999999,17252.241867761368,10,584712.3937069362,606098.4942930636,normal_approx_mean_pm_1.96_se,D1_cost_aware_topk,551267.162,44138.28199999989,0.08006695309016046,False,False,False,False
baseline,temperature_T2.5,low,5000,C_expected_exposure,557594.539,8957.132761976727,10,552042.8505968571,563146.2274031428,normal_approx_mean_pm_1.96_se,D1_cost_aware_topk,551267.162,6327.376999999979,0.011477877581251572,False,False,False,True
baseline,temperature_T2.5,low,5000,D1_cost_aware_topk,551267.162,7984.320087446116,10,546318.4291393438,556215.8948606562,normal_approx_mean_pm_1.96_se,D1_cost_aware_topk,551267.162,0.0,0.0,True,True,True,True
baseline,temperature_T2.5,low,5000,D2_cost_aware_abstention,551267.162,7984.320087446116,10,546318.4291393438,556215.8948606562,normal_approx_mean_pm_1.96_se,D1_cost_aware_topk,551267.162,0.0,0.0,True,True,True,True
baseline,temperature_T2.5,low,10000,A_fixed_threshold_fifo,618797.333,14993.259670045092,10,609504.4143788933,628090.2516211066,normal_approx_mean_pm_1.96_se,A_fixed_threshold_fifo,618797.333,0.0,0.0,True,True,True,True
baseline,temperature_T2.5,low,10000,B_topk_probability,688319.911,7927.65252006116,10,683406.3010614937,693233.5209385062,normal_approx_mean_pm_1.96_se,A_fixed_threshold_fifo,618797.333,69522.57799999998,0.11235112740862441,False,False,False,False
baseline,temperature_T2.5,low,10000,C_expected_exposure,658669.558,4472.709949824843,10,655897.3436520702,661441.7723479298,normal_approx_mean_pm_1.96_se,A_fixed_threshold_fifo,618797.333,39872.22499999998,0.06443503045931838,False,False,False,False
baseline,temperature_T2.5,low,10000,D1_cost_aware_topk,646389.949,4741.321215878909,10,643451.2476645114,649328.6503354886,normal_approx_mean_pm_1.96_se,A_fixed_threshold_fifo,618797.333,27592.61600000004,0.044590715778020394,False,False,False,False
baseline,temperature_T2.5,low,10000,D2_cost_aware_abstention,646389.949,4741.321215878909,10,643451.2476645114,649328.6503354886,normal_approx_mean_pm_1.96_se,A_fixed_threshold_fifo,618797.333,27592.61600000004,0.044590715778020394,False,False,False,False
high,calibrated_by_construction_T1.0,baseline,500,A_fixed_threshold_fifo,1094663.871,27760.127664846732,10,1077457.9656146385,1111869.7763853616,normal_approx_mean_pm_1.96_se,D1_cost_aware_topk,966771.541,127892.33000000007,0.13228805832214716,False,False,False,False
high,calibrated_by_construction_T1.0,baseline,500,B_topk_probability,1081274.7380000001,30579.208096018767,10,1062321.5484609748,1100227.9275390254,normal_approx_mean_pm_1.96_se,D1_cost_aware_topk,966771.541,114503.19700000016,0.11843873360355792,False,False,False,False
high,calibrated_by_construction_T1.0,baseline,500,C_expected_exposure,966928.15,24335.530569175808,10,951844.8318852192,982011.4681147808,normal_approx_mean_pm_1.96_se,D1_cost_aware_topk,966771.541,156.60900000005495,0.0001619917357497545,True,True,True,True
high,calibrated_by_construction_T1.0,baseline,500,D1_cost_aware_topk,966771.541,24810.914677093413,10,951393.5767625036,982149.5052374963,normal_approx_mean_pm_1.96_se,D1_cost_aware_topk,966771.541,0.0,0.0,True,True,True,True
high,calibrated_by_construction_T1.0,baseline,500,D2_cost_aware_abstention,966771.541,24810.914677093413,10,951393.5767625036,982149.5052374963,normal_approx_mean_pm_1.96_se,D1_cost_aware_topk,966771.541,0.0,0.0,True,True,True,True
high,calibrated_by_construction_T1.0,baseline,1000,A_fixed_threshold_fifo,1088360.976,17807.979498691784,10,1077323.4759546758,1099398.4760453242,normal_approx_mean_pm_1.96_se,D1_cost_aware_topk,922535.0619999999,165825.9140000001,0.17975025647317902,False,False,False,False
high,calibrated_by_construction_T1.0,baseline,1000,B_topk_probability,1067791.918,15589.632265672108,10,1058129.363814581,1077454.4721854192,normal_approx_mean_pm_1.96_se,D1_cost_aware_topk,922535.0619999999,145256.85600000015,0.157454022056454,False,False,False,False
high,calibrated_by_construction_T1.0,baseline,1000,C_expected_exposure,923675.814,12416.617744964224,10,915979.9145896889,931371.7134103111,normal_approx_mean_pm_1.96_se,D1_cost_aware_topk,922535.0619999999,1140.752000000095,0.0012365405359521123,True,True,True,True
high,calibrated_by_construction_T1.0,baseline,1000,D1_cost_aware_topk,922535.0619999999,12370.000000977103,10,914868.0565667629,930202.067433237,normal_approx_mean_pm_1.96_se,D1_cost_aware_topk,922535.0619999999,0.0,0.0,True,True,True,True
high,calibrated_by_construction_T1.0,baseline,1000,D2_cost_aware_abstention,922535.0619999999,12370.000000977103,10,914868.0565667629,930202.067433237,normal_approx_mean_pm_1.96_se,D1_cost_aware_topk,922535.0619999999,0.0,0.0,True,True,True,True
high,calibrated_by_construction_T1.0,baseline,2000,A_fixed_threshold_fifo,1045231.726,13700.542375673558,10,1036740.0418589906,1053723.4101410094,normal_approx_mean_pm_1.96_se,D1_cost_aware_topk,861555.53,183676.196,0.21319136097936717,False,False,False,False
high,calibrated_by_construction_T1.0,baseline,2000,B_topk_probability,1035572.209,11650.090788251331,10,1028351.4079196304,1042793.0100803697,normal_approx_mean_pm_1.96_se,D1_cost_aware_topk,861555.53,174016.679,0.2019796437265048,False,False,False,False
high,calibrated_by_construction_T1.0,baseline,2000,C_expected_exposure,865180.9990000001,10337.270494600738,10,858773.8923677701,871588.10563223,normal_approx_mean_pm_1.96_se,D1_cost_aware_topk,861555.53,3625.469000000041,0.004208050292475101,True,True,True,True
high,calibrated_by_construction_T1.0,baseline,2000,D1_cost_aware_topk,861555.53,11009.334203701865,10,854731.873965284,868379.1860347161,normal_approx_mean_pm_1.96_se,D1_cost_aware_topk,861555.53,0.0,0.0,True,True,True,True
high,calibrated_by_construction_T1.0,baseline,2000,D2_cost_aware_abstention,861555.53,11009.334203701865,10,854731.873965284,868379.1860347161,normal_approx_mean_pm_1.96_se,D1_cost_aware_topk,861555.53,0.0,0.0,True,True,True,True
high,calibrated_by_construction_T1.0,baseline,5000,A_fixed_threshold_fifo,1017597.034,17216.97201246956,10,1006925.8441897278,1028268.2238102722,normal_approx_mean_pm_1.96_se,D2_cost_aware_abstention,819710.037,197886.99699999997,0.24141097225579047,False,False,False,False
high,calibrated_by_construction_T1.0,baseline,5000,B_topk_probability,1015479.1880000001,20301.951155218663,10,1002895.9083071884,1028062.4676928117,normal_approx_mean_pm_1.96_se,D2_cost_aware_abstention,819710.037,195769.15100000007,0.23882731961716855,False,False,False,False
high,calibrated_by_construction_T1.0,baseline,5000,C_expected_exposure,836138.834,9432.88396383771,10,830292.2719469584,841985.3960530417,normal_approx_mean_pm_1.96_se,D2_cost_aware_abstention,819710.037,16428.79700000002,0.020042205485401445,False,False,False,False
high,calibrated_by_construction_T1.0,baseline,5000,D1_cost_aware_topk,822717.677,11366.198663268628,10,815672.8340816776,829762.5199183224,normal_approx_mean_pm_1.96_se,D2_cost_aware_abstention,819710.037,3007.640000000014,0.0036691511195928103,True,True,True,True
high,calibrated_by_construction_T1.0,baseline,5000,D2_cost_aware_abstention,819710.037,10194.212283691,10,813391.5987655249,826028.4752344751,normal_approx_mean_pm_1.96_se,D2_cost_aware_abstention,819710.037,0.0,0.0,True,True,True,True
high,calibrated_by_construction_T1.0,baseline,10000,A_fixed_threshold_fifo,1027430.1130000001,15826.669218795156,10,1017620.641788928,1037239.5842110723,normal_approx_mean_pm_1.96_se,D2_cost_aware_abstention,825238.023,202192.09000000008,0.24501063252632033,False,False,False,False
high,calibrated_by_construction_T1.0,baseline,10000,B_topk_probability,1113825.433,12924.76333067914,10,1105814.5816926602,1121836.2843073397,normal_approx_mean_pm_1.96_se,D2_cost_aware_abstention,825238.023,288587.4099999999,0.34970202772636894,False,False,False,False
high,calibrated_by_construction_T1.0,baseline,10000,C_expected_exposure,953039.773,8106.180240491471,10,948015.5104339743,958064.0355660258,normal_approx_mean_pm_1.96_se,D2_cost_aware_abstention,825238.023,127801.75,0.15486653115594504,False,False,False,False
high,calibrated_by_construction_T1.0,baseline,10000,D1_cost_aware_topk,917547.0630000001,9971.805703173613,10,911366.4737922897,923727.6522077104,normal_approx_mean_pm_1.96_se,D2_cost_aware_abstention,825238.023,92309.04000000004,0.11185747314990117,False,False,False,False
high,calibrated_by_construction_T1.0,baseline,10000,D2_cost_aware_abstention,825238.023,9554.529405504276,10,819316.0643210802,831159.9816789199,normal_approx_mean_pm_1.96_se,D2_cost_aware_abstention,825238.023,0.0,0.0,True,True,True,True
high,calibrated_by_construction_T1.0,high,500,A_fixed_threshold_fifo,1110986.324,22379.293762572986,10,1097115.494019717,1124857.153980283,normal_approx_mean_pm_1.96_se,D1_cost_aware_topk,994413.8230000001,116572.50099999993,0.1172273537472738,False,False,False,False
high,calibrated_by_construction_T1.0,high,500,B_topk_probability,1091068.9980000001,20686.288454236066,10,1078247.5035812766,1103890.4924187236,normal_approx_mean_pm_1.96_se,D1_cost_aware_topk,994413.8230000001,96655.17500000005,0.09719814101980764,False,False,False,False
high,calibrated_by_construction_T1.0,high,500,C_expected_exposure,997546.291,12950.706635061757,10,989519.3598660118,1005573.2221339882,normal_approx_mean_pm_1.96_se,D1_cost_aware_topk,994413.8230000001,3132.467999999877,0.0031500648196438807,True,True,True,True
high,calibrated_by_construction_T1.0,high,500,D1_cost_aware_topk,994413.8230000001,13550.16165530386,10,986015.3457951295,1002812.3002048706,normal_approx_mean_pm_1.96_se,D1_cost_aware_topk,994413.8230000001,0.0,0.0,True,True,True,True
high,calibrated_by_construction_T1.0,high,500,D2_cost_aware_abstention,994413.8230000001,13550.16165530386,10,986015.3457951295,1002812.3002048706,normal_approx_mean_pm_1.96_se,D1_cost_aware_topk,994413.8230000001,0.0,0.0,True,True,True,True
high,calibrated_by_construction_T1.0,high,1000,A_fixed_threshold_fifo,1115651.114,11672.868640198865,10,1108416.195060728,1122886.0329392722,normal_approx_mean_pm_1.96_se,D1_cost_aware_topk,957550.8380000001,158100.27599999995,0.16510901533982045,False,False,False,False
high,calibrated_by_construction_T1.0,high,1000,B_topk_probability,1088311.975,8470.220185034197,10,1083062.0781387032,1093561.871861297,normal_approx_mean_pm_1.96_se,D1_cost_aware_topk,957550.8380000001,130761.13699999999,0.13655790565973058,False,False,False,False
high,calibrated_by_construction_T1.0,high,1000,C_expected_exposure,970100.992,14796.40036596349,10,960930.088039674,979271.895960326,normal_approx_mean_pm_1.96_se,D1_cost_aware_topk,957550.8380000001,12550.153999999864,0.013106514559804357,False,False,False,True
high,calibrated_by_construction_T1.0,high,1000,D1_cost_aware_topk,957550.8380000001,13652.071508608975,10,949089.1964136478,966012.4795863524,normal_approx_mean_pm_1.96_se,D1_cost_aware_topk,957550.8380000001,0.0,0.0,True,True,True,True
high,calibrated_by_construction_T1.0,high,1000,D2_cost_aware_abstention,957550.8380000001,13652.071508608975,10,949089.1964136478,966012.4795863524,normal_approx_mean_pm_1.96_se,D1_cost_aware_topk,957550.8380000001,0.0,0.0,True,True,True,True
high,calibrated_by_construction_T1.0,high,2000,A_fixed_threshold_fifo,1120745.9810000001,22238.129746753773,10,1106962.6453831915,1134529.3166168088,normal_approx_mean_pm_1.96_se,D2_cost_aware_abstention,945962.428,174783.5530000002,0.18476796522409047,False,False,False,False
high,calibrated_by_construction_T1.0,high,2000,B_topk_probability,1103136.289,19003.522978637688,10,1091357.783428751,1114914.7945712493,normal_approx_mean_pm_1.96_se,D2_cost_aware_abstention,945962.428,157173.86100000015,0.16615232946651468,False,False,False,False
high,calibrated_by_construction_T1.0,high,2000,C_expected_exposure,969761.2890000001,13740.370958384223,10,961244.9188476716,978277.6591523286,normal_approx_mean_pm_1.96_se,D2_cost_aware_abstention,945962.428,23798.86100000015,0.025158357557939024,False,False,False,False
high,calibrated_by_construction_T1.0,high,2000,D1_cost_aware_topk,946920.1109999999,14080.960720581734,10,938192.6411260007,955647.5808739992,normal_approx_mean_pm_1.96_se,D2_cost_aware_abstention,945962.428,957.6829999999609,0.001012390103087647,True,True,True,True
high,calibrated_by_construction_T1.0,high,2000,D2_cost_aware_abstention,945962.428,14591.129579294891,10,936918.7521913756,955006.1038086243,normal_approx_mean_pm_1.96_se,D2_cost_aware_abstention,945962.428,0.0,0.0,True,True,True,True
high,calibrated_by_construction_T1.0,high,5000,A_fixed_threshold_fifo,1103919.223,11015.859190242314,10,1097091.5227367268,1110746.9232632732,normal_approx_mean_pm_1.96_se,D2_cost_aware_abstention,938408.2,165511.02300000004,0.176374229253325,False,False,False,False
high,calibrated_by_construction_T1.0,high,5000,B_topk_probability,1223306.628,15517.831067926532,10,1213688.5766580072,1232924.6793419928,normal_approx_mean_pm_1.96_se,D2_cost_aware_abstention,938408.2,284898.4280000001,0.3035975474212609,False,False,False,False
high,calibrated_by_construction_T1.0,high,5000,C_expected_exposure,1118281.501,11662.24236536624,10,1111053.1682941045,1125509.8337058953,normal_approx_mean_pm_1.96_se,D2_cost_aware_abstention,938408.2,179873.30099999998,0.19167916584701625,False,False,False,False
high,calibrated_by_construction_T1.0,high,5000,D1_cost_aware_topk,1033771.371,11450.593200014122,10,1026674.2198058723,1040868.5221941278,normal_approx_mean_pm_1.96_se,D2_cost_aware_abstention,938408.2,95363.17100000009,0.10162226949849766,False,False,False,False
high,calibrated_by_construction_T1.0,high,5000,D2_cost_aware_abstention,938408.2,13551.78883882452,10,930008.7142563345,946807.6857436654,normal_approx_mean_pm_1.96_se,D2_cost_aware_abstention,938408.2,0.0,0.0,True,True,True,True
high,calibrated_by_construction_T1.0,high,10000,A_fixed_threshold_fifo,1104023.7689999999,13721.749024990599,10,1095518.9408415675,1112528.5971584322,normal_approx_mean_pm_1.96_se,D2_cost_aware_abstention,942235.1070000001,161788.66199999978,0.17170731678118184,False,False,False,False
high,calibrated_by_construction_T1.0,high,10000,B_topk_probability,1603184.125,13307.557111763574,10,1594936.015649075,1611432.234350925,normal_approx_mean_pm_1.96_se,D2_cost_aware_abstention,942235.1070000001,660949.0179999999,0.7014693181030028,False,False,False,False
high,calibrated_by_construction_T1.0,high,10000,C_expected_exposure,1559030.5289999999,8569.278853550028,10,1553719.2349398623,1564341.8230601375,normal_approx_mean_pm_1.96_se,D2_cost_aware_abstention,942235.1070000001,616795.4219999998,0.6546088310844479,False,False,False,False
high,calibrated_by_construction_T1.0,high,10000,D1_cost_aware_topk,1331655.997,7079.879934681942,10,1327267.8419537926,1336044.1520462073,normal_approx_mean_pm_1.96_se,D2_cost_aware_abstention,942235.1070000001,389420.8899999999,0.4132948211194171,False,False,False,False
high,calibrated_by_construction_T1.0,high,10000,D2_cost_aware_abstention,942235.1070000001,16844.737470732234,10,931794.6305489609,952675.5834510393,normal_approx_mean_pm_1.96_se,D2_cost_aware_abstention,942235.1070000001,0.0,0.0,True,True,True,True
high,calibrated_by_construction_T1.0,low,500,A_fixed_threshold_fifo,1094447.533,28408.37953294378,10,1076839.8369441119,1112055.2290558883,normal_approx_mean_pm_1.96_se,C_expected_exposure,961364.9379999998,133082.5950000002,0.13843088065689393,False,False,False,False
high,calibrated_by_construction_T1.0,low,500,B_topk_probability,1083838.3769999999,30530.348348535663,10,1064915.4710462121,1102761.2829537876,normal_approx_mean_pm_1.96_se,C_expected_exposure,961364.9379999998,122473.43900000001,0.1273953668986418,False,False,False,False
high,calibrated_by_construction_T1.0,low,500,C_expected_exposure,961364.9379999998,18118.205886924756,10,950135.1576471634,972594.7183528363,normal_approx_mean_pm_1.96_se,C_expected_exposure,961364.9379999998,0.0,0.0,True,True,True,True
high,calibrated_by_construction_T1.0,low,500,D1_cost_aware_topk,961634.2470000001,17958.946227795368,10,950503.1768065608,972765.3171934393,normal_approx_mean_pm_1.96_se,C_expected_exposure,961364.9379999998,269.3090000002412,0.0002801319138604171,True,True,True,True
high,calibrated_by_construction_T1.0,low,500,D2_cost_aware_abstention,961634.2470000001,17958.946227795368,10,950503.1768065608,972765.3171934393,normal_approx_mean_pm_1.96_se,C_expected_exposure,961364.9379999998,269.3090000002412,0.0002801319138604171,True,True,True,True
high,calibrated_by_construction_T1.0,low,1000,A_fixed_threshold_fifo,1071199.7119999998,21778.155415309957,10,1057701.4714274958,1084697.9525725038,normal_approx_mean_pm_1.96_se,D1_cost_aware_topk,906104.5210000001,165095.19099999976,0.18220325268634185,False,False,False,False
high,calibrated_by_construction_T1.0,low,1000,B_topk_probability,1056621.677,22492.39199909212,10,1042680.748006474,1070562.6059935258,normal_approx_mean_pm_1.96_se,D1_cost_aware_topk,906104.5210000001,150517.15599999984,0.1661145624059852,False,False,False,False
high,calibrated_by_construction_T1.0,low,1000,C_expected_exposure,906189.0310000001,19654.871433050434,10,894006.8154741415,918371.2465258586,normal_approx_mean_pm_1.96_se,D1_cost_aware_topk,906104.5210000001,84.51000000000931,9.326738587149077e-05,True,True,True,True
high,calibrated_by_construction_T1.0,low,1000,D1_cost_aware_topk,906104.5210000001,19333.413761111107,10,894121.5470034155,918087.4949965846,normal_approx_mean_pm_1.96_se,D1_cost_aware_topk,906104.5210000001,0.0,0.0,True,True,True,True
high,calibrated_by_construction_T1.0,low,1000,D2_cost_aware_abstention,906104.5210000001,19333.413761111107,10,894121.5470034155,918087.4949965846,normal_approx_mean_pm_1.96_se,D1_cost_aware_topk,906104.5210000001,0.0,0.0,True,True,True,True
high,calibrated_by_construction_T1.0,low,2000,A_fixed_threshold_fifo,1017244.7279999999,15042.31857017011,10,1007921.4023575692,1026568.0536424306,normal_approx_mean_pm_1.96_se,D1_cost_aware_topk,826058.14,191186.58799999987,0.23144446951397377,False,False,False,False
high,calibrated_by_construction_T1.0,low,2000,B_topk_probability,1009400.1220000001,14371.613093210919,10,1000492.5039190522,1018307.740080948,normal_approx_mean_pm_1.96_se,D1_cost_aware_topk,826058.14,183341.98200000008,0.22194803624839296,False,False,False,False
high,calibrated_by_construction_T1.0,low,2000,C_expected_exposure,826444.586,12197.623348601952,10,818884.4207228033,834004.7512771967,normal_approx_mean_pm_1.96_se,D1_cost_aware_topk,826058.14,386.4459999999963,0.0004678193716485819,True,True,True,True
high,calibrated_by_construction_T1.0,low,2000,D1_cost_aware_topk,826058.14,11767.683989009924,10,818764.4538986881,833351.826101312,normal_approx_mean_pm_1.96_se,D1_cost_aware_topk,826058.14,0.0,0.0,True,True,True,True
high,calibrated_by_construction_T1.0,low,2000,D2_cost_aware_abstention,826058.14,11767.683989009924,10,818764.4538986881,833351.826101312,normal_approx_mean_pm_1.96_se,D1_cost_aware_topk,826058.14,0.0,0.0,True,True,True,True
high,calibrated_by_construction_T1.0,low,5000,A_fixed_threshold_fifo,989291.349,22974.953512118587,10,975051.3252819832,1003531.3727180168,normal_approx_mean_pm_1.96_se,D1_cost_aware_topk,739947.403,249343.946,0.33697522957587833,False,False,False,False
high,calibrated_by_construction_T1.0,low,5000,B_topk_probability,945817.852,21811.88520728135,10,932298.70548584,959336.9985141599,normal_approx_mean_pm_1.96_se,D1_cost_aware_topk,739947.403,205870.4489999999,0.2782230847291722,False,False,False,False
high,calibrated_by_construction_T1.0,low,5000,C_expected_exposure,743583.543,11697.141197127366,10,736333.5797740797,750833.5062259202,normal_approx_mean_pm_1.96_se,D1_cost_aware_topk,739947.403,3636.1399999998976,0.004914051978907881,True,True,True,True
high,calibrated_by_construction_T1.0,low,5000,D1_cost_aware_topk,739947.403,13191.273868355398,10,731771.3667500396,748123.4392499605,normal_approx_mean_pm_1.96_se,D1_cost_aware_topk,739947.403,0.0,0.0,True,True,True,True
high,calibrated_by_construction_T1.0,low,5000,D2_cost_aware_abstention,739947.403,13191.273868355398,10,731771.3667500396,748123.4392499605,normal_approx_mean_pm_1.96_se,D1_cost_aware_topk,739947.403,0.0,0.0,True,True,True,True
high,calibrated_by_construction_T1.0,low,10000,A_fixed_threshold_fifo,1004411.9380000001,13006.86531278666,10,996350.199356941,1012473.6766430591,normal_approx_mean_pm_1.96_se,D2_cost_aware_abstention,737897.429,266514.5090000001,0.36118096977405256,False,False,False,False
high,calibrated_by_construction_T1.0,low,10000,B_topk_probability,958146.1640000001,15138.581128399655,10,948763.174205839,967529.1537941612,normal_approx_mean_pm_1.96_se,D2_cost_aware_abstention,737897.429,220248.7350000001,0.29848150480546004,False,False,False,False
high,calibrated_by_construction_T1.0,low,10000,C_expected_exposure,767029.6969999999,8169.362780829427,10,761966.2734897529,772093.120510247,normal_approx_mean_pm_1.96_se,D2_cost_aware_abstention,737897.429,29132.267999999924,0.039480105032321404,False,False,False,False
high,calibrated_by_construction_T1.0,low,10000,D1_cost_aware_topk,758765.826,10789.106205127226,10,752078.6686929711,765452.9833070289,normal_approx_mean_pm_1.96_se,D2_cost_aware_abstention,737897.429,20868.396999999997,0.028280891326970592,False,False,False,False
high,calibrated_by_construction_T1.0,low,10000,D2_cost_aware_abstention,737897.429,11723.654599854912,10,730631.0325968163,745163.8254031837,normal_approx_mean_pm_1.96_se,D2_cost_aware_abstention,737897.429,0.0,0.0,True,True,True,True
high,temperature_T1.5,baseline,500,A_fixed_threshold_fifo,1104469.8960000002,27883.441698907616,10,1087187.55978448,1121752.2322155205,normal_approx_mean_pm_1.96_se,D1_cost_aware_topk,978685.543,125784.35300000024,0.12852376731184662,False,False,False,False
high,temperature_T1.5,baseline,500,B_topk_probability,1092773.991,27063.757036832827,10,1075999.700601551,1109548.2813984489,normal_approx_mean_pm_1.96_se,D1_cost_aware_topk,978685.543,114088.44799999997,0.11657314120558127,False,False,False,False
high,temperature_T1.5,baseline,500,C_expected_exposure,981061.451,19622.786053011278,10,968899.1221987226,993223.7798012774,normal_approx_mean_pm_1.96_se,D1_cost_aware_topk,978685.543,2375.908000000054,0.0024276520859980192,True,True,True,True
high,temperature_T1.5,baseline,500,D1_cost_aware_topk,978685.543,18971.101139009104,10,966927.132693146,990443.9533068539,normal_approx_mean_pm_1.96_se,D1_cost_aware_topk,978685.543,0.0,0.0,True,True,True,True
high,temperature_T1.5,baseline,500,D2_cost_aware_abstention,978685.543,18971.101139009104,10,966927.132693146,990443.9533068539,normal_approx_mean_pm_1.96_se,D1_cost_aware_topk,978685.543,0.0,0.0,True,True,True,True
high,temperature_T1.5,baseline,1000,A_fixed_threshold_fifo,1077915.899,23760.66602321218,10,1063188.8856222385,1092642.9123777614,normal_approx_mean_pm_1.96_se,D1_cost_aware_topk,927934.924,149980.97499999998,0.16162876417398422,False,False,False,False
high,temperature_T1.5,baseline,1000,B_topk_probability,1059462.653,22239.613401151786,10,1045678.3978046682,1073246.9081953317,normal_approx_mean_pm_1.96_se,D1_cost_aware_topk,927934.924,131527.72899999993,0.14174240628106796,False,False,False,False
high,temperature_T1.5,baseline,1000,C_expected_exposure,931295.2529999999,13154.879926311296,10,923141.7739490182,939448.7320509816,normal_approx_mean_pm_1.96_se,D1_cost_aware_topk,927934.924,3360.3289999999106,0.0036212981245653717,True,True,True,True
high,temperature_T1.5,baseline,1000,D1_cost_aware_topk,927934.924,11577.979599295097,10,920758.8178975998,935111.0301024002,normal_approx_mean_pm_1.96_se,D1_cost_aware_topk,927934.924,0.0,0.0,True,True,True,True
high,temperature_T1.5,baseline,1000,D2_cost_aware_abstention,927934.924,11577.979599295097,10,920758.8178975998,935111.0301024002,normal_approx_mean_pm_1.96_se,D1_cost_aware_topk,927934.924,0.0,0.0,True,True,True,True
high,temperature_T1.5,baseline,2000,A_fixed_threshold_fifo,1049133.249,18609.214382929564,10,1037599.1384283813,1060667.3595716187,normal_approx_mean_pm_1.96_se,D1_cost_aware_topk,876287.589,172845.66000000003,0.1972476412649501,False,False,False,False
high,temperature_T1.5,baseline,2000,B_topk_probability,1038370.121,18275.738788882853,10,1027042.7007429493,1049697.5412570508,normal_approx_mean_pm_1.96_se,D1_cost_aware_topk,876287.589,162082.532,0.18496499783246387,False,False,False,False
high,temperature_T1.5,baseline,2000,C_expected_exposure,885264.142,11946.738752353955,10,877859.4766065864,892668.8073934136,normal_approx_mean_pm_1.96_se,D1_cost_aware_topk,876287.589,8976.552999999956,0.010243843588203502,False,False,False,True
high,temperature_T1.5,baseline,2000,D1_cost_aware_topk,876287.589,11326.98194060385,10,869267.0528582112,883308.1251417889,normal_approx_mean_pm_1.96_se,D1_cost_aware_topk,876287.589,0.0,0.0,True,True,True,True
high,temperature_T1.5,baseline,2000,D2_cost_aware_abstention,876287.589,11326.98194060385,10,869267.0528582112,883308.1251417889,normal_approx_mean_pm_1.96_se,D1_cost_aware_topk,876287.589,0.0,0.0,True,True,True,True
high,temperature_T1.5,baseline,5000,A_fixed_threshold_fifo,1012792.726,28540.053828590168,10,995103.4173701379,1030482.0346298622,normal_approx_mean_pm_1.96_se,D1_cost_aware_topk,838040.5939999999,174752.1320000001,0.2085246624699902,False,False,False,False
high,temperature_T1.5,baseline,5000,B_topk_probability,1006167.6359999999,28215.023286518517,10,988679.7833872627,1023655.4886127372,normal_approx_mean_pm_1.96_se,D1_cost_aware_topk,838040.5939999999,168127.04200000002,0.20061921009998238,False,False,False,False
high,temperature_T1.5,baseline,5000,C_expected_exposure,863874.5710000001,11184.861483094453,10,856942.1220303869,870807.0199696133,normal_approx_mean_pm_1.96_se,D1_cost_aware_topk,838040.5939999999,25833.977000000188,0.030826641555265984,False,False,False,False
high,temperature_T1.5,baseline,5000,D1_cost_aware_topk,838040.5939999999,9278.140594321958,10,832289.942881052,843791.2451189478,normal_approx_mean_pm_1.96_se,D1_cost_aware_topk,838040.5939999999,0.0,0.0,True,True,True,True
high,temperature_T1.5,baseline,5000,D2_cost_aware_abstention,838040.5939999999,9278.140594321958,10,832289.942881052,843791.2451189478,normal_approx_mean_pm_1.96_se,D1_cost_aware_topk,838040.5939999999,0.0,0.0,True,True,True,True
high,temperature_T1.5,baseline,10000,A_fixed_threshold_fifo,1023116.089,26420.756117792618,10,1006740.3347001338,1039491.8432998663,normal_approx_mean_pm_1.96_se,D2_cost_aware_abstention,877074.2019999999,146041.8870000001,0.1665102982928691,False,False,False,False
high,temperature_T1.5,baseline,10000,B_topk_probability,1108267.633,20952.624147374932,10,1095281.0620084228,1121254.203991577,normal_approx_mean_pm_1.96_se,D2_cost_aware_abstention,877074.2019999999,231193.43099999998,0.2635962048282889,False,False,False,False
high,temperature_T1.5,baseline,10000,C_expected_exposure,997189.7300000001,8882.144836862328,10,991684.5195943702,1002694.94040563,normal_approx_mean_pm_1.96_se,D2_cost_aware_abstention,877074.2019999999,120115.52800000017,0.13695024631450758,False,False,False,False
high,temperature_T1.5,baseline,10000,D1_cost_aware_topk,943776.777,10629.273834720236,10,937188.6848224958,950364.8691775042,normal_approx_mean_pm_1.96_se,D2_cost_aware_abstention,877074.2019999999,66702.57500000007,0.0760512335762443,False,False,False,False
high,temperature_T1.5,baseline,10000,D2_cost_aware_abstention,877074.2019999999,10824.534209947726,10,870365.0861880861,883783.3178119138,normal_approx_mean_pm_1.96_se,D2_cost_aware_abstention,877074.2019999999,0.0,0.0,True,True,True,True
high,temperature_T1.5,high,500,A_fixed_threshold_fifo,1122315.603,29765.039096465054,10,1103867.0406349972,1140764.1653650026,normal_approx_mean_pm_1.96_se,D1_cost_aware_topk,1002705.951,119609.65199999989,0.11928686758138118,False,False,False,False
high,temperature_T1.5,high,500,B_topk_probability,1098302.758,29610.140960692937,10,1079950.2024942106,1116655.3135057893,normal_approx_mean_pm_1.96_se,D1_cost_aware_topk,1002705.951,95596.80699999991,0.09533882481166198,False,False,False,False
high,temperature_T1.5,high,500,C_expected_exposure,1010267.275,20564.758192662295,10,997521.1058177936,1023013.4441822064,normal_approx_mean_pm_1.96_se,D1_cost_aware_topk,1002705.951,7561.324000000022,0.007540918643655305,True,False,True,True
high,temperature_T1.5,high,500,D1_cost_aware_topk,1002705.951,19278.287140524753,10,990757.1448368446,1014654.7571631554,normal_approx_mean_pm_1.96_se,D1_cost_aware_topk,1002705.951,0.0,0.0,True,True,True,True
high,temperature_T1.5,high,500,D2_cost_aware_abstention,1002705.951,19278.287140524753,10,990757.1448368446,1014654.7571631554,normal_approx_mean_pm_1.96_se,D1_cost_aware_topk,1002705.951,0.0,0.0,True,True,True,True
high,temperature_T1.5,high,1000,A_fixed_threshold_fifo,1102365.476,17896.865524917568,10,1091272.883824849,1113458.068175151,normal_approx_mean_pm_1.96_se,D1_cost_aware_topk,963594.3539999999,138771.1220000001,0.14401404639197388,False,False,False,False
high,temperature_T1.5,high,1000,B_topk_probability,1076736.966,17973.786469541377,10,1065596.6977294316,1087877.2342705685,normal_approx_mean_pm_1.96_se,D1_cost_aware_topk,963594.3539999999,113142.61200000008,0.11741726332281943,False,False,False,False
high,temperature_T1.5,high,1000,C_expected_exposure,979732.017,15044.208675723426,10,970407.5198580103,989056.5141419896,normal_approx_mean_pm_1.96_se,D1_cost_aware_topk,963594.3539999999,16137.663000000059,0.016747361514739698,False,False,False,True
high,temperature_T1.5,high,1000,D1_cost_aware_topk,963594.3539999999,13518.875381921205,10,955215.2682282734,971973.4397717265,normal_approx_mean_pm_1.96_se,D1_cost_aware_topk,963594.3539999999,0.0,0.0,True,True,True,True
high,temperature_T1.5,high,1000,D2_cost_aware_abstention,963594.3539999999,13518.875381921205,10,955215.2682282734,971973.4397717265,normal_approx_mean_pm_1.96_se,D1_cost_aware_topk,963594.3539999999,0.0,0.0,True,True,True,True
high,temperature_T1.5,high,2000,A_fixed_threshold_fifo,1100988.972,16414.764971739292,10,1090814.9952648592,1111162.948735141,normal_approx_mean_pm_1.96_se,D1_cost_aware_topk,957398.701,143590.27100000007,0.14997959664037613,False,False,False,False
high,temperature_T1.5,high,2000,B_topk_probability,1086168.057,16750.76869335263,10,1075785.8230005912,1096550.2909994088,normal_approx_mean_pm_1.96_se,D1_cost_aware_topk,957398.701,128769.35600000003,0.13449919648470468,False,False,False,False
high,temperature_T1.5,high,2000,C_expected_exposure,999019.911,14005.8075736416,10,990339.0215290622,1007700.8004709377,normal_approx_mean_pm_1.96_se,D1_cost_aware_topk,957398.701,41621.20999999996,0.04347322589484061,False,False,False,False
high,temperature_T1.5,high,2000,D1_cost_aware_topk,957398.701,11681.607571074619,10,950158.3656152549,964639.0363847452,normal_approx_mean_pm_1.96_se,D1_cost_aware_topk,957398.701,0.0,0.0,True,True,True,True
high,temperature_T1.5,high,2000,D2_cost_aware_abstention,957398.701,11681.607571074619,10,950158.3656152549,964639.0363847452,normal_approx_mean_pm_1.96_se,D1_cost_aware_topk,957398.701,0.0,0.0,True,True,True,True
high,temperature_T1.5,high,5000,A_fixed_threshold_fifo,1100721.199,22344.1189818079,10,1086872.1705747063,1114570.2274252938,normal_approx_mean_pm_1.96_se,D2_cost_aware_abstention,965364.773,135356.42599999998,0.1402127255787072,False,False,False,False
high,temperature_T1.5,high,5000,B_topk_probability,1209899.238,20106.164831227303,10,1197437.307928019,1222361.1680719808,normal_approx_mean_pm_1.96_se,D2_cost_aware_abstention,965364.773,244534.46499999985,0.2533078395227499,False,False,False,False
high,temperature_T1.5,high,5000,C_expected_exposure,1180510.531,11339.316535496586,10,1173482.3497970912,1187538.7122029087,normal_approx_mean_pm_1.96_se,D2_cost_aware_abstention,965364.773,215145.7579999999,0.2228647284605235,False,False,False,False
high,temperature_T1.5,high,5000,D1_cost_aware_topk,1054212.542,13501.326986119118,10,1045844.3328366766,1062580.7511633232,normal_approx_mean_pm_1.96_se,D2_cost_aware_abstention,965364.773,88847.76899999985,0.09203543726159961,False,False,False,False
high,temperature_T1.5,high,5000,D2_cost_aware_abstention,965364.773,17129.46936151659,10,954747.8178946774,975981.7281053227,normal_approx_mean_pm_1.96_se,D2_cost_aware_abstention,965364.773,0.0,0.0,True,True,True,True
high,temperature_T1.5,high,10000,A_fixed_threshold_fifo,1110605.919,17582.15061186041,10,1099708.38914887,1121503.44885113,normal_approx_mean_pm_1.96_se,D2_cost_aware_abstention,978014.7470000001,132591.1719999999,0.1355717512509041,False,False,False,False
high,temperature_T1.5,high,10000,B_topk_probability,1611894.83,21155.292185192473,10,1598782.6440571726,1625007.0159428276,normal_approx_mean_pm_1.96_se,D2_cost_aware_abstention,978014.7470000001,633880.083,0.6481293712026205,False,False,False,False
high,temperature_T1.5,high,10000,C_expected_exposure,1653000.491,7195.253951157924,10,1648540.8263975189,1657460.155602481,normal_approx_mean_pm_1.96_se,D2_cost_aware_abstention,978014.7470000001,674985.7439999998,0.6901590656689758,False,False,False,False
high,temperature_T1.5,high,10000,D1_cost_aware_topk,1377828.4849999999,8834.658693132376,10,1372352.7068111808,1383304.263188819,normal_approx_mean_pm_1.96_se,D2_cost_aware_abstention,978014.7470000001,399813.7379999998,0.408801338861611,False,False,False,False
high,temperature_T1.5,high,10000,D2_cost_aware_abstention,978014.7470000001,17921.397925746678,10,966906.9494852831,989122.5445147171,normal_approx_mean_pm_1.96_se,D2_cost_aware_abstention,978014.7470000001,0.0,0.0,True,True,True,True
high,temperature_T1.5,low,500,A_fixed_threshold_fifo,1088868.292,23185.33960093398,10,1074497.8696331636,1103238.7143668362,normal_approx_mean_pm_1.96_se,D1_cost_aware_topk,968668.4289999999,120199.86300000001,0.1240877264102514,False,False,False,False
high,temperature_T1.5,low,500,B_topk_probability,1076471.098,23798.700055812467,10,1061720.5108846014,1091221.6851153986,normal_approx_mean_pm_1.96_se,D1_cost_aware_topk,968668.4289999999,107802.66900000011,0.11128954528980538,False,False,False,False
high,temperature_T1.5,low,500,C_expected_exposure,969149.2980000001,18163.719005631843,10,957891.3083239313,980407.2876760688,normal_approx_mean_pm_1.96_se,D1_cost_aware_topk,968668.4289999999,480.8690000001807,0.0004964227031705817,True,True,True,True
high,temperature_T1.5,low,500,D1_cost_aware_topk,968668.4289999999,18018.588726283913,10,957500.3920030096,979836.4659969902,normal_approx_mean_pm_1.96_se,D1_cost_aware_topk,968668.4289999999,0.0,0.0,True,True,True,True
high,temperature_T1.5,low,500,D2_cost_aware_abstention,968668.4289999999,18018.588726283913,10,957500.3920030096,979836.4659969902,normal_approx_mean_pm_1.96_se,D1_cost_aware_topk,968668.4289999999,0.0,0.0,True,True,True,True
high,temperature_T1.5,low,1000,A_fixed_threshold_fifo,1063566.3539999998,18265.50720690421,10,1052245.2753431604,1074887.4326568393,normal_approx_mean_pm_1.96_se,D1_cost_aware_topk,907322.303,156244.05099999986,0.17220347222082985,False,False,False,False
high,temperature_T1.5,low,1000,B_topk_probability,1046662.123,17784.1629881364,10,1035639.3845808533,1057684.8614191466,normal_approx_mean_pm_1.96_se,D1_cost_aware_topk,907322.303,139339.82000000007,0.15357257232549268,False,False,False,False
high,temperature_T1.5,low,1000,C_expected_exposure,908823.6939999999,17539.883101996256,10,897952.3618229,919695.0261770998,normal_approx_mean_pm_1.96_se,D1_cost_aware_topk,907322.303,1501.390999999945,0.0016547493597762306,True,True,True,True
high,temperature_T1.5,low,1000,D1_cost_aware_topk,907322.303,18294.611566626805,10,895983.185274114,918661.4207258859,normal_approx_mean_pm_1.96_se,D1_cost_aware_topk,907322.303,0.0,0.0,True,True,True,True
high,temperature_T1.5,low,1000,D2_cost_aware_abstention,907322.303,18294.611566626805,10,895983.185274114,918661.4207258859,normal_approx_mean_pm_1.96_se,D1_cost_aware_topk,907322.303,0.0,0.0,True,True,True,True
high,temperature_T1.5,low,2000,A_fixed_threshold_fifo,1023927.2390000001,17673.218731299152,10,1012973.2645436578,1034881.2134563423,normal_approx_mean_pm_1.96_se,D1_cost_aware_topk,840841.3400000001,183085.89899999998,0.2177413149072808,False,False,False,False
high,temperature_T1.5,low,2000,B_topk_probability,1016753.825,17171.795057109866,10,1006110.6361567586,1027397.0138432413,normal_approx_mean_pm_1.96_se,D1_cost_aware_topk,840841.3400000001,175912.48499999987,0.2092100811789295,False,False,False,False
high,temperature_T1.5,low,2000,C_expected_exposure,843798.4349999999,13992.248609094044,10,835125.9494623562,852470.9205376437,normal_approx_mean_pm_1.96_se,D1_cost_aware_topk,840841.3400000001,2957.0949999998556,0.003516828751545274,True,True,True,True
high,temperature_T1.5,low,2000,D1_cost_aware_topk,840841.3400000001,12867.507464653394,10,832865.9762460855,848816.7037539147,normal_approx_mean_pm_1.96_se,D1_cost_aware_topk,840841.3400000001,0.0,0.0,True,True,True,True
high,temperature_T1.5,low,2000,D2_cost_aware_abstention,840841.3400000001,12867.507464653394,10,832865.9762460855,848816.7037539147,normal_approx_mean_pm_1.96_se,D1_cost_aware_topk,840841.3400000001,0.0,0.0,True,True,True,True
high,temperature_T1.5,low,5000,A_fixed_threshold_fifo,1002136.8759999999,17061.280786887757,10,991562.1846110978,1012711.5673889021,normal_approx_mean_pm_1.96_se,D1_cost_aware_topk,768234.7320000001,233902.14399999985,0.3044670258412631,False,False,False,False
high,temperature_T1.5,low,5000,B_topk_probability,957912.3470000001,15272.587336267281,10,948446.2992976962,967378.3947023039,normal_approx_mean_pm_1.96_se,D1_cost_aware_topk,768234.7320000001,189677.615,0.24690059834472566,False,False,False,False
high,temperature_T1.5,low,5000,C_expected_exposure,774734.023,8608.094196021491,10,769398.67094135,780069.37505865,normal_approx_mean_pm_1.96_se,D1_cost_aware_topk,768234.7320000001,6499.290999999968,0.00846003275988304,True,False,True,True
high,temperature_T1.5,low,5000,D1_cost_aware_topk,768234.7320000001,8408.70812887687,10,763022.9607061027,773446.5032938975,normal_approx_mean_pm_1.96_se,D1_cost_aware_topk,768234.7320000001,0.0,0.0,True,True,True,True
high,temperature_T1.5,low,5000,D2_cost_aware_abstention,768234.7320000001,8408.70812887687,10,763022.9607061027,773446.5032938975,normal_approx_mean_pm_1.96_se,D1_cost_aware_topk,768234.7320000001,0.0,0.0,True,True,True,True
high,temperature_T1.5,low,10000,A_fixed_threshold_fifo,999573.6849999999,22566.203693140687,10,985587.0070445288,1013560.362955471,normal_approx_mean_pm_1.96_se,D1_cost_aware_topk,774083.7490000001,225489.93599999987,0.2912991472709497,False,False,False,False
high,temperature_T1.5,low,10000,B_topk_probability,948499.4269999999,19437.120669445336,10,936452.1747956871,960546.6792043127,normal_approx_mean_pm_1.96_se,D1_cost_aware_topk,774083.7490000001,174415.67799999984,0.22531887308746462,False,False,False,False
high,temperature_T1.5,low,10000,C_expected_exposure,788427.993,7543.509795068179,10,783752.4771891758,793103.5088108242,normal_approx_mean_pm_1.96_se,D1_cost_aware_topk,774083.7490000001,14344.243999999948,0.018530609922415446,False,False,False,True
high,temperature_T1.5,low,10000,D1_cost_aware_topk,774083.7490000001,7162.533766425659,10,769644.3645781252,778523.133421875,normal_approx_mean_pm_1.96_se,D1_cost_aware_topk,774083.7490000001,0.0,0.0,True,True,True,True
high,temperature_T1.5,low,10000,D2_cost_aware_abstention,774083.7490000001,7162.533766425659,10,769644.3645781252,778523.133421875,normal_approx_mean_pm_1.96_se,D1_cost_aware_topk,774083.7490000001,0.0,0.0,True,True,True,True
high,temperature_T2.5,baseline,500,A_fixed_threshold_fifo,1098778.8530000001,24634.9844523556,10,1083509.9314455134,1114047.7745544869,normal_approx_mean_pm_1.96_se,D1_cost_aware_topk,1002911.9349999999,95866.91800000018,0.0955885702965537,False,False,False,False
high,temperature_T2.5,baseline,500,B_topk_probability,1085844.984,24221.910374306102,10,1070832.0884115992,1100857.8795884007,normal_approx_mean_pm_1.96_se,D1_cost_aware_topk,1002911.9349999999,82933.049,0.08269225452980575,False,False,False,False
high,temperature_T2.5,baseline,500,C_expected_exposure,1004758.087,19086.131967650133,10,992928.3798468963,1016587.7941531038,normal_approx_mean_pm_1.96_se,D1_cost_aware_topk,1002911.9349999999,1846.1520000001183,0.0018407917341218183,True,True,True,True
high,temperature_T2.5,baseline,500,D1_cost_aware_topk,1002911.9349999999,19622.18686136252,10,990749.9775815541,1015073.8924184458,normal_approx_mean_pm_1.96_se,D1_cost_aware_topk,1002911.9349999999,0.0,0.0,True,True,True,True
high,temperature_T2.5,baseline,500,D2_cost_aware_abstention,1002911.9349999999,19622.18686136252,10,990749.9775815541,1015073.8924184458,normal_approx_mean_pm_1.96_se,D1_cost_aware_topk,1002911.9349999999,0.0,0.0,True,True,True,True
high,temperature_T2.5,baseline,1000,A_fixed_threshold_fifo,1086443.344,23286.891581245254,10,1072009.9790636615,1100876.7089363385,normal_approx_mean_pm_1.96_se,D1_cost_aware_topk,965690.322,120753.022,0.12504321442293587,False,False,False,False
high,temperature_T2.5,baseline,1000,B_topk_probability,1066733.5,22348.219444988317,10,1052881.9300812962,1080585.0699187038,normal_approx_mean_pm_1.96_se,D1_cost_aware_topk,965690.322,101043.17799999996,0.10463310618121732,False,False,False,False
high,temperature_T2.5,baseline,1000,C_expected_exposure,970917.544,15020.227931553021,10,961607.910277237,980227.177722763,normal_approx_mean_pm_1.96_se,D1_cost_aware_topk,965690.322,5227.221999999951,0.0054129381654918875,True,False,True,True
high,temperature_T2.5,baseline,1000,D1_cost_aware_topk,965690.322,15417.060354626494,10,956134.7289931991,975245.915006801,normal_approx_mean_pm_1.96_se,D1_cost_aware_topk,965690.322,0.0,0.0,True,True,True,True
high,temperature_T2.5,baseline,1000,D2_cost_aware_abstention,965690.322,15417.060354626494,10,956134.7289931991,975245.915006801,normal_approx_mean_pm_1.96_se,D1_cost_aware_topk,965690.322,0.0,0.0,True,True,True,True
high,temperature_T2.5,baseline,2000,A_fixed_threshold_fifo,1043377.2339999999,20211.52806160671,10,1030849.9991212513,1055904.4688787486,normal_approx_mean_pm_1.96_se,D1_cost_aware_topk,922383.7640000001,120993.46999999986,0.1311747612244396,False,False,False,False
high,temperature_T2.5,baseline,2000,B_topk_probability,1033002.902,18848.847887287015,10,1021320.2650435995,1044685.5389564005,normal_approx_mean_pm_1.96_se,D1_cost_aware_topk,922383.7640000001,110619.13799999992,0.11992745570486853,False,False,False,False
high,temperature_T2.5,baseline,2000,C_expected_exposure,931348.648,12837.03594188816,10,923392.170691565,939305.1253084351,normal_approx_mean_pm_1.96_se,D1_cost_aware_topk,922383.7640000001,8964.883999999962,0.009719256073115313,True,False,True,True
high,temperature_T2.5,baseline,2000,D1_cost_aware_topk,922383.7640000001,12905.421019798194,10,914384.901181149,930382.6268188512,normal_approx_mean_pm_1.96_se,D1_cost_aware_topk,922383.7640000001,0.0,0.0,True,True,True,True
high,temperature_T2.5,baseline,2000,D2_cost_aware_abstention,922383.7640000001,12905.421019798194,10,914384.901181149,930382.6268188512,normal_approx_mean_pm_1.96_se,D1_cost_aware_topk,922383.7640000001,0.0,0.0,True,True,True,True
high,temperature_T2.5,baseline,5000,A_fixed_threshold_fifo,1015888.899,17057.827197422987,10,1005316.348168025,1026461.4498319749,normal_approx_mean_pm_1.96_se,D1_cost_aware_topk,912627.0179999999,103261.88100000005,0.1131479552581031,False,False,False,False
high,temperature_T2.5,baseline,5000,B_topk_probability,1009278.4060000001,16286.07616249209,10,999184.191415192,1019372.6205848082,normal_approx_mean_pm_1.96_se,D1_cost_aware_topk,912627.0179999999,96651.38800000015,0.10590458762859041,False,False,False,False
high,temperature_T2.5,baseline,5000,C_expected_exposure,938299.6939999999,6771.521788469385,10,934102.661312904,942496.7266870958,normal_approx_mean_pm_1.96_se,D1_cost_aware_topk,912627.0179999999,25672.675999999978,0.028130523744805437,False,False,False,False
high,temperature_T2.5,baseline,5000,D1_cost_aware_topk,912627.0179999999,5547.357970365101,10,909188.729908202,916065.3060917979,normal_approx_mean_pm_1.96_se,D1_cost_aware_topk,912627.0179999999,0.0,0.0,True,True,True,True
high,temperature_T2.5,baseline,5000,D2_cost_aware_abstention,912627.0179999999,5547.357970365101,10,909188.729908202,916065.3060917979,normal_approx_mean_pm_1.96_se,D1_cost_aware_topk,912627.0179999999,0.0,0.0,True,True,True,True
high,temperature_T2.5,baseline,10000,A_fixed_threshold_fifo,1032278.75,22114.250489394628,10,1018572.1955423799,1045985.3044576201,normal_approx_mean_pm_1.96_se,D1_cost_aware_topk,1028993.2640000001,3285.485999999917,0.0031929130296035804,True,True,True,True
high,temperature_T2.5,baseline,10000,B_topk_probability,1110958.487,15965.2463100811,10,1101063.1248178908,1120853.849182109,normal_approx_mean_pm_1.96_se,D1_cost_aware_topk,1028993.2640000001,81965.22299999988,0.07965574301368787,False,False,False,False
high,temperature_T2.5,baseline,10000,C_expected_exposure,1084549.978,6399.994237306113,10,1080583.2204748394,1088516.7355251603,normal_approx_mean_pm_1.96_se,D1_cost_aware_topk,1028993.2640000001,55556.7139999998,0.05399132914051787,False,False,False,False
high,temperature_T2.5,baseline,10000,D1_cost_aware_topk,1028993.2640000001,5831.56602146779,10,1025378.8219331171,1032607.706066883,normal_approx_mean_pm_1.96_se,D1_cost_aware_topk,1028993.2640000001,0.0,0.0,True,True,True,True
high,temperature_T2.5,baseline,10000,D2_cost_aware_abstention,1028993.2640000001,5831.56602146779,10,1025378.8219331171,1032607.706066883,normal_approx_mean_pm_1.96_se,D1_cost_aware_topk,1028993.2640000001,0.0,0.0,True,True,True,True
high,temperature_T2.5,high,500,A_fixed_threshold_fifo,1113706.296,16811.45533626617,10,1103286.4480296206,1124126.1439703796,normal_approx_mean_pm_1.96_se,D1_cost_aware_topk,1019709.335,93996.96100000013,0.09218015151347038,False,False,False,False
high,temperature_T2.5,high,500,B_topk_probability,1091340.766,15824.905351024147,10,1081532.3880454989,1101149.1439545013,normal_approx_mean_pm_1.96_se,D1_cost_aware_topk,1019709.335,71631.4310000001,0.07024691109648427,False,False,False,False
high,temperature_T2.5,high,500,C_expected_exposure,1031471.543,11929.72317042329,10,1024077.4239735308,1038865.6620264691,normal_approx_mean_pm_1.96_se,D1_cost_aware_topk,1019709.335,11762.207999999984,0.011534863510884683,False,False,False,True
high,temperature_T2.5,high,500,D1_cost_aware_topk,1019709.335,12419.243526195998,10,1012011.8081136203,1027406.8618863797,normal_approx_mean_pm_1.96_se,D1_cost_aware_topk,1019709.335,0.0,0.0,True,True,True,True
high,temperature_T2.5,high,500,D2_cost_aware_abstention,1019709.335,12419.243526195998,10,1012011.8081136203,1027406.8618863797,normal_approx_mean_pm_1.96_se,D1_cost_aware_topk,1019709.335,0.0,0.0,True,True,True,True
high,temperature_T2.5,high,1000,A_fixed_threshold_fifo,1111985.353,17158.57987631004,10,1101350.355010678,1122620.3509893217,normal_approx_mean_pm_1.96_se,D1_cost_aware_topk,1010963.7880000001,101021.56499999983,0.09992599754720376,False,False,False,False
high,temperature_T2.5,high,1000,B_topk_probability,1082961.929,14959.996172698957,10,1073689.6273081466,1092234.2306918534,normal_approx_mean_pm_1.96_se,D1_cost_aware_topk,1010963.7880000001,71998.14099999995,0.07121732929963258,False,False,False,False
high,temperature_T2.5,high,1000,C_expected_exposure,1032864.349,12016.476886941962,10,1025416.4594629528,1040312.2385370473,normal_approx_mean_pm_1.96_se,D1_cost_aware_topk,1010963.7880000001,21900.560999999987,0.021663051891627188,False,False,False,False
high,temperature_T2.5,high,1000,D1_cost_aware_topk,1010963.7880000001,10278.377750598363,10,1004593.1834686762,1017334.392531324,normal_approx_mean_pm_1.96_se,D1_cost_aware_topk,1010963.7880000001,0.0,0.0,True,True,True,True
high,temperature_T2.5,high,1000,D2_cost_aware_abstention,1010963.7880000001,10278.377750598363,10,1004593.1834686762,1017334.392531324,normal_approx_mean_pm_1.96_se,D1_cost_aware_topk,1010963.7880000001,0.0,0.0,True,True,True,True
high,temperature_T2.5,high,2000,A_fixed_threshold_fifo,1102784.4300000002,17492.62315525986,10,1091942.3898413621,1113626.4701586382,normal_approx_mean_pm_1.96_se,D1_cost_aware_topk,1022895.436,79888.99400000018,0.07810084118901102,False,False,False,False
high,temperature_T2.5,high,2000,B_topk_probability,1088570.2820000001,16428.796648413634,10,1078387.6083415535,1098752.9556584468,normal_approx_mean_pm_1.96_se,D1_cost_aware_topk,1022895.436,65674.84600000014,0.06420484801146394,False,False,False,False
high,temperature_T2.5,high,2000,C_expected_exposure,1066160.387,9030.840830661018,10,1060563.0138625782,1071757.760137422,normal_approx_mean_pm_1.96_se,D1_cost_aware_topk,1022895.436,43264.95100000012,0.04229655297826563,False,False,False,False
high,temperature_T2.5,high,2000,D1_cost_aware_topk,1022895.436,10075.299671478428,10,1016650.7005661589,1029140.1714338411,normal_approx_mean_pm_1.96_se,D1_cost_aware_topk,1022895.436,0.0,0.0,True,True,True,True
high,temperature_T2.5,high,2000,D2_cost_aware_abstention,1022895.436,10075.299671478428,10,1016650.7005661589,1029140.1714338411,normal_approx_mean_pm_1.96_se,D1_cost_aware_topk,1022895.436,0.0,0.0,True,True,True,True
high,temperature_T2.5,high,5000,A_fixed_threshold_fifo,1096469.01,15929.996827856277,10,1086595.4956733244,1106342.5243266756,normal_approx_mean_pm_1.96_se,A_fixed_threshold_fifo,1096469.01,0.0,0.0,True,True,True,True
high,temperature_T2.5,high,5000,B_topk_probability,1214525.352,15369.219276068035,10,1204999.411200896,1224051.292799104,normal_approx_mean_pm_1.96_se,A_fixed_threshold_fifo,1096469.01,118056.34199999995,0.10766956559948734,False,False,False,False
high,temperature_T2.5,high,5000,C_expected_exposure,1294634.7480000001,7156.428973580772,10,1290199.147367932,1299070.3486320684,normal_approx_mean_pm_1.96_se,A_fixed_threshold_fifo,1096469.01,198165.73800000013,0.18073081518282047,False,False,False,False
high,temperature_T2.5,high,5000,D1_cost_aware_topk,1161512.586,7325.176775003339,10,1156972.394397014,1166052.7776029857,normal_approx_mean_pm_1.96_se,A_fixed_threshold_fifo,1096469.01,65043.575999999885,0.05932094332515598,False,False,False,False
high,temperature_T2.5,high,5000,D2_cost_aware_abstention,1160736.277,7626.590565385217,10,1156009.267194239,1165463.286805761,normal_approx_mean_pm_1.96_se,A_fixed_threshold_fifo,1096469.01,64267.26699999999,0.05861293517087181,False,False,False,False
high,temperature_T2.5,high,10000,A_fixed_threshold_fifo,1096011.26,18374.595118759255,10,1084622.5679548965,1107399.9520451035,normal_approx_mean_pm_1.96_se,A_fixed_threshold_fifo,1096011.26,0.0,0.0,True,True,True,True
high,temperature_T2.5,high,10000,B_topk_probability,1601442.8029999998,11516.573164813928,10,1594304.7570000058,1608580.8489999939,normal_approx_mean_pm_1.96_se,A_fixed_threshold_fifo,1096011.26,505431.54299999983,0.46115542918783503,False,False,False,False
high,temperature_T2.5,high,10000,C_expected_exposure,1801792.5289999999,8820.496445185001,10,1796325.5286634,1807259.5293365996,normal_approx_mean_pm_1.96_se,A_fixed_threshold_fifo,1096011.26,705781.2689999999,0.6439543960524637,False,False,False,False
high,temperature_T2.5,high,10000,D1_cost_aware_topk,1513974.314,10586.778862412599,10,1507412.560479209,1520536.067520791,normal_approx_mean_pm_1.96_se,A_fixed_threshold_fifo,1096011.26,417963.054,0.3813492335836039,False,False,False,False
high,temperature_T2.5,high,10000,D2_cost_aware_abstention,1164497.4880000001,12563.28212709013,10,1156710.6850638578,1172284.2909361424,normal_approx_mean_pm_1.96_se,A_fixed_threshold_fifo,1096011.26,68486.22800000012,0.062486792334597106,False,False,False,False
high,temperature_T2.5,low,500,A_fixed_threshold_fifo,1101514.028,12279.929236905022,10,1093902.8490047145,1109125.2069952853,normal_approx_mean_pm_1.96_se,D1_cost_aware_topk,994596.793,106917.23499999999,0.10749806932063975,False,False,False,False
high,temperature_T2.5,low,500,B_topk_probability,1090052.902,9644.868598906498,10,1084074.950508906,1096030.853491094,normal_approx_mean_pm_1.96_se,D1_cost_aware_topk,994596.793,95456.10900000005,0.09597468006313997,False,False,False,False
high,temperature_T2.5,low,500,C_expected_exposure,995766.7609999999,10967.19606898423,10,988969.2224517674,1002564.2995482325,normal_approx_mean_pm_1.96_se,D1_cost_aware_topk,994596.793,1169.9679999999935,0.001176323921647708,True,True,True,True
high,temperature_T2.5,low,500,D1_cost_aware_topk,994596.793,10784.487488971336,10,987912.498402903,1001281.0875970969,normal_approx_mean_pm_1.96_se,D1_cost_aware_topk,994596.793,0.0,0.0,True,True,True,True
high,temperature_T2.5,low,500,D2_cost_aware_abstention,994596.793,10784.487488971336,10,987912.498402903,1001281.0875970969,normal_approx_mean_pm_1.96_se,D1_cost_aware_topk,994596.793,0.0,0.0,True,True,True,True
high,temperature_T2.5,low,1000,A_fixed_threshold_fifo,1072644.3879999998,18011.75148744646,10,1061480.5887675455,1083808.187232454,normal_approx_mean_pm_1.96_se,D1_cost_aware_topk,950095.3929999999,122548.99499999988,0.12898599014678086,False,False,False,False
high,temperature_T2.5,low,1000,B_topk_probability,1058648.5359999998,20534.8095735646,10,1045920.929164222,1071376.1428357777,normal_approx_mean_pm_1.96_se,D1_cost_aware_topk,950095.3929999999,108553.14299999992,0.1142549935509475,False,False,False,False
high,temperature_T2.5,low,1000,C_expected_exposure,951779.436,10179.448996762729,10,945470.1481455639,958088.7238544361,normal_approx_mean_pm_1.96_se,D1_cost_aware_topk,950095.3929999999,1684.0430000000633,0.0017724988589646424,True,True,True,True
high,temperature_T2.5,low,1000,D1_cost_aware_topk,950095.3929999999,10335.438381449263,10,943689.421923266,956501.3640767338,normal_approx_mean_pm_1.96_se,D1_cost_aware_topk,950095.3929999999,0.0,0.0,True,True,True,True
high,temperature_T2.5,low,1000,D2_cost_aware_abstention,950095.3929999999,10335.438381449263,10,943689.421923266,956501.3640767338,normal_approx_mean_pm_1.96_se,D1_cost_aware_topk,950095.3929999999,0.0,0.0,True,True,True,True
high,temperature_T2.5,low,2000,A_fixed_threshold_fifo,1016510.0480000001,16126.003834154086,10,1006515.0472721832,1026505.0487278169,normal_approx_mean_pm_1.96_se,D1_cost_aware_topk,880969.091,135540.95700000005,0.15385438420563163,False,False,False,False
high,temperature_T2.5,low,2000,B_topk_probability,1010154.5160000001,13796.49226933283,10,1001603.3614987687,1018705.6705012314,normal_approx_mean_pm_1.96_se,D1_cost_aware_topk,880969.091,129185.42500000005,0.14664013337103565,False,False,False,False
high,temperature_T2.5,low,2000,C_expected_exposure,884740.084,10129.733685671425,10,878461.6100146199,891018.5579853802,normal_approx_mean_pm_1.96_se,D1_cost_aware_topk,880969.091,3770.9930000000168,0.004280505455327055,True,True,True,True
high,temperature_T2.5,low,2000,D1_cost_aware_topk,880969.091,8887.626104892443,10,875460.4832692476,886477.6987307525,normal_approx_mean_pm_1.96_se,D1_cost_aware_topk,880969.091,0.0,0.0,True,True,True,True
high,temperature_T2.5,low,2000,D2_cost_aware_abstention,880969.091,8887.626104892443,10,875460.4832692476,886477.6987307525,normal_approx_mean_pm_1.96_se,D1_cost_aware_topk,880969.091,0.0,0.0,True,True,True,True
high,temperature_T2.5,low,5000,A_fixed_threshold_fifo,991903.2050000001,29569.578395419325,10,973575.7904326353,1010230.6195673648,normal_approx_mean_pm_1.96_se,D1_cost_aware_topk,824458.401,167444.80400000012,0.20309672846671634,False,False,False,False
high,temperature_T2.5,low,5000,B_topk_probability,945394.892,27751.547233897847,10,928194.3048208388,962595.4791791611,normal_approx_mean_pm_1.96_se,D1_cost_aware_topk,824458.401,120936.49100000004,0.14668598300813487,False,False,False,False
high,temperature_T2.5,low,5000,C_expected_exposure,830577.776,13459.462977973013,10,822235.5144177509,838920.037582249,normal_approx_mean_pm_1.96_se,D1_cost_aware_topk,824458.401,6119.375,0.007422296858856315,True,False,True,True
high,temperature_T2.5,low,5000,D1_cost_aware_topk,824458.401,13674.83052361726,10,815982.653230001,832934.1487699989,normal_approx_mean_pm_1.96_se,D1_cost_aware_topk,824458.401,0.0,0.0,True,True,True,True
high,temperature_T2.5,low,5000,D2_cost_aware_abstention,824458.401,13674.83052361726,10,815982.653230001,832934.1487699989,normal_approx_mean_pm_1.96_se,D1_cost_aware_topk,824458.401,0.0,0.0,True,True,True,True
high,temperature_T2.5,low,10000,A_fixed_threshold_fifo,1003020.9230000001,34166.68014700257,10,981844.1952472071,1024197.6507527931,normal_approx_mean_pm_1.96_se,D1_cost_aware_topk,849486.901,153534.0220000001,0.18073736254115602,False,False,False,False
high,temperature_T2.5,low,10000,B_topk_probability,947167.5109999999,25801.436858233927,10,931175.6147541004,963159.4072458994,normal_approx_mean_pm_1.96_se,D1_cost_aware_topk,849486.901,97680.60999999999,0.11498777660375012,False,False,False,False
high,temperature_T2.5,low,10000,C_expected_exposure,863476.992,8283.745849376488,10,858342.6731293688,868611.3108706311,normal_approx_mean_pm_1.96_se,D1_cost_aware_topk,849486.901,13990.091000000015,0.016468871954977933,False,False,False,True
high,temperature_T2.5,low,10000,D1_cost_aware_topk,849486.901,8679.20835321139,10,844107.4719300717,854866.3300699282,normal_approx_mean_pm_1.96_se,D1_cost_aware_topk,849486.901,0.0,0.0,True,True,True,True
high,temperature_T2.5,low,10000,D2_cost_aware_abstention,849486.901,8679.20835321139,10,844107.4719300717,854866.3300699282,normal_approx_mean_pm_1.96_se,D1_cost_aware_topk,849486.901,0.0,0.0,True,True,True,True
low,calibrated_by_construction_T1.0,baseline,500,A_fixed_threshold_fifo,361728.565,10524.889120209038,10,355205.1711388451,368251.9588611549,normal_approx_mean_pm_1.96_se,D1_cost_aware_topk,326391.96499999997,35336.600000000035,0.10826430730303069,False,False,False,False
low,calibrated_by_construction_T1.0,baseline,500,B_topk_probability,361253.587,10394.077895738987,10,354811.2707757619,367695.9032242381,normal_approx_mean_pm_1.96_se,D1_cost_aware_topk,326391.96499999997,34861.62200000003,0.10680906927350382,False,False,False,False
low,calibrated_by_construction_T1.0,baseline,500,C_expected_exposure,327678.304,9475.277638495989,10,321805.46607517864,333551.14192482136,normal_approx_mean_pm_1.96_se,D1_cost_aware_topk,326391.96499999997,1286.3390000000363,0.00394108660119754,True,True,True,True
low,calibrated_by_construction_T1.0,baseline,500,D1_cost_aware_topk,326391.96499999997,9817.998780870941,10,320306.70631038747,332477.22368961247,normal_approx_mean_pm_1.96_se,D1_cost_aware_topk,326391.96499999997,0.0,0.0,True,True,True,True
low,calibrated_by_construction_T1.0,baseline,500,D2_cost_aware_abstention,326391.96499999997,9817.998780870941,10,320306.70631038747,332477.22368961247,normal_approx_mean_pm_1.96_se,D1_cost_aware_topk,326391.96499999997,0.0,0.0,True,True,True,True
low,calibrated_by_construction_T1.0,baseline,1000,A_fixed_threshold_fifo,360050.021,9613.797319662155,10,354091.32768730255,366008.71431269747,normal_approx_mean_pm_1.96_se,D1_cost_aware_topk,317880.539,42169.48200000002,0.13265826883475876,False,False,False,False
low,calibrated_by_construction_T1.0,baseline,1000,B_topk_probability,362982.066,8304.781100453447,10,357834.7093456757,368129.42265432427,normal_approx_mean_pm_1.96_se,D1_cost_aware_topk,317880.539,45101.527,0.1418820011501239,False,False,False,False
low,calibrated_by_construction_T1.0,baseline,1000,C_expected_exposure,320505.854,5225.681181607284,10,317266.94324748724,323744.76475251274,normal_approx_mean_pm_1.96_se,D1_cost_aware_topk,317880.539,2625.3150000000023,0.008258810080852426,True,False,True,True
low,calibrated_by_construction_T1.0,baseline,1000,D1_cost_aware_topk,317880.539,4866.236250344367,10,314864.41452402115,320896.6634759788,normal_approx_mean_pm_1.96_se,D1_cost_aware_topk,317880.539,0.0,0.0,True,True,True,True
low,calibrated_by_construction_T1.0,baseline,1000,D2_cost_aware_abstention,318156.945,4556.711744154621,10,315332.66580053605,320981.22419946396,normal_approx_mean_pm_1.96_se,D1_cost_aware_topk,317880.539,276.40600000001723,0.0008695279077780135,True,True,True,True
low,calibrated_by_construction_T1.0,baseline,2000,A_fixed_threshold_fifo,367556.56,11298.689644268006,10,360553.5596051561,374559.5603948439,normal_approx_mean_pm_1.96_se,D2_cost_aware_abstention,322914.556,44642.004000000015,0.13824710955426864,False,False,False,False
low,calibrated_by_construction_T1.0,baseline,2000,B_topk_probability,394386.548,10752.639951768757,10,387721.9927109668,401051.1032890332,normal_approx_mean_pm_1.96_se,D2_cost_aware_abstention,322914.556,71471.99200000003,0.2213340670836778,False,False,False,False
low,calibrated_by_construction_T1.0,baseline,2000,C_expected_exposure,347538.913,7074.423711893517,10,343154.13975571346,351923.68624428654,normal_approx_mean_pm_1.96_se,D2_cost_aware_abstention,322914.556,24624.357000000018,0.07625657172295454,False,False,False,False
low,calibrated_by_construction_T1.0,baseline,2000,D1_cost_aware_topk,339283.01,6695.076225061053,10,335133.35876399156,343432.66123600845,normal_approx_mean_pm_1.96_se,D2_cost_aware_abstention,322914.556,16368.454000000027,0.05068973725668789,False,False,False,False
low,calibrated_by_construction_T1.0,baseline,2000,D2_cost_aware_abstention,322914.556,7533.029688463403,10,318245.53582654626,327583.5761734537,normal_approx_mean_pm_1.96_se,D2_cost_aware_abstention,322914.556,0.0,0.0,True,True,True,True
low,calibrated_by_construction_T1.0,baseline,5000,A_fixed_threshold_fifo,361113.966,17532.0155681879,10,350247.51017087506,371980.42182912497,normal_approx_mean_pm_1.96_se,D2_cost_aware_abstention,317908.591,43205.375,0.13590502497618884,False,False,False,False
low,calibrated_by_construction_T1.0,baseline,5000,B_topk_probability,510293.22599999997,10924.833794844773,10,503521.9438613039,517064.508138696,normal_approx_mean_pm_1.96_se,D2_cost_aware_abstention,317908.591,192384.63499999995,0.6051570811434912,False,False,False,False
low,calibrated_by_construction_T1.0,baseline,5000,C_expected_exposure,465395.43100000004,6059.396424854805,10,461639.7781861092,469151.0838138909,normal_approx_mean_pm_1.96_se,D2_cost_aware_abstention,317908.591,147486.84000000003,0.4639284504268084,False,False,False,False
low,calibrated_by_construction_T1.0,baseline,5000,D1_cost_aware_topk,433289.24399999995,7168.192545651783,10,428846.35223042354,437732.13576957636,normal_approx_mean_pm_1.96_se,D2_cost_aware_abstention,317908.591,115380.65299999993,0.3629365681407456,False,False,False,False
low,calibrated_by_construction_T1.0,baseline,5000,D2_cost_aware_abstention,317908.591,11277.070539316548,10,310918.9902652298,324898.19173477025,normal_approx_mean_pm_1.96_se,D2_cost_aware_abstention,317908.591,0.0,0.0,True,True,True,True
low,calibrated_by_construction_T1.0,baseline,10000,A_fixed_threshold_fifo,358614.993,14057.528808226309,10,349902.0463757442,367327.9396242558,normal_approx_mean_pm_1.96_se,D2_cost_aware_abstention,318448.691,40166.302000000025,0.12613115749940396,False,False,False,False
low,calibrated_by_construction_T1.0,baseline,10000,B_topk_probability,771769.024,9857.996733213535,10,765658.974322683,777879.073677317,normal_approx_mean_pm_1.96_se,D2_cost_aware_abstention,318448.691,453320.333,1.423527073000278,False,False,False,False
low,calibrated_by_construction_T1.0,baseline,10000,C_expected_exposure,736062.646,4045.1597152405106,10,733555.4300329336,738569.8619670663,normal_approx_mean_pm_1.96_se,D2_cost_aware_abstention,318448.691,417613.95499999996,1.3114010727712488,False,False,False,False
low,calibrated_by_construction_T1.0,baseline,10000,D1_cost_aware_topk,641750.612,6744.841085135258,10,637570.1161841578,645931.1078158421,normal_approx_mean_pm_1.96_se,D2_cost_aware_abstention,318448.691,323301.921,1.0152402259364288,False,False,False,False
low,calibrated_by_construction_T1.0,baseline,10000,D2_cost_aware_abstention,318448.691,10154.047517755289,10,312155.1471453656,324742.2348546344,normal_approx_mean_pm_1.96_se,D2_cost_aware_abstention,318448.691,0.0,0.0,True,True,True,True
low,calibrated_by_construction_T1.0,high,500,A_fixed_threshold_fifo,370311.802,15240.433319607995,10,360865.6835636951,379757.92043630494,normal_approx_mean_pm_1.96_se,D2_cost_aware_abstention,343405.478,26906.324000000022,0.07835146997858905,False,False,False,False
low,calibrated_by_construction_T1.0,high,500,B_topk_probability,381376.04,13323.599534857936,10,373117.9874522262,389634.09254777373,normal_approx_mean_pm_1.96_se,D2_cost_aware_abstention,343405.478,37970.561999999976,0.11057063568450115,False,False,False,False
low,calibrated_by_construction_T1.0,high,500,C_expected_exposure,354916.522,11249.865455507357,10,347943.78315086925,361889.26084913075,normal_approx_mean_pm_1.96_se,D2_cost_aware_abstention,343405.478,11511.043999999994,0.033520269003979,False,False,False,False
low,calibrated_by_construction_T1.0,high,500,D1_cost_aware_topk,346725.289,10668.735192138083,10,340112.7384197713,353337.83958022867,normal_approx_mean_pm_1.96_se,D2_cost_aware_abstention,343405.478,3319.810999999987,0.009667321032077382,True,False,True,True
low,calibrated_by_construction_T1.0,high,500,D2_cost_aware_abstention,343405.478,11249.983981351372,10,336432.66568779,350378.29031221,normal_approx_mean_pm_1.96_se,D2_cost_aware_abstention,343405.478,0.0,0.0,True,True,True,True
low,calibrated_by_construction_T1.0,high,1000,A_fixed_threshold_fifo,375287.06799999997,16301.418875343204,10,365183.3439032452,385390.79209675477,normal_approx_mean_pm_1.96_se,D2_cost_aware_abstention,347578.00800000003,27709.05999999994,0.07972040624618557,False,False,False,False
low,calibrated_by_construction_T1.0,high,1000,B_topk_probability,415187.40099999995,13220.212807500877,10,406993.4282097289,423381.373790271,normal_approx_mean_pm_1.96_se,D2_cost_aware_abstention,347578.00800000003,67609.39299999992,0.1945157387518025,False,False,False,False
low,calibrated_by_construction_T1.0,high,1000,C_expected_exposure,391101.17000000004,7067.658776311847,10,386720.58970622736,395481.7502937727,normal_approx_mean_pm_1.96_se,D2_cost_aware_abstention,347578.00800000003,43523.16200000001,0.125218399893701,False,False,False,False
low,calibrated_by_construction_T1.0,high,1000,D1_cost_aware_topk,369977.538,8701.66660726784,10,364584.1891599943,375370.8868400057,normal_approx_mean_pm_1.96_se,D2_cost_aware_abstention,347578.00800000003,22399.52999999997,0.06444461238755925,False,False,False,False
low,calibrated_by_construction_T1.0,high,1000,D2_cost_aware_abstention,347578.00800000003,10154.237643093531,10,341284.34630446014,353871.6696955399,normal_approx_mean_pm_1.96_se,D2_cost_aware_abstention,347578.00800000003,0.0,0.0,True,True,True,True
low,calibrated_by_construction_T1.0,high,2000,A_fixed_threshold_fifo,369119.324,11562.097388611552,10,361953.0617937673,376285.5862062327,normal_approx_mean_pm_1.96_se,D2_cost_aware_abstention,342197.042,26922.282000000007,0.07867479462315166,False,False,False,False
low,calibrated_by_construction_T1.0,high,2000,B_topk_probability,498512.215,9213.52385457407,10,492801.6137512774,504222.81624872267,normal_approx_mean_pm_1.96_se,D2_cost_aware_abstention,342197.042,156315.173,0.4567987265068177,False,False,False,False
low,calibrated_by_construction_T1.0,high,2000,C_expected_exposure,476107.81299999997,9655.353818514994,10,470123.36270246294,482092.263297537,normal_approx_mean_pm_1.96_se,D2_cost_aware_abstention,342197.042,133910.77099999995,0.39132650071241687,False,False,False,False
low,calibrated_by_construction_T1.0,high,2000,D1_cost_aware_topk,422203.654,10401.094518318938,10,415756.98882803036,428650.3191719696,normal_approx_mean_pm_1.96_se,D2_cost_aware_abstention,342197.042,80006.61199999996,0.23380275741834133,False,False,False,False
low,calibrated_by_construction_T1.0,high,2000,D2_cost_aware_abstention,342197.042,8740.22157944242,10,336779.7965406639,347614.2874593361,normal_approx_mean_pm_1.96_se,D2_cost_aware_abstention,342197.042,0.0,0.0,True,True,True,True
low,calibrated_by_construction_T1.0,high,5000,A_fixed_threshold_fifo,366318.583,16366.973338055608,10,356174.2278263051,376462.9381736949,normal_approx_mean_pm_1.96_se,D2_cost_aware_abstention,340671.99100000004,25646.591999999946,0.07528236156050747,False,False,False,False
low,calibrated_by_construction_T1.0,high,5000,B_topk_probability,838640.75,11781.995744106078,10,831338.1933809781,845943.3066190219,normal_approx_mean_pm_1.96_se,D2_cost_aware_abstention,340671.99100000004,497968.75899999996,1.4617249793218248,False,False,False,False
low,calibrated_by_construction_T1.0,high,5000,C_expected_exposure,825054.27,7011.583291203841,10,820708.44565198,829400.09434802,normal_approx_mean_pm_1.96_se,D2_cost_aware_abstention,340671.99100000004,484382.279,1.4218435674096845,False,False,False,False
low,calibrated_by_construction_T1.0,high,5000,D1_cost_aware_topk,644610.142,9762.276325668458,10,638559.4204459378,650660.8635540622,normal_approx_mean_pm_1.96_se,D2_cost_aware_abstention,340671.99100000004,303938.15099999995,0.8921724093249566,False,False,False,False
low,calibrated_by_construction_T1.0,high,5000,D2_cost_aware_abstention,340671.99100000004,13398.497030215707,10,332367.5165036573,348976.4654963428,normal_approx_mean_pm_1.96_se,D2_cost_aware_abstention,340671.99100000004,0.0,0.0,True,True,True,True
low,calibrated_by_construction_T1.0,high,10000,A_fixed_threshold_fifo,368691.494,11436.822992831521,10,361602.8776687079,375780.1103312921,normal_approx_mean_pm_1.96_se,D2_cost_aware_abstention,343945.621,24745.87300000002,0.07194705060658418,False,False,False,False
low,calibrated_by_construction_T1.0,high,10000,B_topk_probability,1488685.909,8990.121653285716,10,1483113.7738701892,1494258.0441298108,normal_approx_mean_pm_1.96_se,D2_cost_aware_abstention,343945.621,1144740.288,3.328259521582919,False,False,False,False
low,calibrated_by_construction_T1.0,high,10000,C_expected_exposure,1490893.84,6982.245113191639,10,1486566.199643104,1495221.480356896,normal_approx_mean_pm_1.96_se,D2_cost_aware_abstention,343945.621,1146948.219,3.3346789404247135,False,False,False,False
low,calibrated_by_construction_T1.0,high,10000,D1_cost_aware_topk,1060755.098,8235.954594725152,10,1055650.4004558881,1065859.7955441119,normal_approx_mean_pm_1.96_se,D2_cost_aware_abstention,343945.621,716809.477,2.0840779275395978,False,False,False,False
low,calibrated_by_construction_T1.0,high,10000,D2_cost_aware_abstention,343945.621,5968.987134152377,10,340246.00444504013,347645.23755495984,normal_approx_mean_pm_1.96_se,D2_cost_aware_abstention,343945.621,0.0,0.0,True,True,True,True
low,calibrated_by_construction_T1.0,low,500,A_fixed_threshold_fifo,358423.33400000003,9461.092336456715,10,352559.288216472,364287.37978352804,normal_approx_mean_pm_1.96_se,D1_cost_aware_topk,313917.002,44506.33200000005,0.14177738611303398,False,False,False,False
low,calibrated_by_construction_T1.0,low,500,B_topk_probability,353294.279,10473.781688820744,10,346802.5618530004,359785.99614699953,normal_approx_mean_pm_1.96_se,D1_cost_aware_topk,313917.002,39377.277,0.1254384972751492,False,False,False,False
low,calibrated_by_construction_T1.0,low,500,C_expected_exposure,314919.718,4518.5656799765875,10,312119.0819760645,317720.3540239355,normal_approx_mean_pm_1.96_se,D1_cost_aware_topk,313917.002,1002.7160000000149,0.0031942073656781897,True,True,True,True
low,calibrated_by_construction_T1.0,low,500,D1_cost_aware_topk,313917.002,4556.610273142364,10,311092.785692921,316741.21830707893,normal_approx_mean_pm_1.96_se,D1_cost_aware_topk,313917.002,0.0,0.0,True,True,True,True
low,calibrated_by_construction_T1.0,low,500,D2_cost_aware_abstention,313917.002,4556.610273142364,10,311092.785692921,316741.21830707893,normal_approx_mean_pm_1.96_se,D1_cost_aware_topk,313917.002,0.0,0.0,True,True,True,True
low,calibrated_by_construction_T1.0,low,1000,A_fixed_threshold_fifo,365769.772,11581.184504787465,10,358591.6794765956,372947.8645234044,normal_approx_mean_pm_1.96_se,D1_cost_aware_topk,305991.41000000003,59778.361999999965,0.19535960829750076,False,False,False,False
low,calibrated_by_construction_T1.0,low,1000,B_topk_probability,356524.681,10596.924269389008,10,349956.6392908173,363092.72270918265,normal_approx_mean_pm_1.96_se,D1_cost_aware_topk,305991.41000000003,50533.27099999995,0.16514604445922174,False,False,False,False
low,calibrated_by_construction_T1.0,low,1000,C_expected_exposure,306145.10099999997,5040.948481244941,10,303020.68876141304,309269.5132385869,normal_approx_mean_pm_1.96_se,D1_cost_aware_topk,305991.41000000003,153.6909999999334,0.0005022722696690519,True,True,True,True
low,calibrated_by_construction_T1.0,low,1000,D1_cost_aware_topk,305991.41000000003,5648.946188685715,10,302490.1568781491,309492.663121851,normal_approx_mean_pm_1.96_se,D1_cost_aware_topk,305991.41000000003,0.0,0.0,True,True,True,True
low,calibrated_by_construction_T1.0,low,1000,D2_cost_aware_abstention,305991.41000000003,5648.946188685715,10,302490.1568781491,309492.663121851,normal_approx_mean_pm_1.96_se,D1_cost_aware_topk,305991.41000000003,0.0,0.0,True,True,True,True
low,calibrated_by_construction_T1.0,low,2000,A_fixed_threshold_fifo,368225.318,14012.159825285735,10,359540.49136270286,376910.1446372972,normal_approx_mean_pm_1.96_se,D2_cost_aware_abstention,306208.056,62017.262000000046,0.20253308423733976,False,False,False,False
low,calibrated_by_construction_T1.0,low,2000,B_topk_probability,361769.051,10811.550949604733,10,355067.98229621735,368470.1197037826,normal_approx_mean_pm_1.96_se,D2_cost_aware_abstention,306208.056,55560.994999999995,0.1814485083305581,False,False,False,False
low,calibrated_by_construction_T1.0,low,2000,C_expected_exposure,307286.58999999997,8237.545554538032,10,302180.9063687799,312392.27363122004,normal_approx_mean_pm_1.96_se,D2_cost_aware_abstention,306208.056,1078.533999999985,0.003522226077552921,True,True,True,True
low,calibrated_by_construction_T1.0,low,2000,D1_cost_aware_topk,306931.029,7490.210270517476,10,302288.54857674945,311573.5094232505,normal_approx_mean_pm_1.96_se,D2_cost_aware_abstention,306208.056,722.9729999999981,0.002361051532883244,True,True,True,True
low,calibrated_by_construction_T1.0,low,2000,D2_cost_aware_abstention,306208.056,8650.918548577096,10,300846.16113264405,311569.9508673559,normal_approx_mean_pm_1.96_se,D2_cost_aware_abstention,306208.056,0.0,0.0,True,True,True,True
low,calibrated_by_construction_T1.0,low,5000,A_fixed_threshold_fifo,363705.194,13824.025913011175,10,355136.97396961245,372273.4140303876,normal_approx_mean_pm_1.96_se,D2_cost_aware_abstention,303146.945,60558.24900000001,0.19976532832946745,False,False,False,False
low,calibrated_by_construction_T1.0,low,5000,B_topk_probability,413037.619,9570.31948973545,10,407105.8735254794,418969.3644745206,normal_approx_mean_pm_1.96_se,D2_cost_aware_abstention,303146.945,109890.674,0.3624996913625503,False,False,False,False
low,calibrated_by_construction_T1.0,low,5000,C_expected_exposure,357959.62,4082.8004217856883,10,355429.0740813112,360490.1659186888,normal_approx_mean_pm_1.96_se,D2_cost_aware_abstention,303146.945,54812.67499999999,0.18081222952782844,False,False,False,False
low,calibrated_by_construction_T1.0,low,5000,D1_cost_aware_topk,352796.022,3643.823853078263,10,350537.5565774371,355054.4874225629,normal_approx_mean_pm_1.96_se,D2_cost_aware_abstention,303146.945,49649.07699999999,0.16377891256664318,False,False,False,False
low,calibrated_by_construction_T1.0,low,5000,D2_cost_aware_abstention,303146.945,7416.888694709978,10,298549.9097602616,307743.9802397384,normal_approx_mean_pm_1.96_se,D2_cost_aware_abstention,303146.945,0.0,0.0,True,True,True,True
low,calibrated_by_construction_T1.0,low,10000,A_fixed_threshold_fifo,360939.105,15555.395138440084,10,351297.77120588935,370580.4387941106,normal_approx_mean_pm_1.96_se,D2_cost_aware_abstention,300189.423,60749.68199999997,0.20237116082534318,False,False,False,False
low,calibrated_by_construction_T1.0,low,10000,B_topk_probability,546846.862,7792.046256497446,10,542017.3016944316,551676.4223055684,normal_approx_mean_pm_1.96_se,D2_cost_aware_abstention,300189.423,246657.43899999995,0.8216726510047623,False,False,False,False
low,calibrated_by_construction_T1.0,low,10000,C_expected_exposure,498631.625,3426.2851877547764,10,496507.9914391059,500755.2585608941,normal_approx_mean_pm_1.96_se,D2_cost_aware_abstention,300189.423,198442.202,0.6610566089132327,False,False,False,False
low,calibrated_by_construction_T1.0,low,10000,D1_cost_aware_topk,482557.92199999996,3493.3285544617443,10,480392.73452990904,484723.1094700909,normal_approx_mean_pm_1.96_se,D2_cost_aware_abstention,300189.423,182368.49899999995,0.6075114078886116,False,False,False,False
low,calibrated_by_construction_T1.0,low,10000,D2_cost_aware_abstention,300189.423,7990.893245865775,10,295236.61605354643,305142.2299464536,normal_approx_mean_pm_1.96_se,D2_cost_aware_abstention,300189.423,0.0,0.0,True,True,True,True
low,temperature_T1.5,baseline,500,A_fixed_threshold_fifo,367393.24100000004,9682.010650569626,10,361392.26862678153,373394.21337321855,normal_approx_mean_pm_1.96_se,D1_cost_aware_topk,331688.15099999995,35705.090000000084,0.1076465646793638,False,False,False,False
low,temperature_T1.5,baseline,500,B_topk_probability,364491.51,8482.549604865279,10,359233.9712851198,369749.0487148802,normal_approx_mean_pm_1.96_se,D1_cost_aware_topk,331688.15099999995,32803.359000000055,0.09889819368313842,False,False,False,False
low,temperature_T1.5,baseline,500,C_expected_exposure,335334.81,7290.082179603867,10,330816.37025259883,339853.24974740116,normal_approx_mean_pm_1.96_se,D1_cost_aware_topk,331688.15099999995,3646.6590000000433,0.010994239586207117,False,False,False,True
low,temperature_T1.5,baseline,500,D1_cost_aware_topk,331688.15099999995,6507.497642699782,10,327654.7621738548,335721.5398261451,normal_approx_mean_pm_1.96_se,D1_cost_aware_topk,331688.15099999995,0.0,0.0,True,True,True,True
low,temperature_T1.5,baseline,500,D2_cost_aware_abstention,331688.15099999995,6507.497642699782,10,327654.7621738548,335721.5398261451,normal_approx_mean_pm_1.96_se,D1_cost_aware_topk,331688.15099999995,0.0,0.0,True,True,True,True
low,temperature_T1.5,baseline,1000,A_fixed_threshold_fifo,368483.414,12425.2397494859,10,360782.17061592103,376184.65738407895,normal_approx_mean_pm_1.96_se,D1_cost_aware_topk,333893.929,34589.484999999986,0.10359423156807378,False,False,False,False
low,temperature_T1.5,baseline,1000,B_topk_probability,373133.071,10555.371298181632,10,366590.7840891996,379675.3579108004,normal_approx_mean_pm_1.96_se,D1_cost_aware_topk,333893.929,39239.14199999999,0.11751978275711623,False,False,False,False
low,temperature_T1.5,baseline,1000,C_expected_exposure,339567.12,9578.182858699707,10,333630.50075890153,345503.73924109846,normal_approx_mean_pm_1.96_se,D1_cost_aware_topk,333893.929,5673.190999999992,0.01699099776084875,False,False,False,True
low,temperature_T1.5,baseline,1000,D1_cost_aware_topk,333893.929,7482.012102613457,10,329256.52985386003,338531.32814614,normal_approx_mean_pm_1.96_se,D1_cost_aware_topk,333893.929,0.0,0.0,True,True,True,True
low,temperature_T1.5,baseline,1000,D2_cost_aware_abstention,333893.929,7482.012102613457,10,329256.52985386003,338531.32814614,normal_approx_mean_pm_1.96_se,D1_cost_aware_topk,333893.929,0.0,0.0,True,True,True,True
low,temperature_T1.5,baseline,2000,A_fixed_threshold_fifo,356649.39900000003,9928.94978729871,10,350495.3721641436,362803.42583585647,normal_approx_mean_pm_1.96_se,D1_cost_aware_topk,342891.266,13758.13300000003,0.04012389455262483,False,False,False,False
low,temperature_T1.5,baseline,2000,B_topk_probability,385271.90099999995,10410.625639651318,10,378819.32837782544,391724.47362217447,normal_approx_mean_pm_1.96_se,D1_cost_aware_topk,342891.266,42380.63499999995,0.12359788423423987,False,False,False,False
low,temperature_T1.5,baseline,2000,C_expected_exposure,354686.446,8120.385567994472,10,349653.37888076995,359719.51311923005,normal_approx_mean_pm_1.96_se,D1_cost_aware_topk,342891.266,11795.179999999993,0.03439918472580749,False,False,False,False
low,temperature_T1.5,baseline,2000,D1_cost_aware_topk,342891.266,7083.344230123677,10,338500.96376123227,347281.56823876774,normal_approx_mean_pm_1.96_se,D1_cost_aware_topk,342891.266,0.0,0.0,True,True,True,True
low,temperature_T1.5,baseline,2000,D2_cost_aware_abstention,342891.266,7083.344230123677,10,338500.96376123227,347281.56823876774,normal_approx_mean_pm_1.96_se,D1_cost_aware_topk,342891.266,0.0,0.0,True,True,True,True
low,temperature_T1.5,baseline,5000,A_fixed_threshold_fifo,359457.202,14739.313563845199,10,350321.68080620375,368592.72319379624,normal_approx_mean_pm_1.96_se,D2_cost_aware_abstention,350393.09900000005,9064.102999999945,0.025868383326807312,False,False,False,False
low,temperature_T1.5,baseline,5000,B_topk_probability,514674.60099999997,10715.831304225077,10,508032.8599470771,521316.3420529228,normal_approx_mean_pm_1.96_se,D2_cost_aware_abstention,350393.09900000005,164281.50199999992,0.46884913678051604,False,False,False,False
low,temperature_T1.5,baseline,5000,C_expected_exposure,485275.925,5068.631725655023,10,482134.3545087627,488417.49549123726,normal_approx_mean_pm_1.96_se,D2_cost_aware_abstention,350393.09900000005,134882.82599999994,0.3849471533113725,False,False,False,False
low,temperature_T1.5,baseline,5000,D1_cost_aware_topk,451084.108,4780.224383057063,10,448121.29423168185,454046.92176831816,normal_approx_mean_pm_1.96_se,D2_cost_aware_abstention,350393.09900000005,100691.00899999996,0.28736584506762775,False,False,False,False
low,temperature_T1.5,baseline,5000,D2_cost_aware_abstention,350393.09900000005,9073.063809932064,10,344769.5557888957,356016.6422111044,normal_approx_mean_pm_1.96_se,D2_cost_aware_abstention,350393.09900000005,0.0,0.0,True,True,True,True
low,temperature_T1.5,baseline,10000,A_fixed_threshold_fifo,367682.603,17505.45627712561,10,356832.60879002314,378532.59720997687,normal_approx_mean_pm_1.96_se,D2_cost_aware_abstention,350405.098,17277.505000000005,0.049307230684183724,False,False,False,False
low,temperature_T1.5,baseline,10000,B_topk_probability,779551.1410000001,14579.412810984497,10,770514.7273196125,788587.5546803876,normal_approx_mean_pm_1.96_se,D2_cost_aware_abstention,350405.098,429146.04300000006,1.2247140394058995,False,False,False,False
low,temperature_T1.5,baseline,10000,C_expected_exposure,754494.166,3864.3962367179893,10,752098.9883976752,756889.3436023247,normal_approx_mean_pm_1.96_se,D2_cost_aware_abstention,350405.098,404089.06799999997,1.1532054479412852,False,False,False,False
low,temperature_T1.5,baseline,10000,D1_cost_aware_topk,669373.1769999999,5974.103405505093,10,665670.389347202,673075.9646527978,normal_approx_mean_pm_1.96_se,D2_cost_aware_abstention,350405.098,318968.0789999999,0.9102837853118219,False,False,False,False
low,temperature_T1.5,baseline,10000,D2_cost_aware_abstention,350405.098,6386.239926163812,10,346446.8654852073,354363.3305147927,normal_approx_mean_pm_1.96_se,D2_cost_aware_abstention,350405.098,0.0,0.0,True,True,True,True
low,temperature_T1.5,high,500,A_fixed_threshold_fifo,372582.049,11258.087930452948,10,365604.2138080982,379559.8841919018,normal_approx_mean_pm_1.96_se,D1_cost_aware_topk,355947.803,16634.245999999985,0.04673226203337455,False,False,False,False
low,temperature_T1.5,high,500,B_topk_probability,381527.27400000003,12544.24295698426,10,373752.27166374726,389302.2763362528,normal_approx_mean_pm_1.96_se,D1_cost_aware_topk,355947.803,25579.47100000002,0.0718629832363371,False,False,False,False
low,temperature_T1.5,high,500,C_expected_exposure,367538.592,12346.8557220819,10,359885.9315394407,375191.2524605593,normal_approx_mean_pm_1.96_se,D1_cost_aware_topk,355947.803,11590.78899999999,0.03256317050508664,False,False,False,False
low,temperature_T1.5,high,500,D1_cost_aware_topk,355947.803,12235.006570334745,10,348364.467361921,363531.13863807905,normal_approx_mean_pm_1.96_se,D1_cost_aware_topk,355947.803,0.0,0.0,True,True,True,True
low,temperature_T1.5,high,500,D2_cost_aware_abstention,355947.803,12235.006570334745,10,348364.467361921,363531.13863807905,normal_approx_mean_pm_1.96_se,D1_cost_aware_topk,355947.803,0.0,0.0,True,True,True,True
low,temperature_T1.5,high,1000,A_fixed_threshold_fifo,369790.581,12479.022903504416,10,362056.00247169763,377525.1595283024,normal_approx_mean_pm_1.96_se,D2_cost_aware_abstention,358886.921,10903.660000000033,0.030381881762696038,False,False,False,False
low,temperature_T1.5,high,1000,B_topk_probability,413773.858,11946.326015410941,10,406369.448423594,421178.267576406,normal_approx_mean_pm_1.96_se,D2_cost_aware_abstention,358886.921,54886.937000000034,0.15293657636523356,False,False,False,False
low,temperature_T1.5,high,1000,C_expected_exposure,403115.341,8897.179106914791,10,397600.8122572506,408629.86974274943,normal_approx_mean_pm_1.96_se,D2_cost_aware_abstention,358886.921,44228.42000000004,0.12323775933868608,False,False,False,False
low,temperature_T1.5,high,1000,D1_cost_aware_topk,375762.299,8148.036764140665,10,370712.09349183936,380812.50450816064,normal_approx_mean_pm_1.96_se,D2_cost_aware_abstention,358886.921,16875.378000000026,0.04702143492155856,False,False,False,False
low,temperature_T1.5,high,1000,D2_cost_aware_abstention,358886.921,8995.687294863332,10,353311.3362498002,364462.5057501997,normal_approx_mean_pm_1.96_se,D2_cost_aware_abstention,358886.921,0.0,0.0,True,True,True,True
low,temperature_T1.5,high,2000,A_fixed_threshold_fifo,373801.657,10397.230144954772,10,367357.38699145615,380245.92700854386,normal_approx_mean_pm_1.96_se,D2_cost_aware_abstention,362094.015,11707.641999999993,0.032333155244225704,False,False,False,False
low,temperature_T1.5,high,2000,B_topk_probability,505907.03099999996,6889.403443279873,10,501636.93450628803,510177.1274937119,normal_approx_mean_pm_1.96_se,D2_cost_aware_abstention,362094.015,143813.01599999995,0.3971703757655313,False,False,False,False
low,temperature_T1.5,high,2000,C_expected_exposure,507171.34900000005,6190.937778740153,10,503334.16601029236,511008.5319897077,normal_approx_mean_pm_1.96_se,D2_cost_aware_abstention,362094.015,145077.33400000003,0.40066206010060684,False,False,False,False
low,temperature_T1.5,high,2000,D1_cost_aware_topk,441770.08100000006,9353.243742504454,10,435972.88046754187,447567.28153245826,normal_approx_mean_pm_1.96_se,D2_cost_aware_abstention,362094.015,79676.06600000005,0.22004248261325182,False,False,False,False
low,temperature_T1.5,high,2000,D2_cost_aware_abstention,362094.015,10404.763419102534,10,355645.0758197653,368542.95418023475,normal_approx_mean_pm_1.96_se,D2_cost_aware_abstention,362094.015,0.0,0.0,True,True,True,True
low,temperature_T1.5,high,5000,A_fixed_threshold_fifo,369044.066,12325.228252410892,10,361404.81038402126,376683.3216159787,normal_approx_mean_pm_1.96_se,D2_cost_aware_abstention,357763.18,11280.885999999999,0.0315317132411446,False,False,False,False
low,temperature_T1.5,high,5000,B_topk_probability,839816.4720000001,10717.181140657405,10,833173.8943097886,846459.0496902115,normal_approx_mean_pm_1.96_se,D2_cost_aware_abstention,357763.18,482053.2920000001,1.3474088976959566,False,False,False,False
low,temperature_T1.5,high,5000,C_expected_exposure,861949.477,5684.122504964621,10,858426.4213714384,865472.5326285615,normal_approx_mean_pm_1.96_se,D2_cost_aware_abstention,357763.18,504186.29699999996,1.4092738581985993,False,False,False,False
low,temperature_T1.5,high,5000,D1_cost_aware_topk,665686.454,4324.547983781295,10,663006.0713900302,668366.8366099698,normal_approx_mean_pm_1.96_se,D2_cost_aware_abstention,357763.18,307923.27400000003,0.8606902308951974,False,False,False,False
low,temperature_T1.5,high,5000,D2_cost_aware_abstention,357763.18,8436.988750984847,10,352533.88019491907,362992.4798050809,normal_approx_mean_pm_1.96_se,D2_cost_aware_abstention,357763.18,0.0,0.0,True,True,True,True
low,temperature_T1.5,high,10000,A_fixed_threshold_fifo,368751.71400000004,11967.18447724091,10,361334.37621501146,376169.0517849886,normal_approx_mean_pm_1.96_se,D2_cost_aware_abstention,362061.16099999996,6690.553000000073,0.01847906851295788,False,False,False,True
low,temperature_T1.5,high,10000,B_topk_probability,1492240.496,10688.53344137873,10,1485615.6743377596,1498865.3176622405,normal_approx_mean_pm_1.96_se,D2_cost_aware_abstention,362061.16099999996,1130179.335,3.121514972438593,False,False,False,False
low,temperature_T1.5,high,10000,C_expected_exposure,1530272.334,4045.097693706113,10,1527765.156474279,1532779.511525721,normal_approx_mean_pm_1.96_se,D2_cost_aware_abstention,362061.16099999996,1168211.173,3.226557551142582,False,False,False,False
low,temperature_T1.5,high,10000,D1_cost_aware_topk,1093403.8800000001,6137.527432709932,10,1089599.8010857308,1097207.9589142695,normal_approx_mean_pm_1.96_se,D2_cost_aware_abstention,362061.16099999996,731342.7190000002,2.01994247872392,False,False,False,False
low,temperature_T1.5,high,10000,D2_cost_aware_abstention,362061.16099999996,11859.752432727588,10,354710.41028606414,369411.9117139358,normal_approx_mean_pm_1.96_se,D2_cost_aware_abstention,362061.16099999996,0.0,0.0,True,True,True,True
low,temperature_T1.5,low,500,A_fixed_threshold_fifo,358982.046,11673.298081506071,10,351746.8608902479,366217.231109752,normal_approx_mean_pm_1.96_se,D1_cost_aware_topk,324477.243,34504.802999999956,0.10633967017526698,False,False,False,False
low,temperature_T1.5,low,500,B_topk_probability,353599.63300000003,11584.636470718988,10,346419.40092594485,360779.8650740552,normal_approx_mean_pm_1.96_se,D1_cost_aware_topk,324477.243,29122.390000000014,0.08975171796562637,False,False,False,False
low,temperature_T1.5,low,500,C_expected_exposure,325435.436,4509.968872218763,10,322640.12833271624,328230.74366728374,normal_approx_mean_pm_1.96_se,D1_cost_aware_topk,324477.243,958.1929999999702,0.0029530360623779405,True,True,True,True
low,temperature_T1.5,low,500,D1_cost_aware_topk,324477.243,4365.362821156366,10,321771.56309173704,327182.922908263,normal_approx_mean_pm_1.96_se,D1_cost_aware_topk,324477.243,0.0,0.0,True,True,True,True
low,temperature_T1.5,low,500,D2_cost_aware_abstention,324477.243,4365.362821156366,10,321771.56309173704,327182.922908263,normal_approx_mean_pm_1.96_se,D1_cost_aware_topk,324477.243,0.0,0.0,True,True,True,True
low,temperature_T1.5,low,1000,A_fixed_threshold_fifo,351899.585,13407.848344396609,10,343589.3144990795,360209.85550092056,normal_approx_mean_pm_1.96_se,D1_cost_aware_topk,305865.775,46033.81,0.15050330492190567,False,False,False,False
low,temperature_T1.5,low,1000,B_topk_probability,343752.927,12783.307836550888,10,335829.7507162623,351676.1032837377,normal_approx_mean_pm_1.96_se,D1_cost_aware_topk,305865.775,37887.152,0.12386855639536656,False,False,False,False
low,temperature_T1.5,low,1000,C_expected_exposure,307198.829,5271.091844022554,10,303931.7724273226,310465.8855726775,normal_approx_mean_pm_1.96_se,D1_cost_aware_topk,305865.775,1333.0540000000037,0.0043582973609911195,True,True,True,True
low,temperature_T1.5,low,1000,D1_cost_aware_topk,305865.775,5142.202310176375,10,302678.60498805076,309052.9450119493,normal_approx_mean_pm_1.96_se,D1_cost_aware_topk,305865.775,0.0,0.0,True,True,True,True
low,temperature_T1.5,low,1000,D2_cost_aware_abstention,305865.775,5142.202310176375,10,302678.60498805076,309052.9450119493,normal_approx_mean_pm_1.96_se,D1_cost_aware_topk,305865.775,0.0,0.0,True,True,True,True
low,temperature_T1.5,low,2000,A_fixed_threshold_fifo,360016.522,8347.0386112638,10,354842.9738691234,365190.0701308766,normal_approx_mean_pm_1.96_se,D1_cost_aware_topk,308463.552,51552.96999999997,0.16712823821726583,False,False,False,False
low,temperature_T1.5,low,2000,B_topk_probability,357756.01,7831.388134486613,10,352902.06534582423,362609.9546541758,normal_approx_mean_pm_1.96_se,D1_cost_aware_topk,308463.552,49292.457999999984,0.15979994291189378,False,False,False,False
low,temperature_T1.5,low,2000,C_expected_exposure,310334.708,6235.46218697505,10,306469.9284961596,314199.48750384036,normal_approx_mean_pm_1.96_se,D1_cost_aware_topk,308463.552,1871.155999999959,0.006066052173321141,True,False,True,True
low,temperature_T1.5,low,2000,D1_cost_aware_topk,308463.552,5794.942073969522,10,304871.80969095323,312055.2943090468,normal_approx_mean_pm_1.96_se,D1_cost_aware_topk,308463.552,0.0,0.0,True,True,True,True
low,temperature_T1.5,low,2000,D2_cost_aware_abstention,308463.552,5794.942073969522,10,304871.80969095323,312055.2943090468,normal_approx_mean_pm_1.96_se,D1_cost_aware_topk,308463.552,0.0,0.0,True,True,True,True
low,temperature_T1.5,low,5000,A_fixed_threshold_fifo,357874.981,14437.378581419567,10,348926.6010471544,366823.36095284566,normal_approx_mean_pm_1.96_se,D2_cost_aware_abstention,340626.837,17248.14400000003,0.05063647994359302,False,False,False,False
low,temperature_T1.5,low,5000,B_topk_probability,408088.539,9410.777519224614,10,402255.67866328364,413921.39933671633,normal_approx_mean_pm_1.96_se,D2_cost_aware_abstention,340626.837,67461.70199999999,0.1980516350213474,False,False,False,False
low,temperature_T1.5,low,5000,C_expected_exposure,367510.932,4699.46270424799,10,364598.17483881017,370423.6891611898,normal_approx_mean_pm_1.96_se,D2_cost_aware_abstention,340626.837,26884.094999999972,0.07892535783961137,False,False,False,False
low,temperature_T1.5,low,5000,D1_cost_aware_topk,359529.269,4201.370740358841,10,356925.2324364729,362133.30556352704,normal_approx_mean_pm_1.96_se,D2_cost_aware_abstention,340626.837,18902.43199999997,0.055493079072920996,False,False,False,False
low,temperature_T1.5,low,5000,D2_cost_aware_abstention,340626.837,5056.897009343989,10,337492.53976128553,343761.13423871447,normal_approx_mean_pm_1.96_se,D2_cost_aware_abstention,340626.837,0.0,0.0,True,True,True,True
low,temperature_T1.5,low,10000,A_fixed_threshold_fifo,360660.59500000003,13714.112782278331,10,352160.49983383605,369160.690166164,normal_approx_mean_pm_1.96_se,D2_cost_aware_abstention,340930.683,19729.91200000001,0.05787074318564636,False,False,False,False
low,temperature_T1.5,low,10000,B_topk_probability,545414.949,12209.485716369518,10,537847.4313510881,552982.4666489119,normal_approx_mean_pm_1.96_se,D2_cost_aware_abstention,340930.683,204484.266,0.5997825252941519,False,False,False,False
low,temperature_T1.5,low,10000,C_expected_exposure,512597.05700000003,3457.661386933355,10,510453.9762693761,514740.13773062394,normal_approx_mean_pm_1.96_se,D2_cost_aware_abstention,340930.683,171666.374,0.5035228055434365,False,False,False,False
low,temperature_T1.5,low,10000,D1_cost_aware_topk,496017.475,4921.614053014296,10,492967.0270063237,499067.9229936763,normal_approx_mean_pm_1.96_se,D2_cost_aware_abstention,340930.683,155086.79199999996,0.4548924451015163,False,False,False,False
low,temperature_T1.5,low,10000,D2_cost_aware_abstention,340930.683,6489.559406941534,10,336908.41240756627,344952.95359243377,normal_approx_mean_pm_1.96_se,D2_cost_aware_abstention,340930.683,0.0,0.0,True,True,True,True
low,temperature_T2.5,baseline,500,A_fixed_threshold_fifo,365390.532,9932.376533481913,10,359234.38124485477,371546.68275514524,normal_approx_mean_pm_1.96_se,D1_cost_aware_topk,351012.266,14378.266000000003,0.04096228933492599,False,False,False,False
low,temperature_T2.5,baseline,500,B_topk_probability,364899.406,9649.447248945517,10,358918.61663221056,370880.1953677895,normal_approx_mean_pm_1.96_se,D1_cost_aware_topk,351012.266,13887.140000000014,0.0395631188569348,False,False,False,False
low,temperature_T2.5,baseline,500,C_expected_exposure,353026.792,5490.846290425955,10,349623.53021031205,356430.053789688,normal_approx_mean_pm_1.96_se,D1_cost_aware_topk,351012.266,2014.5260000000126,0.005739189752417406,True,False,True,True
low,temperature_T2.5,baseline,500,D1_cost_aware_topk,351012.266,6392.174757769945,10,347050.3550384679,354974.1769615321,normal_approx_mean_pm_1.96_se,D1_cost_aware_topk,351012.266,0.0,0.0,True,True,True,True
low,temperature_T2.5,baseline,500,D2_cost_aware_abstention,351012.266,6392.174757769945,10,347050.3550384679,354974.1769615321,normal_approx_mean_pm_1.96_se,D1_cost_aware_topk,351012.266,0.0,0.0,True,True,True,True
low,temperature_T2.5,baseline,1000,A_fixed_threshold_fifo,358759.632,8263.477258646835,10,353637.87573205563,363881.38826794433,normal_approx_mean_pm_1.96_se,D1_cost_aware_topk,348119.185,10640.446999999986,0.030565528871957993,False,False,False,False
low,temperature_T2.5,baseline,1000,B_topk_probability,364313.534,5947.718935771763,10,360627.0996109679,367999.96838903206,normal_approx_mean_pm_1.96_se,D1_cost_aware_topk,348119.185,16194.348999999987,0.04651955335354467,False,False,False,False
low,temperature_T2.5,baseline,1000,C_expected_exposure,352688.208,5643.402239427326,10,349190.3910534993,356186.02494650066,normal_approx_mean_pm_1.96_se,D1_cost_aware_topk,348119.185,4569.0229999999865,0.01312488135349388,False,False,False,True
low,temperature_T2.5,baseline,1000,D1_cost_aware_topk,348119.185,6040.83012592594,10,344375.0396974068,351863.3303025932,normal_approx_mean_pm_1.96_se,D1_cost_aware_topk,348119.185,0.0,0.0,True,True,True,True
low,temperature_T2.5,baseline,1000,D2_cost_aware_abstention,348119.185,6040.83012592594,10,344375.0396974068,351863.3303025932,normal_approx_mean_pm_1.96_se,D1_cost_aware_topk,348119.185,0.0,0.0,True,True,True,True
low,temperature_T2.5,baseline,2000,A_fixed_threshold_fifo,368740.699,14304.210004955781,10,359874.8577859744,377606.54021402565,normal_approx_mean_pm_1.96_se,A_fixed_threshold_fifo,368740.699,0.0,0.0,True,True,True,True
low,temperature_T2.5,baseline,2000,B_topk_probability,394868.185,10064.199643882093,10,388630.3294345407,401106.0405654593,normal_approx_mean_pm_1.96_se,A_fixed_threshold_fifo,368740.699,26127.485999999975,0.07085598652618483,False,False,False,False
low,temperature_T2.5,baseline,2000,C_expected_exposure,385476.15499999997,5076.045370660676,10,382329.98948398227,388622.3205160177,normal_approx_mean_pm_1.96_se,A_fixed_threshold_fifo,368740.699,16735.455999999947,0.04538543221669151,False,False,False,False
low,temperature_T2.5,baseline,2000,D1_cost_aware_topk,375166.052,5215.858735130772,10,371933.2292628872,378398.87473711284,normal_approx_mean_pm_1.96_se,A_fixed_threshold_fifo,368740.699,6425.353000000003,0.01742512561652437,False,False,False,True
low,temperature_T2.5,baseline,2000,D2_cost_aware_abstention,375166.052,5215.858735130772,10,371933.2292628872,378398.87473711284,normal_approx_mean_pm_1.96_se,A_fixed_threshold_fifo,368740.699,6425.353000000003,0.01742512561652437,False,False,False,True
low,temperature_T2.5,baseline,5000,A_fixed_threshold_fifo,350942.333,7840.802783165121,10,346082.55308611813,355802.11291388184,normal_approx_mean_pm_1.96_se,A_fixed_threshold_fifo,350942.333,0.0,0.0,True,True,True,True
low,temperature_T2.5,baseline,5000,B_topk_probability,505451.355,12355.930437629499,10,497793.069972472,513109.640027528,normal_approx_mean_pm_1.96_se,A_fixed_threshold_fifo,350942.333,154509.022,0.4402689771826416,False,False,False,False
low,temperature_T2.5,baseline,5000,C_expected_exposure,517719.732,3905.2374901230232,10,515299.2407265571,520140.22327344294,normal_approx_mean_pm_1.96_se,A_fixed_threshold_fifo,350942.333,166777.39900000003,0.4752273616417773,False,False,False,False
low,temperature_T2.5,baseline,5000,D1_cost_aware_topk,490361.88,4323.518341143017,10,487682.13556914916,493041.62443085085,normal_approx_mean_pm_1.96_se,A_fixed_threshold_fifo,350942.333,139419.54700000002,0.39727195578881624,False,False,False,False
low,temperature_T2.5,baseline,5000,D2_cost_aware_abstention,490361.88,4323.518341143017,10,487682.13556914916,493041.62443085085,normal_approx_mean_pm_1.96_se,A_fixed_threshold_fifo,350942.333,139419.54700000002,0.39727195578881624,False,False,False,False
low,temperature_T2.5,baseline,10000,A_fixed_threshold_fifo,356681.078,12312.572218203815,10,349049.6666752922,364312.48932470777,normal_approx_mean_pm_1.96_se,A_fixed_threshold_fifo,356681.078,0.0,0.0,True,True,True,True
low,temperature_T2.5,baseline,10000,B_topk_probability,768213.585,9235.118656120616,10,762489.5991546101,773937.5708453899,normal_approx_mean_pm_1.96_se,A_fixed_threshold_fifo,356681.078,411532.507,1.1537828395819754,False,False,False,False
low,temperature_T2.5,baseline,10000,C_expected_exposure,794329.139,3257.891257572219,10,792309.8770783566,796348.4009216434,normal_approx_mean_pm_1.96_se,A_fixed_threshold_fifo,356681.078,437648.061,1.2270010605945292,False,False,False,False
low,temperature_T2.5,baseline,10000,D1_cost_aware_topk,728245.412,3059.5447639143504,10,726349.0865087865,730141.7374912135,normal_approx_mean_pm_1.96_se,A_fixed_threshold_fifo,356681.078,371564.33400000003,1.0417270691326106,False,False,False,False
low,temperature_T2.5,baseline,10000,D2_cost_aware_abstention,569381.724,6768.023018126759,10,565186.8598732294,573576.5881267707,normal_approx_mean_pm_1.96_se,A_fixed_threshold_fifo,356681.078,212700.64600000007,0.5963328562105559,False,False,False,False
low,temperature_T2.5,high,500,A_fixed_threshold_fifo,374012.452,12056.702300343422,10,366539.6304934234,381485.2735065766,normal_approx_mean_pm_1.96_se,A_fixed_threshold_fifo,374012.452,0.0,0.0,True,True,True,True
low,temperature_T2.5,high,500,B_topk_probability,384128.20300000004,12333.68495742367,10,376483.70586395054,391772.70013604953,normal_approx_mean_pm_1.96_se,A_fixed_threshold_fifo,374012.452,10115.751000000047,0.02704656207542536,False,False,False,False
low,temperature_T2.5,high,500,C_expected_exposure,388699.00800000003,7866.735811416187,10,383823.154628682,393574.86137131805,normal_approx_mean_pm_1.96_se,A_fixed_threshold_fifo,374012.452,14686.55600000004,0.039267558931433764,False,False,False,False
low,temperature_T2.5,high,500,D1_cost_aware_topk,376317.609,6723.44988574475,10,372150.37158690137,380484.8464130986,normal_approx_mean_pm_1.96_se,A_fixed_threshold_fifo,374012.452,2305.1570000000065,0.006163316188200083,True,False,True,True
low,temperature_T2.5,high,500,D2_cost_aware_abstention,376317.609,6723.44988574475,10,372150.37158690137,380484.8464130986,normal_approx_mean_pm_1.96_se,A_fixed_threshold_fifo,374012.452,2305.1570000000065,0.006163316188200083,True,False,True,True
low,temperature_T2.5,high,1000,A_fixed_threshold_fifo,373410.257,12329.985744911151,10,365768.0526596199,381052.4613403801,normal_approx_mean_pm_1.96_se,A_fixed_threshold_fifo,373410.257,0.0,0.0,True,True,True,True
low,temperature_T2.5,high,1000,B_topk_probability,417101.46499999997,12658.898133388891,10,409255.39864916564,424947.5313508343,normal_approx_mean_pm_1.96_se,A_fixed_threshold_fifo,373410.257,43691.207999999984,0.11700591288256976,False,False,False,False
low,temperature_T2.5,high,1000,C_expected_exposure,434225.054,8140.306666778882,10,429179.6396558222,439270.4683441778,normal_approx_mean_pm_1.96_se,A_fixed_threshold_fifo,373410.257,60814.79700000002,0.16286322043906798,False,False,False,False
low,temperature_T2.5,high,1000,D1_cost_aware_topk,409102.473,9748.634910398781,10,403060.2064827188,415144.7395172812,normal_approx_mean_pm_1.96_se,A_fixed_threshold_fifo,373410.257,35692.216000000015,0.09558445524971215,False,False,False,False
low,temperature_T2.5,high,1000,D2_cost_aware_abstention,409102.473,9748.634910398781,10,403060.2064827188,415144.7395172812,normal_approx_mean_pm_1.96_se,A_fixed_threshold_fifo,373410.257,35692.216000000015,0.09558445524971215,False,False,False,False
low,temperature_T2.5,high,2000,A_fixed_threshold_fifo,370489.31100000005,10134.332108509452,10,364207.9868826166,376770.6351173835,normal_approx_mean_pm_1.96_se,A_fixed_threshold_fifo,370489.31100000005,0.0,0.0,True,True,True,True
low,temperature_T2.5,high,2000,B_topk_probability,502602.421,5246.790089169771,10,499350.4268110314,505854.41518896853,normal_approx_mean_pm_1.96_se,A_fixed_threshold_fifo,370489.31100000005,132113.10999999993,0.3565908815112885,False,False,False,False
low,temperature_T2.5,high,2000,C_expected_exposure,542122.172,6598.117653911788,10,538032.616308999,546211.727691001,normal_approx_mean_pm_1.96_se,A_fixed_threshold_fifo,370489.31100000005,171632.86099999998,0.4632599535374988,False,False,False,False
low,temperature_T2.5,high,2000,D1_cost_aware_topk,484361.20599999995,6161.559442958864,10,480542.2318914594,488180.1801085405,normal_approx_mean_pm_1.96_se,A_fixed_threshold_fifo,370489.31100000005,113871.8949999999,0.3073554124750441,False,False,False,False
low,temperature_T2.5,high,2000,D2_cost_aware_abstention,484361.20599999995,6161.559442958864,10,480542.2318914594,488180.1801085405,normal_approx_mean_pm_1.96_se,A_fixed_threshold_fifo,370489.31100000005,113871.8949999999,0.3073554124750441,False,False,False,False
low,temperature_T2.5,high,5000,A_fixed_threshold_fifo,365082.052,14234.148170482129,10,356259.63556087576,373904.4684391243,normal_approx_mean_pm_1.96_se,A_fixed_threshold_fifo,365082.052,0.0,0.0,True,True,True,True
low,temperature_T2.5,high,5000,B_topk_probability,837652.254,13590.205090493384,10,829228.9576168642,846075.5503831357,normal_approx_mean_pm_1.96_se,A_fixed_threshold_fifo,365082.052,472570.20199999993,1.2944218961495262,False,False,False,False
low,temperature_T2.5,high,5000,C_expected_exposure,915108.852,4812.205354223569,10,912126.2162203904,918091.4877796095,normal_approx_mean_pm_1.96_se,A_fixed_threshold_fifo,365082.052,550026.7999999999,1.5065840596294224,False,False,False,False
low,temperature_T2.5,high,5000,D1_cost_aware_topk,749629.297,4448.802299660877,10,746871.9007671622,752386.6932328378,normal_approx_mean_pm_1.96_se,A_fixed_threshold_fifo,365082.052,384547.245,1.0533173101590871,False,False,False,False
low,temperature_T2.5,high,5000,D2_cost_aware_abstention,489075.61,8177.318835164334,10,484007.2552761872,494143.96472381277,normal_approx_mean_pm_1.96_se,A_fixed_threshold_fifo,365082.052,123993.55799999996,0.33963202880211696,False,False,False,False
low,temperature_T2.5,high,10000,A_fixed_threshold_fifo,368545.61,12859.75652972914,10,360575.05032532325,376516.1696746767,normal_approx_mean_pm_1.96_se,A_fixed_threshold_fifo,368545.61,0.0,0.0,True,True,True,True
low,temperature_T2.5,high,10000,B_topk_probability,1490226.6030000001,15119.407687356379,10,1480855.497027718,1499597.7089722822,normal_approx_mean_pm_1.96_se,A_fixed_threshold_fifo,368545.61,1121680.9930000002,3.043533724360467,False,False,False,False
low,temperature_T2.5,high,10000,C_expected_exposure,1599106.8560000001,7903.995511527617,10,1594207.908827294,1604005.8031727064,normal_approx_mean_pm_1.96_se,A_fixed_threshold_fifo,368545.61,1230561.2460000003,3.3389659586502747,False,False,False,False
low,temperature_T2.5,high,10000,D1_cost_aware_topk,1210653.742,4530.056647513858,10,1207845.983800597,1213461.5001994031,normal_approx_mean_pm_1.96_se,A_fixed_threshold_fifo,368545.61,842108.1320000001,2.284949567029167,False,False,False,False
low,temperature_T2.5,high,10000,D2_cost_aware_abstention,491200.7,6592.207207176944,10,487114.8076418385,495286.5923581615,normal_approx_mean_pm_1.96_se,A_fixed_threshold_fifo,368545.61,122655.09000000003,0.3328084412672831,False,False,False,False
low,temperature_T2.5,low,500,A_fixed_threshold_fifo,364612.067,11074.101138816375,10,357748.26800300606,371475.8659969939,normal_approx_mean_pm_1.96_se,D1_cost_aware_topk,332316.895,32295.171999999962,0.09718185408539028,False,False,False,False
low,temperature_T2.5,low,500,B_topk_probability,358608.643,10647.218946934287,10,352009.42832671286,365207.8576732871,normal_approx_mean_pm_1.96_se,D1_cost_aware_topk,332316.895,26291.747999999963,0.0791164951153024,False,False,False,False
low,temperature_T2.5,low,500,C_expected_exposure,333376.03599999996,7068.806414584513,10,328994.74439265643,337757.3276073435,normal_approx_mean_pm_1.96_se,D1_cost_aware_topk,332316.895,1059.140999999945,0.0031871415986838257,True,True,True,True
low,temperature_T2.5,low,500,D1_cost_aware_topk,332316.895,6683.302987848397,10,328174.54089201655,336459.2491079835,normal_approx_mean_pm_1.96_se,D1_cost_aware_topk,332316.895,0.0,0.0,True,True,True,True
low,temperature_T2.5,low,500,D2_cost_aware_abstention,332316.895,6683.302987848397,10,328174.54089201655,336459.2491079835,normal_approx_mean_pm_1.96_se,D1_cost_aware_topk,332316.895,0.0,0.0,True,True,True,True
low,temperature_T2.5,low,1000,A_fixed_threshold_fifo,364908.309,15445.403269914203,10,355335.1488723027,374481.4691276973,normal_approx_mean_pm_1.96_se,D1_cost_aware_topk,329327.82,35580.489,0.10803973074609974,False,False,False,False
low,temperature_T2.5,low,1000,B_topk_probability,356623.586,14500.730771727953,10,347635.9399527919,365611.2320472081,normal_approx_mean_pm_1.96_se,D1_cost_aware_topk,329327.82,27295.766000000003,0.08288326810653289,False,False,False,False
low,temperature_T2.5,low,1000,C_expected_exposure,329971.048,9710.618783514832,10,323952.34412227804,335989.751877722,normal_approx_mean_pm_1.96_se,D1_cost_aware_topk,329327.82,643.2280000000028,0.0019531541550300937,True,True,True,True
low,temperature_T2.5,low,1000,D1_cost_aware_topk,329327.82,9704.445248189697,10,323312.9425191152,335342.6974808848,normal_approx_mean_pm_1.96_se,D1_cost_aware_topk,329327.82,0.0,0.0,True,True,True,True
low,temperature_T2.5,low,1000,D2_cost_aware_abstention,329327.82,9704.445248189697,10,323312.9425191152,335342.6974808848,normal_approx_mean_pm_1.96_se,D1_cost_aware_topk,329327.82,0.0,0.0,True,True,True,True
low,temperature_T2.5,low,2000,A_fixed_threshold_fifo,367115.265,8174.62304137663,10,362048.58114648756,372181.94885351247,normal_approx_mean_pm_1.96_se,D1_cost_aware_topk,336178.67000000004,30936.594999999972,0.09202426495410898,False,False,False,False
low,temperature_T2.5,low,2000,B_topk_probability,360130.82,9116.164226447194,10,354480.56287397485,365781.07712602516,normal_approx_mean_pm_1.96_se,D1_cost_aware_topk,336178.67000000004,23952.149999999965,0.07124827402047834,False,False,False,False
low,temperature_T2.5,low,2000,C_expected_exposure,338462.441,5774.725115021014,10,334883.2292919305,342041.6527080695,normal_approx_mean_pm_1.96_se,D1_cost_aware_topk,336178.67000000004,2283.7709999999497,0.006793325108936713,True,False,True,True
low,temperature_T2.5,low,2000,D1_cost_aware_topk,336178.67000000004,5801.282915103049,10,332582.99759690167,339774.3424030984,normal_approx_mean_pm_1.96_se,D1_cost_aware_topk,336178.67000000004,0.0,0.0,True,True,True,True
low,temperature_T2.5,low,2000,D2_cost_aware_abstention,336178.67000000004,5801.282915103049,10,332582.99759690167,339774.3424030984,normal_approx_mean_pm_1.96_se,D1_cost_aware_topk,336178.67000000004,0.0,0.0,True,True,True,True
low,temperature_T2.5,low,5000,A_fixed_threshold_fifo,364424.931,11778.16255518326,10,357124.7502160868,371725.11178391316,normal_approx_mean_pm_1.96_se,A_fixed_threshold_fifo,364424.931,0.0,0.0,True,True,True,True
low,temperature_T2.5,low,5000,B_topk_probability,414136.608,11219.163923280554,10,407182.89815769,421090.31784231,normal_approx_mean_pm_1.96_se,A_fixed_threshold_fifo,364424.931,49711.677000000025,0.13641129563663149,False,False,False,False
low,temperature_T2.5,low,5000,C_expected_exposure,396438.443,4985.1059013783115,10,393348.6423510016,399528.24364899844,normal_approx_mean_pm_1.96_se,A_fixed_threshold_fifo,364424.931,32013.512000000046,0.08784665723103353,False,False,False,False
low,temperature_T2.5,low,5000,D1_cost_aware_topk,390171.886,4453.785458551445,10,387411.40117328305,392932.37082671694,normal_approx_mean_pm_1.96_se,A_fixed_threshold_fifo,364424.931,25746.955000000016,0.07065091548305738,False,False,False,False
low,temperature_T2.5,low,5000,D2_cost_aware_abstention,390171.886,4453.785458551445,10,387411.40117328305,392932.37082671694,normal_approx_mean_pm_1.96_se,A_fixed_threshold_fifo,364424.931,25746.955000000016,0.07065091548305738,False,False,False,False
low,temperature_T2.5,low,10000,A_fixed_threshold_fifo,364480.277,18562.72551397082,10,352974.98052788514,375985.57347211486,normal_approx_mean_pm_1.96_se,A_fixed_threshold_fifo,364480.277,0.0,0.0,True,True,True,True
low,temperature_T2.5,low,10000,B_topk_probability,551847.7359999999,16035.205599062454,10,541909.012601344,561786.4593986558,normal_approx_mean_pm_1.96_se,A_fixed_threshold_fifo,364480.277,187367.45899999992,0.514067484095991,False,False,False,False
low,temperature_T2.5,low,10000,C_expected_exposure,541869.494,5102.1392916592595,10,538707.155304188,545031.8326958119,normal_approx_mean_pm_1.96_se,A_fixed_threshold_fifo,364480.277,177389.21699999995,0.4866908532337401,False,False,False,False
low,temperature_T2.5,low,10000,D1_cost_aware_topk,529546.981,4907.215427527672,10,526505.4573668595,532588.5046331405,normal_approx_mean_pm_1.96_se,A_fixed_threshold_fifo,364480.277,165066.70400000003,0.45288240383992034,False,False,False,False
low,temperature_T2.5,low,10000,D2_cost_aware_abstention,529546.981,4907.215427527672,10,526505.4573668595,532588.5046331405,normal_approx_mean_pm_1.96_se,A_fixed_threshold_fifo,364480.277,165066.70400000003,0.45288240383992034,False,False,False,False
